/Users/wondokyeong/Desktop/Penny_Stock/src/penny_stock_radar/providers/live_market.py:44: UserWarning: Discarding nonzero nanoseconds in conversion.
  return parsed.to_pydatetime()
/Users/wondokyeong/Desktop/Penny_Stock/src/penny_stock_radar/providers/live_market.py:44: UserWarning: Discarding nonzero nanoseconds in conversion.
  return parsed.to_pydatetime()
/Users/wondokyeong/Desktop/Penny_Stock/src/penny_stock_radar/providers/live_market.py:44: UserWarning: Discarding nonzero nanoseconds in conversion.
  return parsed.to_pydatetime()
/Users/wondokyeong/Desktop/Penny_Stock/src/penny_stock_radar/providers/live_market.py:44: UserWarning: Discarding nonzero nanoseconds in conversion.
  return parsed.to_pydatetime()
/Users/wondokyeong/Desktop/Penny_Stock/src/penny_stock_radar/providers/live_market.py:44: UserWarning: Discarding nonzero nanoseconds in conversion.
  return parsed.to_pydatetime()
/Users/wondokyeong/Desktop/Penny_Stock/src/penny_stock_radar/providers/live_market.py:44: UserWarning: Discarding nonzero nanoseconds in conversion.
  return parsed.to_pydatetime()
╭───────────────────── Traceback (most recent call last) ──────────────────────╮
│ /Users/wondokyeong/Desktop/Penny_Stock/src/penny_stock_radar/cli.py:783 in   │
│ paper_trader                                                                 │
│                                                                              │
│   780 │   try:                                                               │
│   781 │   │   while True:                                                    │
│   782 │   │   │   try:                                                       │
│ ❱ 783 │   │   │   │   result = engine.run_once(phase=phase, export_csv=True) │
│   784 │   │   │   except RuntimeError as exc:                                │
│   785 │   │   │   │   console.print(f"[yellow]{exc}[/yellow]")               │
│   786 │   │   │   │   if run_once:                                           │
│                                                                              │
│ /Users/wondokyeong/Desktop/Penny_Stock/src/penny_stock_radar/services/paper_ │
│ trading.py:1056 in run_once                                                  │
│                                                                              │
│   1053 │   │   if not rows and market_phase in {"premarket", "regular"}:     │
│   1054 │   │   │   scan_result = self.primary_engine.scanner.scan(phase=mark │
│   1055 │   │   │   rows = scan_result.activity                               │
│ ❱ 1056 │   │   return self.process_market_activity(                          │
│   1057 │   │   │   market_phase=market_phase,                                │
│   1058 │   │   │   activity=rows,                                            │
│   1059 │   │   │   export_csv=export_csv,                                    │
│                                                                              │
│ /Users/wondokyeong/Desktop/Penny_Stock/src/penny_stock_radar/services/paper_ │
│ trading.py:1069 in process_market_activity                                   │
│                                                                              │
│   1066 │   │   activity: list[MarketActivity],                               │
│   1067 │   │   export_csv: bool = True,                                      │
│   1068 │   ) -> PaperTradingStepResult:                                      │
│ ❱ 1069 │   │   primary_result = self.primary_engine.process_market_activity( │
│   1070 │   │   │   market_phase=market_phase,                                │
│   1071 │   │   │   activity=activity,                                        │
│   1072 │   │   │   export_csv=export_csv,                                    │
│                                                                              │
│ /Users/wondokyeong/Desktop/Penny_Stock/src/penny_stock_radar/services/paper_ │
│ trading.py:238 in process_market_activity                                    │
│                                                                              │
│    235 │   │   insert_paper_run_snapshot(self.settings.database_path, snapsh │
│    236 │   │                                                                 │
│    237 │   │   if export_csv:                                                │
│ ❱  238 │   │   │   self.export_run_csv(run.run_id)                           │
│    239 │   │                                                                 │
│    240 │   │   return PaperTradingStepResult(                                │
│    241 │   │   │   run_id=run.run_id,                                        │
│                                                                              │
│ /Users/wondokyeong/Desktop/Penny_Stock/src/penny_stock_radar/services/paper_ │
│ trading.py:283 in export_run_csv                                             │
│                                                                              │
│    280 │   │   │   │   self.export_dir / "paper_run_summary.csv",            │
│    281 │   │   │   │   [target_run.model_dump(mode="json")],                 │
│    282 │   │   │   )                                                         │
│ ❱  283 │   │   self._write_csv(                                              │
│    284 │   │   │   self.export_dir / "paper_positions.csv",                  │
│    285 │   │   │   [row.model_dump(mode="json") for row in positions],       │
│    286 │   │   )                                                             │
│                                                                              │
│ /Users/wondokyeong/Desktop/Penny_Stock/src/penny_stock_radar/services/paper_ │
│ trading.py:988 in _write_csv                                                 │
│                                                                              │
│    985 │   │   │   for key in row.keys():                                    │
│    986 │   │   │   │   if key not in fieldnames:                             │
│    987 │   │   │   │   │   fieldnames.append(key)                            │
│ ❱  988 │   │   with path.open("w", encoding="utf-8", newline="") as handle:  │
│    989 │   │   │   writer = csv.DictWriter(handle, fieldnames=fieldnames)    │
│    990 │   │   │   writer.writeheader()                                      │
│    991 │   │   │   for row in rows:                                          │
│                                                                              │
│ /opt/homebrew/Cellar/python@3.14/3.14.0_1/Frameworks/Python.framework/Versio │
│ ns/3.14/lib/python3.14/pathlib/__init__.py:776 in open                       │
│                                                                              │
│    773 │   │   """                                                           │
│    774 │   │   if "b" not in mode:                                           │
│    775 │   │   │   encoding = io.text_encoding(encoding)                     │
│ ❱  776 │   │   return io.open(self, mode, buffering, encoding, errors, newli │
│    777 │                                                                     │
│    778 │   def read_bytes(self):                                             │
│    779 │   │   """                                                           │
╰──────────────────────────────────────────────────────────────────────────────╯
OSError: [Errno 11] Resource deadlock avoided: 
'sample_outputs/paper_trading/paper_positions.csv'
╭───────────────────── Traceback (most recent call last) ──────────────────────╮
│ /Users/wondokyeong/Desktop/Penny_Stock/src/penny_stock_radar/cli.py:783 in   │
│ paper_trader                                                                 │
│                                                                              │
│   780 │   try:                                                               │
│   781 │   │   while True:                                                    │
│   782 │   │   │   try:                                                       │
│ ❱ 783 │   │   │   │   result = engine.run_once(phase=phase, export_csv=True) │
│   784 │   │   │   except RuntimeError as exc:                                │
│   785 │   │   │   │   console.print(f"[yellow]{exc}[/yellow]")               │
│   786 │   │   │   │   if run_once:                                           │
│                                                                              │
│ /Users/wondokyeong/Desktop/Penny_Stock/src/penny_stock_radar/services/paper_ │
│ trading.py:1056 in run_once                                                  │
│                                                                              │
│   1053 │   │   if not rows and market_phase in {"premarket", "regular"}:     │
│   1054 │   │   │   scan_result = self.primary_engine.scanner.scan(phase=mark │
│   1055 │   │   │   rows = scan_result.activity                               │
│ ❱ 1056 │   │   return self.process_market_activity(                          │
│   1057 │   │   │   market_phase=market_phase,                                │
│   1058 │   │   │   activity=rows,                                            │
│   1059 │   │   │   export_csv=export_csv,                                    │
│                                                                              │
│ /Users/wondokyeong/Desktop/Penny_Stock/src/penny_stock_radar/services/paper_ │
│ trading.py:1069 in process_market_activity                                   │
│                                                                              │
│   1066 │   │   activity: list[MarketActivity],                               │
│   1067 │   │   export_csv: bool = True,                                      │
│   1068 │   ) -> PaperTradingStepResult:                                      │
│ ❱ 1069 │   │   primary_result = self.primary_engine.process_market_activity( │
│   1070 │   │   │   market_phase=market_phase,                                │
│   1071 │   │   │   activity=activity,                                        │
│   1072 │   │   │   export_csv=export_csv,                                    │
│                                                                              │
│ /Users/wondokyeong/Desktop/Penny_Stock/src/penny_stock_radar/services/paper_ │
│ trading.py:238 in process_market_activity                                    │
│                                                                              │
│    235 │   │   insert_paper_run_snapshot(self.settings.database_path, snapsh │
│    236 │   │                                                                 │
│    237 │   │   if export_csv:                                                │
│ ❱  238 │   │   │   self.export_run_csv(run.run_id)                           │
│    239 │   │                                                                 │
│    240 │   │   return PaperTradingStepResult(                                │
│    241 │   │   │   run_id=run.run_id,                                        │
│                                                                              │
│ /Users/wondokyeong/Desktop/Penny_Stock/src/penny_stock_radar/services/paper_ │
│ trading.py:283 in export_run_csv                                             │
│                                                                              │
│    280 │   │   │   │   self.export_dir / "paper_run_summary.csv",            │
│    281 │   │   │   │   [target_run.model_dump(mode="json")],                 │
│    282 │   │   │   )                                                         │
│ ❱  283 │   │   self._write_csv(                                              │
│    284 │   │   │   self.export_dir / "paper_positions.csv",                  │
│    285 │   │   │   [row.model_dump(mode="json") for row in positions],       │
│    286 │   │   )                                                             │
│                                                                              │
│ /Users/wondokyeong/Desktop/Penny_Stock/src/penny_stock_radar/services/paper_ │
│ trading.py:988 in _write_csv                                                 │
│                                                                              │
│    985 │   │   │   for key in row.keys():                                    │
│    986 │   │   │   │   if key not in fieldnames:                             │
│    987 │   │   │   │   │   fieldnames.append(key)                            │
│ ❱  988 │   │   with path.open("w", encoding="utf-8", newline="") as handle:  │
│    989 │   │   │   writer = csv.DictWriter(handle, fieldnames=fieldnames)    │
│    990 │   │   │   writer.writeheader()                                      │
│    991 │   │   │   for row in rows:                                          │
│                                                                              │
│ /opt/homebrew/Cellar/python@3.14/3.14.0_1/Frameworks/Python.framework/Versio │
│ ns/3.14/lib/python3.14/pathlib/__init__.py:776 in open                       │
│                                                                              │
│    773 │   │   """                                                           │
│    774 │   │   if "b" not in mode:                                           │
│    775 │   │   │   encoding = io.text_encoding(encoding)                     │
│ ❱  776 │   │   return io.open(self, mode, buffering, encoding, errors, newli │
│    777 │                                                                     │
│    778 │   def read_bytes(self):                                             │
│    779 │   │   """                                                           │
╰──────────────────────────────────────────────────────────────────────────────╯
OSError: [Errno 11] Resource deadlock avoided: 
'sample_outputs/paper_trading/paper_positions.csv'
╭───────────────────── Traceback (most recent call last) ──────────────────────╮
│ /Users/wondokyeong/Desktop/Penny_Stock/src/penny_stock_radar/cli.py:783 in   │
│ paper_trader                                                                 │
│                                                                              │
│   780 │   try:                                                               │
│   781 │   │   while True:                                                    │
│   782 │   │   │   try:                                                       │
│ ❱ 783 │   │   │   │   result = engine.run_once(phase=phase, export_csv=True) │
│   784 │   │   │   except RuntimeError as exc:                                │
│   785 │   │   │   │   console.print(f"[yellow]{exc}[/yellow]")               │
│   786 │   │   │   │   if run_once:                                           │
│                                                                              │
│ /Users/wondokyeong/Desktop/Penny_Stock/src/penny_stock_radar/services/paper_ │
│ trading.py:1056 in run_once                                                  │
│                                                                              │
│   1053 │   │   if not rows and market_phase in {"premarket", "regular"}:     │
│   1054 │   │   │   scan_result = self.primary_engine.scanner.scan(phase=mark │
│   1055 │   │   │   rows = scan_result.activity                               │
│ ❱ 1056 │   │   return self.process_market_activity(                          │
│   1057 │   │   │   market_phase=market_phase,                                │
│   1058 │   │   │   activity=rows,                                            │
│   1059 │   │   │   export_csv=export_csv,                                    │
│                                                                              │
│ /Users/wondokyeong/Desktop/Penny_Stock/src/penny_stock_radar/services/paper_ │
│ trading.py:1069 in process_market_activity                                   │
│                                                                              │
│   1066 │   │   activity: list[MarketActivity],                               │
│   1067 │   │   export_csv: bool = True,                                      │
│   1068 │   ) -> PaperTradingStepResult:                                      │
│ ❱ 1069 │   │   primary_result = self.primary_engine.process_market_activity( │
│   1070 │   │   │   market_phase=market_phase,                                │
│   1071 │   │   │   activity=activity,                                        │
│   1072 │   │   │   export_csv=export_csv,                                    │
│                                                                              │
│ /Users/wondokyeong/Desktop/Penny_Stock/src/penny_stock_radar/services/paper_ │
│ trading.py:238 in process_market_activity                                    │
│                                                                              │
│    235 │   │   insert_paper_run_snapshot(self.settings.database_path, snapsh │
│    236 │   │                                                                 │
│    237 │   │   if export_csv:                                                │
│ ❱  238 │   │   │   self.export_run_csv(run.run_id)                           │
│    239 │   │                                                                 │
│    240 │   │   return PaperTradingStepResult(                                │
│    241 │   │   │   run_id=run.run_id,                                        │
│                                                                              │
│ /Users/wondokyeong/Desktop/Penny_Stock/src/penny_stock_radar/services/paper_ │
│ trading.py:283 in export_run_csv                                             │
│                                                                              │
│    280 │   │   │   │   self.export_dir / "paper_run_summary.csv",            │
│    281 │   │   │   │   [target_run.model_dump(mode="json")],                 │
│    282 │   │   │   )                                                         │
│ ❱  283 │   │   self._write_csv(                                              │
│    284 │   │   │   self.export_dir / "paper_positions.csv",                  │
│    285 │   │   │   [row.model_dump(mode="json") for row in positions],       │
│    286 │   │   )                                                             │
│                                                                              │
│ /Users/wondokyeong/Desktop/Penny_Stock/src/penny_stock_radar/services/paper_ │
│ trading.py:988 in _write_csv                                                 │
│                                                                              │
│    985 │   │   │   for key in row.keys():                                    │
│    986 │   │   │   │   if key not in fieldnames:                             │
│    987 │   │   │   │   │   fieldnames.append(key)                            │
│ ❱  988 │   │   with path.open("w", encoding="utf-8", newline="") as handle:  │
│    989 │   │   │   writer = csv.DictWriter(handle, fieldnames=fieldnames)    │
│    990 │   │   │   writer.writeheader()                                      │
│    991 │   │   │   for row in rows:                                          │
│                                                                              │
│ /opt/homebrew/Cellar/python@3.14/3.14.0_1/Frameworks/Python.framework/Versio │
│ ns/3.14/lib/python3.14/pathlib/__init__.py:776 in open                       │
│                                                                              │
│    773 │   │   """                                                           │
│    774 │   │   if "b" not in mode:                                           │
│    775 │   │   │   encoding = io.text_encoding(encoding)                     │
│ ❱  776 │   │   return io.open(self, mode, buffering, encoding, errors, newli │
│    777 │                                                                     │
│    778 │   def read_bytes(self):                                             │
│    779 │   │   """                                                           │
╰──────────────────────────────────────────────────────────────────────────────╯
OSError: [Errno 11] Resource deadlock avoided: 
'sample_outputs/paper_trading/paper_positions.csv'
╭───────────────────── Traceback (most recent call last) ──────────────────────╮
│ /Users/wondokyeong/Desktop/Penny_Stock/src/penny_stock_radar/cli.py:783 in   │
│ paper_trader                                                                 │
│                                                                              │
│   780 │   try:                                                               │
│   781 │   │   while True:                                                    │
│   782 │   │   │   try:                                                       │
│ ❱ 783 │   │   │   │   result = engine.run_once(phase=phase, export_csv=True) │
│   784 │   │   │   except RuntimeError as exc:                                │
│   785 │   │   │   │   console.print(f"[yellow]{exc}[/yellow]")               │
│   786 │   │   │   │   if run_once:                                           │
│                                                                              │
│ /Users/wondokyeong/Desktop/Penny_Stock/src/penny_stock_radar/services/paper_ │
│ trading.py:1056 in run_once                                                  │
│                                                                              │
│   1053 │   │   if not rows and market_phase in {"premarket", "regular"}:     │
│   1054 │   │   │   scan_result = self.primary_engine.scanner.scan(phase=mark │
│   1055 │   │   │   rows = scan_result.activity                               │
│ ❱ 1056 │   │   return self.process_market_activity(                          │
│   1057 │   │   │   market_phase=market_phase,                                │
│   1058 │   │   │   activity=rows,                                            │
│   1059 │   │   │   export_csv=export_csv,                                    │
│                                                                              │
│ /Users/wondokyeong/Desktop/Penny_Stock/src/penny_stock_radar/services/paper_ │
│ trading.py:1069 in process_market_activity                                   │
│                                                                              │
│   1066 │   │   activity: list[MarketActivity],                               │
│   1067 │   │   export_csv: bool = True,                                      │
│   1068 │   ) -> PaperTradingStepResult:                                      │
│ ❱ 1069 │   │   primary_result = self.primary_engine.process_market_activity( │
│   1070 │   │   │   market_phase=market_phase,                                │
│   1071 │   │   │   activity=activity,                                        │
│   1072 │   │   │   export_csv=export_csv,                                    │
│                                                                              │
│ /Users/wondokyeong/Desktop/Penny_Stock/src/penny_stock_radar/services/paper_ │
│ trading.py:238 in process_market_activity                                    │
│                                                                              │
│    235 │   │   insert_paper_run_snapshot(self.settings.database_path, snapsh │
│    236 │   │                                                                 │
│    237 │   │   if export_csv:                                                │
│ ❱  238 │   │   │   self.export_run_csv(run.run_id)                           │
│    239 │   │                                                                 │
│    240 │   │   return PaperTradingStepResult(                                │
│    241 │   │   │   run_id=run.run_id,                                        │
│                                                                              │
│ /Users/wondokyeong/Desktop/Penny_Stock/src/penny_stock_radar/services/paper_ │
│ trading.py:283 in export_run_csv                                             │
│                                                                              │
│    280 │   │   │   │   self.export_dir / "paper_run_summary.csv",            │
│    281 │   │   │   │   [target_run.model_dump(mode="json")],                 │
│    282 │   │   │   )                                                         │
│ ❱  283 │   │   self._write_csv(                                              │
│    284 │   │   │   self.export_dir / "paper_positions.csv",                  │
│    285 │   │   │   [row.model_dump(mode="json") for row in positions],       │
│    286 │   │   )                                                             │
│                                                                              │
│ /Users/wondokyeong/Desktop/Penny_Stock/src/penny_stock_radar/services/paper_ │
│ trading.py:988 in _write_csv                                                 │
│                                                                              │
│    985 │   │   │   for key in row.keys():                                    │
│    986 │   │   │   │   if key not in fieldnames:                             │
│    987 │   │   │   │   │   fieldnames.append(key)                            │
│ ❱  988 │   │   with path.open("w", encoding="utf-8", newline="") as handle:  │
│    989 │   │   │   writer = csv.DictWriter(handle, fieldnames=fieldnames)    │
│    990 │   │   │   writer.writeheader()                                      │
│    991 │   │   │   for row in rows:                                          │
│                                                                              │
│ /opt/homebrew/Cellar/python@3.14/3.14.0_1/Frameworks/Python.framework/Versio │
│ ns/3.14/lib/python3.14/pathlib/__init__.py:776 in open                       │
│                                                                              │
│    773 │   │   """                                                           │
│    774 │   │   if "b" not in mode:                                           │
│    775 │   │   │   encoding = io.text_encoding(encoding)                     │
│ ❱  776 │   │   return io.open(self, mode, buffering, encoding, errors, newli │
│    777 │                                                                     │
│    778 │   def read_bytes(self):                                             │
│    779 │   │   """                                                           │
╰──────────────────────────────────────────────────────────────────────────────╯
OSError: [Errno 11] Resource deadlock avoided: 
'sample_outputs/paper_trading/paper_positions.csv'
╭───────────────────── Traceback (most recent call last) ──────────────────────╮
│ /Users/wondokyeong/Desktop/Penny_Stock/src/penny_stock_radar/cli.py:783 in   │
│ paper_trader                                                                 │
│                                                                              │
│   780 │   try:                                                               │
│   781 │   │   while True:                                                    │
│   782 │   │   │   try:                                                       │
│ ❱ 783 │   │   │   │   result = engine.run_once(phase=phase, export_csv=True) │
│   784 │   │   │   except RuntimeError as exc:                                │
│   785 │   │   │   │   console.print(f"[yellow]{exc}[/yellow]")               │
│   786 │   │   │   │   if run_once:                                           │
│                                                                              │
│ /Users/wondokyeong/Desktop/Penny_Stock/src/penny_stock_radar/services/paper_ │
│ trading.py:1056 in run_once                                                  │
│                                                                              │
│   1053 │   │   if not rows and market_phase in {"premarket", "regular"}:     │
│   1054 │   │   │   scan_result = self.primary_engine.scanner.scan(phase=mark │
│   1055 │   │   │   rows = scan_result.activity                               │
│ ❱ 1056 │   │   return self.process_market_activity(                          │
│   1057 │   │   │   market_phase=market_phase,                                │
│   1058 │   │   │   activity=rows,                                            │
│   1059 │   │   │   export_csv=export_csv,                                    │
│                                                                              │
│ /Users/wondokyeong/Desktop/Penny_Stock/src/penny_stock_radar/services/paper_ │
│ trading.py:1069 in process_market_activity                                   │
│                                                                              │
│   1066 │   │   activity: list[MarketActivity],                               │
│   1067 │   │   export_csv: bool = True,                                      │
│   1068 │   ) -> PaperTradingStepResult:                                      │
│ ❱ 1069 │   │   primary_result = self.primary_engine.process_market_activity( │
│   1070 │   │   │   market_phase=market_phase,                                │
│   1071 │   │   │   activity=activity,                                        │
│   1072 │   │   │   export_csv=export_csv,                                    │
│                                                                              │
│ /Users/wondokyeong/Desktop/Penny_Stock/src/penny_stock_radar/services/paper_ │
│ trading.py:238 in process_market_activity                                    │
│                                                                              │
│    235 │   │   insert_paper_run_snapshot(self.settings.database_path, snapsh │
│    236 │   │                                                                 │
│    237 │   │   if export_csv:                                                │
│ ❱  238 │   │   │   self.export_run_csv(run.run_id)                           │
│    239 │   │                                                                 │
│    240 │   │   return PaperTradingStepResult(                                │
│    241 │   │   │   run_id=run.run_id,                                        │
│                                                                              │
│ /Users/wondokyeong/Desktop/Penny_Stock/src/penny_stock_radar/services/paper_ │
│ trading.py:283 in export_run_csv                                             │
│                                                                              │
│    280 │   │   │   │   self.export_dir / "paper_run_summary.csv",            │
│    281 │   │   │   │   [target_run.model_dump(mode="json")],                 │
│    282 │   │   │   )                                                         │
│ ❱  283 │   │   self._write_csv(                                              │
│    284 │   │   │   self.export_dir / "paper_positions.csv",                  │
│    285 │   │   │   [row.model_dump(mode="json") for row in positions],       │
│    286 │   │   )                                                             │
│                                                                              │
│ /Users/wondokyeong/Desktop/Penny_Stock/src/penny_stock_radar/services/paper_ │
│ trading.py:988 in _write_csv                                                 │
│                                                                              │
│    985 │   │   │   for key in row.keys():                                    │
│    986 │   │   │   │   if key not in fieldnames:                             │
│    987 │   │   │   │   │   fieldnames.append(key)                            │
│ ❱  988 │   │   with path.open("w", encoding="utf-8", newline="") as handle:  │
│    989 │   │   │   writer = csv.DictWriter(handle, fieldnames=fieldnames)    │
│    990 │   │   │   writer.writeheader()                                      │
│    991 │   │   │   for row in rows:                                          │
│                                                                              │
│ /opt/homebrew/Cellar/python@3.14/3.14.0_1/Frameworks/Python.framework/Versio │
│ ns/3.14/lib/python3.14/pathlib/__init__.py:776 in open                       │
│                                                                              │
│    773 │   │   """                                                           │
│    774 │   │   if "b" not in mode:                                           │
│    775 │   │   │   encoding = io.text_encoding(encoding)                     │
│ ❱  776 │   │   return io.open(self, mode, buffering, encoding, errors, newli │
│    777 │                                                                     │
│    778 │   def read_bytes(self):                                             │
│    779 │   │   """                                                           │
╰──────────────────────────────────────────────────────────────────────────────╯
OSError: [Errno 11] Resource deadlock avoided: 
'sample_outputs/paper_trading/paper_positions.csv'
╭───────────────────── Traceback (most recent call last) ──────────────────────╮
│ /Users/wondokyeong/Desktop/Penny_Stock/src/penny_stock_radar/cli.py:783 in   │
│ paper_trader                                                                 │
│                                                                              │
│   780 │   try:                                                               │
│   781 │   │   while True:                                                    │
│   782 │   │   │   try:                                                       │
│ ❱ 783 │   │   │   │   result = engine.run_once(phase=phase, export_csv=True) │
│   784 │   │   │   except RuntimeError as exc:                                │
│   785 │   │   │   │   console.print(f"[yellow]{exc}[/yellow]")               │
│   786 │   │   │   │   if run_once:                                           │
│                                                                              │
│ /Users/wondokyeong/Desktop/Penny_Stock/src/penny_stock_radar/services/paper_ │
│ trading.py:1056 in run_once                                                  │
│                                                                              │
│   1053 │   │   if not rows and market_phase in {"premarket", "regular"}:     │
│   1054 │   │   │   scan_result = self.primary_engine.scanner.scan(phase=mark │
│   1055 │   │   │   rows = scan_result.activity                               │
│ ❱ 1056 │   │   return self.process_market_activity(                          │
│   1057 │   │   │   market_phase=market_phase,                                │
│   1058 │   │   │   activity=rows,                                            │
│   1059 │   │   │   export_csv=export_csv,                                    │
│                                                                              │
│ /Users/wondokyeong/Desktop/Penny_Stock/src/penny_stock_radar/services/paper_ │
│ trading.py:1069 in process_market_activity                                   │
│                                                                              │
│   1066 │   │   activity: list[MarketActivity],                               │
│   1067 │   │   export_csv: bool = True,                                      │
│   1068 │   ) -> PaperTradingStepResult:                                      │
│ ❱ 1069 │   │   primary_result = self.primary_engine.process_market_activity( │
│   1070 │   │   │   market_phase=market_phase,                                │
│   1071 │   │   │   activity=activity,                                        │
│   1072 │   │   │   export_csv=export_csv,                                    │
│                                                                              │
│ /Users/wondokyeong/Desktop/Penny_Stock/src/penny_stock_radar/services/paper_ │
│ trading.py:238 in process_market_activity                                    │
│                                                                              │
│    235 │   │   insert_paper_run_snapshot(self.settings.database_path, snapsh │
│    236 │   │                                                                 │
│    237 │   │   if export_csv:                                                │
│ ❱  238 │   │   │   self.export_run_csv(run.run_id)                           │
│    239 │   │                                                                 │
│    240 │   │   return PaperTradingStepResult(                                │
│    241 │   │   │   run_id=run.run_id,                                        │
│                                                                              │
│ /Users/wondokyeong/Desktop/Penny_Stock/src/penny_stock_radar/services/paper_ │
│ trading.py:283 in export_run_csv                                             │
│                                                                              │
│    280 │   │   │   │   self.export_dir / "paper_run_summary.csv",            │
│    281 │   │   │   │   [target_run.model_dump(mode="json")],                 │
│    282 │   │   │   )                                                         │
│ ❱  283 │   │   self._write_csv(                                              │
│    284 │   │   │   self.export_dir / "paper_positions.csv",                  │
│    285 │   │   │   [row.model_dump(mode="json") for row in positions],       │
│    286 │   │   )                                                             │
│                                                                              │
│ /Users/wondokyeong/Desktop/Penny_Stock/src/penny_stock_radar/services/paper_ │
│ trading.py:988 in _write_csv                                                 │
│                                                                              │
│    985 │   │   │   for key in row.keys():                                    │
│    986 │   │   │   │   if key not in fieldnames:                             │
│    987 │   │   │   │   │   fieldnames.append(key)                            │
│ ❱  988 │   │   with path.open("w", encoding="utf-8", newline="") as handle:  │
│    989 │   │   │   writer = csv.DictWriter(handle, fieldnames=fieldnames)    │
│    990 │   │   │   writer.writeheader()                                      │
│    991 │   │   │   for row in rows:                                          │
│                                                                              │
│ /opt/homebrew/Cellar/python@3.14/3.14.0_1/Frameworks/Python.framework/Versio │
│ ns/3.14/lib/python3.14/pathlib/__init__.py:776 in open                       │
│                                                                              │
│    773 │   │   """                                                           │
│    774 │   │   if "b" not in mode:                                           │
│    775 │   │   │   encoding = io.text_encoding(encoding)                     │
│ ❱  776 │   │   return io.open(self, mode, buffering, encoding, errors, newli │
│    777 │                                                                     │
│    778 │   def read_bytes(self):                                             │
│    779 │   │   """                                                           │
╰──────────────────────────────────────────────────────────────────────────────╯
OSError: [Errno 11] Resource deadlock avoided: 
'sample_outputs/paper_trading/paper_positions.csv'
╭───────────────────── Traceback (most recent call last) ──────────────────────╮
│ /Users/wondokyeong/Desktop/Penny_Stock/src/penny_stock_radar/cli.py:783 in   │
│ paper_trader                                                                 │
│                                                                              │
│   780 │   try:                                                               │
│   781 │   │   while True:                                                    │
│   782 │   │   │   try:                                                       │
│ ❱ 783 │   │   │   │   result = engine.run_once(phase=phase, export_csv=True) │
│   784 │   │   │   except RuntimeError as exc:                                │
│   785 │   │   │   │   console.print(f"[yellow]{exc}[/yellow]")               │
│   786 │   │   │   │   if run_once:                                           │
│                                                                              │
│ /Users/wondokyeong/Desktop/Penny_Stock/src/penny_stock_radar/services/paper_ │
│ trading.py:1056 in run_once                                                  │
│                                                                              │
│   1053 │   │   if not rows and market_phase in {"premarket", "regular"}:     │
│   1054 │   │   │   scan_result = self.primary_engine.scanner.scan(phase=mark │
│   1055 │   │   │   rows = scan_result.activity                               │
│ ❱ 1056 │   │   return self.process_market_activity(                          │
│   1057 │   │   │   market_phase=market_phase,                                │
│   1058 │   │   │   activity=rows,                                            │
│   1059 │   │   │   export_csv=export_csv,                                    │
│                                                                              │
│ /Users/wondokyeong/Desktop/Penny_Stock/src/penny_stock_radar/services/paper_ │
│ trading.py:1069 in process_market_activity                                   │
│                                                                              │
│   1066 │   │   activity: list[MarketActivity],                               │
│   1067 │   │   export_csv: bool = True,                                      │
│   1068 │   ) -> PaperTradingStepResult:                                      │
│ ❱ 1069 │   │   primary_result = self.primary_engine.process_market_activity( │
│   1070 │   │   │   market_phase=market_phase,                                │
│   1071 │   │   │   activity=activity,                                        │
│   1072 │   │   │   export_csv=export_csv,                                    │
│                                                                              │
│ /Users/wondokyeong/Desktop/Penny_Stock/src/penny_stock_radar/services/paper_ │
│ trading.py:238 in process_market_activity                                    │
│                                                                              │
│    235 │   │   insert_paper_run_snapshot(self.settings.database_path, snapsh │
│    236 │   │                                                                 │
│    237 │   │   if export_csv:                                                │
│ ❱  238 │   │   │   self.export_run_csv(run.run_id)                           │
│    239 │   │                                                                 │
│    240 │   │   return PaperTradingStepResult(                                │
│    241 │   │   │   run_id=run.run_id,                                        │
│                                                                              │
│ /Users/wondokyeong/Desktop/Penny_Stock/src/penny_stock_radar/services/paper_ │
│ trading.py:283 in export_run_csv                                             │
│                                                                              │
│    280 │   │   │   │   self.export_dir / "paper_run_summary.csv",            │
│    281 │   │   │   │   [target_run.model_dump(mode="json")],                 │
│    282 │   │   │   )                                                         │
│ ❱  283 │   │   self._write_csv(                                              │
│    284 │   │   │   self.export_dir / "paper_positions.csv",                  │
│    285 │   │   │   [row.model_dump(mode="json") for row in positions],       │
│    286 │   │   )                                                             │
│                                                                              │
│ /Users/wondokyeong/Desktop/Penny_Stock/src/penny_stock_radar/services/paper_ │
│ trading.py:988 in _write_csv                                                 │
│                                                                              │
│    985 │   │   │   for key in row.keys():                                    │
│    986 │   │   │   │   if key not in fieldnames:                             │
│    987 │   │   │   │   │   fieldnames.append(key)                            │
│ ❱  988 │   │   with path.open("w", encoding="utf-8", newline="") as handle:  │
│    989 │   │   │   writer = csv.DictWriter(handle, fieldnames=fieldnames)    │
│    990 │   │   │   writer.writeheader()                                      │
│    991 │   │   │   for row in rows:                                          │
│                                                                              │
│ /opt/homebrew/Cellar/python@3.14/3.14.0_1/Frameworks/Python.framework/Versio │
│ ns/3.14/lib/python3.14/pathlib/__init__.py:776 in open                       │
│                                                                              │
│    773 │   │   """                                                           │
│    774 │   │   if "b" not in mode:                                           │
│    775 │   │   │   encoding = io.text_encoding(encoding)                     │
│ ❱  776 │   │   return io.open(self, mode, buffering, encoding, errors, newli │
│    777 │                                                                     │
│    778 │   def read_bytes(self):                                             │
│    779 │   │   """                                                           │
╰──────────────────────────────────────────────────────────────────────────────╯
OSError: [Errno 11] Resource deadlock avoided: 
'sample_outputs/paper_trading/paper_positions.csv'
╭───────────────────── Traceback (most recent call last) ──────────────────────╮
│ /Users/wondokyeong/Desktop/Penny_Stock/src/penny_stock_radar/cli.py:783 in   │
│ paper_trader                                                                 │
│                                                                              │
│   780 │   try:                                                               │
│   781 │   │   while True:                                                    │
│   782 │   │   │   try:                                                       │
│ ❱ 783 │   │   │   │   result = engine.run_once(phase=phase, export_csv=True) │
│   784 │   │   │   except RuntimeError as exc:                                │
│   785 │   │   │   │   console.print(f"[yellow]{exc}[/yellow]")               │
│   786 │   │   │   │   if run_once:                                           │
│                                                                              │
│ /Users/wondokyeong/Desktop/Penny_Stock/src/penny_stock_radar/services/paper_ │
│ trading.py:1056 in run_once                                                  │
│                                                                              │
│   1053 │   │   if not rows and market_phase in {"premarket", "regular"}:     │
│   1054 │   │   │   scan_result = self.primary_engine.scanner.scan(phase=mark │
│   1055 │   │   │   rows = scan_result.activity                               │
│ ❱ 1056 │   │   return self.process_market_activity(                          │
│   1057 │   │   │   market_phase=market_phase,                                │
│   1058 │   │   │   activity=rows,                                            │
│   1059 │   │   │   export_csv=export_csv,                                    │
│                                                                              │
│ /Users/wondokyeong/Desktop/Penny_Stock/src/penny_stock_radar/services/paper_ │
│ trading.py:1069 in process_market_activity                                   │
│                                                                              │
│   1066 │   │   activity: list[MarketActivity],                               │
│   1067 │   │   export_csv: bool = True,                                      │
│   1068 │   ) -> PaperTradingStepResult:                                      │
│ ❱ 1069 │   │   primary_result = self.primary_engine.process_market_activity( │
│   1070 │   │   │   market_phase=market_phase,                                │
│   1071 │   │   │   activity=activity,                                        │
│   1072 │   │   │   export_csv=export_csv,                                    │
│                                                                              │
│ /Users/wondokyeong/Desktop/Penny_Stock/src/penny_stock_radar/services/paper_ │
│ trading.py:238 in process_market_activity                                    │
│                                                                              │
│    235 │   │   insert_paper_run_snapshot(self.settings.database_path, snapsh │
│    236 │   │                                                                 │
│    237 │   │   if export_csv:                                                │
│ ❱  238 │   │   │   self.export_run_csv(run.run_id)                           │
│    239 │   │                                                                 │
│    240 │   │   return PaperTradingStepResult(                                │
│    241 │   │   │   run_id=run.run_id,                                        │
│                                                                              │
│ /Users/wondokyeong/Desktop/Penny_Stock/src/penny_stock_radar/services/paper_ │
│ trading.py:283 in export_run_csv                                             │
│                                                                              │
│    280 │   │   │   │   self.export_dir / "paper_run_summary.csv",            │
│    281 │   │   │   │   [target_run.model_dump(mode="json")],                 │
│    282 │   │   │   )                                                         │
│ ❱  283 │   │   self._write_csv(                                              │
│    284 │   │   │   self.export_dir / "paper_positions.csv",                  │
│    285 │   │   │   [row.model_dump(mode="json") for row in positions],       │
│    286 │   │   )                                                             │
│                                                                              │
│ /Users/wondokyeong/Desktop/Penny_Stock/src/penny_stock_radar/services/paper_ │
│ trading.py:988 in _write_csv                                                 │
│                                                                              │
│    985 │   │   │   for key in row.keys():                                    │
│    986 │   │   │   │   if key not in fieldnames:                             │
│    987 │   │   │   │   │   fieldnames.append(key)                            │
│ ❱  988 │   │   with path.open("w", encoding="utf-8", newline="") as handle:  │
│    989 │   │   │   writer = csv.DictWriter(handle, fieldnames=fieldnames)    │
│    990 │   │   │   writer.writeheader()                                      │
│    991 │   │   │   for row in rows:                                          │
│                                                                              │
│ /opt/homebrew/Cellar/python@3.14/3.14.0_1/Frameworks/Python.framework/Versio │
│ ns/3.14/lib/python3.14/pathlib/__init__.py:776 in open                       │
│                                                                              │
│    773 │   │   """                                                           │
│    774 │   │   if "b" not in mode:                                           │
│    775 │   │   │   encoding = io.text_encoding(encoding)                     │
│ ❱  776 │   │   return io.open(self, mode, buffering, encoding, errors, newli │
│    777 │                                                                     │
│    778 │   def read_bytes(self):                                             │
│    779 │   │   """                                                           │
╰──────────────────────────────────────────────────────────────────────────────╯
OSError: [Errno 11] Resource deadlock avoided: 
'sample_outputs/paper_trading/paper_positions.csv'
╭───────────────────── Traceback (most recent call last) ──────────────────────╮
│ /Users/wondokyeong/Desktop/Penny_Stock/src/penny_stock_radar/cli.py:783 in   │
│ paper_trader                                                                 │
│                                                                              │
│   780 │   try:                                                               │
│   781 │   │   while True:                                                    │
│   782 │   │   │   try:                                                       │
│ ❱ 783 │   │   │   │   result = engine.run_once(phase=phase, export_csv=True) │
│   784 │   │   │   except RuntimeError as exc:                                │
│   785 │   │   │   │   console.print(f"[yellow]{exc}[/yellow]")               │
│   786 │   │   │   │   if run_once:                                           │
│                                                                              │
│ /Users/wondokyeong/Desktop/Penny_Stock/src/penny_stock_radar/services/paper_ │
│ trading.py:1056 in run_once                                                  │
│                                                                              │
│   1053 │   │   if not rows and market_phase in {"premarket", "regular"}:     │
│   1054 │   │   │   scan_result = self.primary_engine.scanner.scan(phase=mark │
│   1055 │   │   │   rows = scan_result.activity                               │
│ ❱ 1056 │   │   return self.process_market_activity(                          │
│   1057 │   │   │   market_phase=market_phase,                                │
│   1058 │   │   │   activity=rows,                                            │
│   1059 │   │   │   export_csv=export_csv,                                    │
│                                                                              │
│ /Users/wondokyeong/Desktop/Penny_Stock/src/penny_stock_radar/services/paper_ │
│ trading.py:1069 in process_market_activity                                   │
│                                                                              │
│   1066 │   │   activity: list[MarketActivity],                               │
│   1067 │   │   export_csv: bool = True,                                      │
│   1068 │   ) -> PaperTradingStepResult:                                      │
│ ❱ 1069 │   │   primary_result = self.primary_engine.process_market_activity( │
│   1070 │   │   │   market_phase=market_phase,                                │
│   1071 │   │   │   activity=activity,                                        │
│   1072 │   │   │   export_csv=export_csv,                                    │
│                                                                              │
│ /Users/wondokyeong/Desktop/Penny_Stock/src/penny_stock_radar/services/paper_ │
│ trading.py:238 in process_market_activity                                    │
│                                                                              │
│    235 │   │   insert_paper_run_snapshot(self.settings.database_path, snapsh │
│    236 │   │                                                                 │
│    237 │   │   if export_csv:                                                │
│ ❱  238 │   │   │   self.export_run_csv(run.run_id)                           │
│    239 │   │                                                                 │
│    240 │   │   return PaperTradingStepResult(                                │
│    241 │   │   │   run_id=run.run_id,                                        │
│                                                                              │
│ /Users/wondokyeong/Desktop/Penny_Stock/src/penny_stock_radar/services/paper_ │
│ trading.py:283 in export_run_csv                                             │
│                                                                              │
│    280 │   │   │   │   self.export_dir / "paper_run_summary.csv",            │
│    281 │   │   │   │   [target_run.model_dump(mode="json")],                 │
│    282 │   │   │   )                                                         │
│ ❱  283 │   │   self._write_csv(                                              │
│    284 │   │   │   self.export_dir / "paper_positions.csv",                  │
│    285 │   │   │   [row.model_dump(mode="json") for row in positions],       │
│    286 │   │   )                                                             │
│                                                                              │
│ /Users/wondokyeong/Desktop/Penny_Stock/src/penny_stock_radar/services/paper_ │
│ trading.py:988 in _write_csv                                                 │
│                                                                              │
│    985 │   │   │   for key in row.keys():                                    │
│    986 │   │   │   │   if key not in fieldnames:                             │
│    987 │   │   │   │   │   fieldnames.append(key)                            │
│ ❱  988 │   │   with path.open("w", encoding="utf-8", newline="") as handle:  │
│    989 │   │   │   writer = csv.DictWriter(handle, fieldnames=fieldnames)    │
│    990 │   │   │   writer.writeheader()                                      │
│    991 │   │   │   for row in rows:                                          │
│                                                                              │
│ /opt/homebrew/Cellar/python@3.14/3.14.0_1/Frameworks/Python.framework/Versio │
│ ns/3.14/lib/python3.14/pathlib/__init__.py:776 in open                       │
│                                                                              │
│    773 │   │   """                                                           │
│    774 │   │   if "b" not in mode:                                           │
│    775 │   │   │   encoding = io.text_encoding(encoding)                     │
│ ❱  776 │   │   return io.open(self, mode, buffering, encoding, errors, newli │
│    777 │                                                                     │
│    778 │   def read_bytes(self):                                             │
│    779 │   │   """                                                           │
╰──────────────────────────────────────────────────────────────────────────────╯
OSError: [Errno 11] Resource deadlock avoided: 
'sample_outputs/paper_trading/paper_positions.csv'
╭───────────────────── Traceback (most recent call last) ──────────────────────╮
│ /Users/wondokyeong/Desktop/Penny_Stock/src/penny_stock_radar/cli.py:783 in   │
│ paper_trader                                                                 │
│                                                                              │
│   780 │   try:                                                               │
│   781 │   │   while True:                                                    │
│   782 │   │   │   try:                                                       │
│ ❱ 783 │   │   │   │   result = engine.run_once(phase=phase, export_csv=True) │
│   784 │   │   │   except RuntimeError as exc:                                │
│   785 │   │   │   │   console.print(f"[yellow]{exc}[/yellow]")               │
│   786 │   │   │   │   if run_once:                                           │
│                                                                              │
│ /Users/wondokyeong/Desktop/Penny_Stock/src/penny_stock_radar/services/paper_ │
│ trading.py:1056 in run_once                                                  │
│                                                                              │
│   1053 │   │   if not rows and market_phase in {"premarket", "regular"}:     │
│   1054 │   │   │   scan_result = self.primary_engine.scanner.scan(phase=mark │
│   1055 │   │   │   rows = scan_result.activity                               │
│ ❱ 1056 │   │   return self.process_market_activity(                          │
│   1057 │   │   │   market_phase=market_phase,                                │
│   1058 │   │   │   activity=rows,                                            │
│   1059 │   │   │   export_csv=export_csv,                                    │
│                                                                              │
│ /Users/wondokyeong/Desktop/Penny_Stock/src/penny_stock_radar/services/paper_ │
│ trading.py:1069 in process_market_activity                                   │
│                                                                              │
│   1066 │   │   activity: list[MarketActivity],                               │
│   1067 │   │   export_csv: bool = True,                                      │
│   1068 │   ) -> PaperTradingStepResult:                                      │
│ ❱ 1069 │   │   primary_result = self.primary_engine.process_market_activity( │
│   1070 │   │   │   market_phase=market_phase,                                │
│   1071 │   │   │   activity=activity,                                        │
│   1072 │   │   │   export_csv=export_csv,                                    │
│                                                                              │
│ /Users/wondokyeong/Desktop/Penny_Stock/src/penny_stock_radar/services/paper_ │
│ trading.py:238 in process_market_activity                                    │
│                                                                              │
│    235 │   │   insert_paper_run_snapshot(self.settings.database_path, snapsh │
│    236 │   │                                                                 │
│    237 │   │   if export_csv:                                                │
│ ❱  238 │   │   │   self.export_run_csv(run.run_id)                           │
│    239 │   │                                                                 │
│    240 │   │   return PaperTradingStepResult(                                │
│    241 │   │   │   run_id=run.run_id,                                        │
│                                                                              │
│ /Users/wondokyeong/Desktop/Penny_Stock/src/penny_stock_radar/services/paper_ │
│ trading.py:283 in export_run_csv                                             │
│                                                                              │
│    280 │   │   │   │   self.export_dir / "paper_run_summary.csv",            │
│    281 │   │   │   │   [target_run.model_dump(mode="json")],                 │
│    282 │   │   │   )                                                         │
│ ❱  283 │   │   self._write_csv(                                              │
│    284 │   │   │   self.export_dir / "paper_positions.csv",                  │
│    285 │   │   │   [row.model_dump(mode="json") for row in positions],       │
│    286 │   │   )                                                             │
│                                                                              │
│ /Users/wondokyeong/Desktop/Penny_Stock/src/penny_stock_radar/services/paper_ │
│ trading.py:988 in _write_csv                                                 │
│                                                                              │
│    985 │   │   │   for key in row.keys():                                    │
│    986 │   │   │   │   if key not in fieldnames:                             │
│    987 │   │   │   │   │   fieldnames.append(key)                            │
│ ❱  988 │   │   with path.open("w", encoding="utf-8", newline="") as handle:  │
│    989 │   │   │   writer = csv.DictWriter(handle, fieldnames=fieldnames)    │
│    990 │   │   │   writer.writeheader()                                      │
│    991 │   │   │   for row in rows:                                          │
│                                                                              │
│ /opt/homebrew/Cellar/python@3.14/3.14.0_1/Frameworks/Python.framework/Versio │
│ ns/3.14/lib/python3.14/pathlib/__init__.py:776 in open                       │
│                                                                              │
│    773 │   │   """                                                           │
│    774 │   │   if "b" not in mode:                                           │
│    775 │   │   │   encoding = io.text_encoding(encoding)                     │
│ ❱  776 │   │   return io.open(self, mode, buffering, encoding, errors, newli │
│    777 │                                                                     │
│    778 │   def read_bytes(self):                                             │
│    779 │   │   """                                                           │
╰──────────────────────────────────────────────────────────────────────────────╯
OSError: [Errno 11] Resource deadlock avoided: 
'sample_outputs/paper_trading/paper_positions.csv'
╭───────────────────── Traceback (most recent call last) ──────────────────────╮
│ /Users/wondokyeong/Desktop/Penny_Stock/src/penny_stock_radar/cli.py:783 in   │
│ paper_trader                                                                 │
│                                                                              │
│   780 │   try:                                                               │
│   781 │   │   while True:                                                    │
│   782 │   │   │   try:                                                       │
│ ❱ 783 │   │   │   │   result = engine.run_once(phase=phase, export_csv=True) │
│   784 │   │   │   except RuntimeError as exc:                                │
│   785 │   │   │   │   console.print(f"[yellow]{exc}[/yellow]")               │
│   786 │   │   │   │   if run_once:                                           │
│                                                                              │
│ /Users/wondokyeong/Desktop/Penny_Stock/src/penny_stock_radar/services/paper_ │
│ trading.py:1056 in run_once                                                  │
│                                                                              │
│   1053 │   │   if not rows and market_phase in {"premarket", "regular"}:     │
│   1054 │   │   │   scan_result = self.primary_engine.scanner.scan(phase=mark │
│   1055 │   │   │   rows = scan_result.activity                               │
│ ❱ 1056 │   │   return self.process_market_activity(                          │
│   1057 │   │   │   market_phase=market_phase,                                │
│   1058 │   │   │   activity=rows,                                            │
│   1059 │   │   │   export_csv=export_csv,                                    │
│                                                                              │
│ /Users/wondokyeong/Desktop/Penny_Stock/src/penny_stock_radar/services/paper_ │
│ trading.py:1069 in process_market_activity                                   │
│                                                                              │
│   1066 │   │   activity: list[MarketActivity],                               │
│   1067 │   │   export_csv: bool = True,                                      │
│   1068 │   ) -> PaperTradingStepResult:                                      │
│ ❱ 1069 │   │   primary_result = self.primary_engine.process_market_activity( │
│   1070 │   │   │   market_phase=market_phase,                                │
│   1071 │   │   │   activity=activity,                                        │
│   1072 │   │   │   export_csv=export_csv,                                    │
│                                                                              │
│ /Users/wondokyeong/Desktop/Penny_Stock/src/penny_stock_radar/services/paper_ │
│ trading.py:238 in process_market_activity                                    │
│                                                                              │
│    235 │   │   insert_paper_run_snapshot(self.settings.database_path, snapsh │
│    236 │   │                                                                 │
│    237 │   │   if export_csv:                                                │
│ ❱  238 │   │   │   self.export_run_csv(run.run_id)                           │
│    239 │   │                                                                 │
│    240 │   │   return PaperTradingStepResult(                                │
│    241 │   │   │   run_id=run.run_id,                                        │
│                                                                              │
│ /Users/wondokyeong/Desktop/Penny_Stock/src/penny_stock_radar/services/paper_ │
│ trading.py:283 in export_run_csv                                             │
│                                                                              │
│    280 │   │   │   │   self.export_dir / "paper_run_summary.csv",            │
│    281 │   │   │   │   [target_run.model_dump(mode="json")],                 │
│    282 │   │   │   )                                                         │
│ ❱  283 │   │   self._write_csv(                                              │
│    284 │   │   │   self.export_dir / "paper_positions.csv",                  │
│    285 │   │   │   [row.model_dump(mode="json") for row in positions],       │
│    286 │   │   )                                                             │
│                                                                              │
│ /Users/wondokyeong/Desktop/Penny_Stock/src/penny_stock_radar/services/paper_ │
│ trading.py:988 in _write_csv                                                 │
│                                                                              │
│    985 │   │   │   for key in row.keys():                                    │
│    986 │   │   │   │   if key not in fieldnames:                             │
│    987 │   │   │   │   │   fieldnames.append(key)                            │
│ ❱  988 │   │   with path.open("w", encoding="utf-8", newline="") as handle:  │
│    989 │   │   │   writer = csv.DictWriter(handle, fieldnames=fieldnames)    │
│    990 │   │   │   writer.writeheader()                                      │
│    991 │   │   │   for row in rows:                                          │
│                                                                              │
│ /opt/homebrew/Cellar/python@3.14/3.14.0_1/Frameworks/Python.framework/Versio │
│ ns/3.14/lib/python3.14/pathlib/__init__.py:776 in open                       │
│                                                                              │
│    773 │   │   """                                                           │
│    774 │   │   if "b" not in mode:                                           │
│    775 │   │   │   encoding = io.text_encoding(encoding)                     │
│ ❱  776 │   │   return io.open(self, mode, buffering, encoding, errors, newli │
│    777 │                                                                     │
│    778 │   def read_bytes(self):                                             │
│    779 │   │   """                                                           │
╰──────────────────────────────────────────────────────────────────────────────╯
OSError: [Errno 11] Resource deadlock avoided: 
'sample_outputs/paper_trading/paper_positions.csv'
╭───────────────────── Traceback (most recent call last) ──────────────────────╮
│ /Users/wondokyeong/Desktop/Penny_Stock/src/penny_stock_radar/cli.py:783 in   │
│ paper_trader                                                                 │
│                                                                              │
│   780 │   try:                                                               │
│   781 │   │   while True:                                                    │
│   782 │   │   │   try:                                                       │
│ ❱ 783 │   │   │   │   result = engine.run_once(phase=phase, export_csv=True) │
│   784 │   │   │   except RuntimeError as exc:                                │
│   785 │   │   │   │   console.print(f"[yellow]{exc}[/yellow]")               │
│   786 │   │   │   │   if run_once:                                           │
│                                                                              │
│ /Users/wondokyeong/Desktop/Penny_Stock/src/penny_stock_radar/services/paper_ │
│ trading.py:1056 in run_once                                                  │
│                                                                              │
│   1053 │   │   if not rows and market_phase in {"premarket", "regular"}:     │
│   1054 │   │   │   scan_result = self.primary_engine.scanner.scan(phase=mark │
│   1055 │   │   │   rows = scan_result.activity                               │
│ ❱ 1056 │   │   return self.process_market_activity(                          │
│   1057 │   │   │   market_phase=market_phase,                                │
│   1058 │   │   │   activity=rows,                                            │
│   1059 │   │   │   export_csv=export_csv,                                    │
│                                                                              │
│ /Users/wondokyeong/Desktop/Penny_Stock/src/penny_stock_radar/services/paper_ │
│ trading.py:1069 in process_market_activity                                   │
│                                                                              │
│   1066 │   │   activity: list[MarketActivity],                               │
│   1067 │   │   export_csv: bool = True,                                      │
│   1068 │   ) -> PaperTradingStepResult:                                      │
│ ❱ 1069 │   │   primary_result = self.primary_engine.process_market_activity( │
│   1070 │   │   │   market_phase=market_phase,                                │
│   1071 │   │   │   activity=activity,                                        │
│   1072 │   │   │   export_csv=export_csv,                                    │
│                                                                              │
│ /Users/wondokyeong/Desktop/Penny_Stock/src/penny_stock_radar/services/paper_ │
│ trading.py:238 in process_market_activity                                    │
│                                                                              │
│    235 │   │   insert_paper_run_snapshot(self.settings.database_path, snapsh │
│    236 │   │                                                                 │
│    237 │   │   if export_csv:                                                │
│ ❱  238 │   │   │   self.export_run_csv(run.run_id)                           │
│    239 │   │                                                                 │
│    240 │   │   return PaperTradingStepResult(                                │
│    241 │   │   │   run_id=run.run_id,                                        │
│                                                                              │
│ /Users/wondokyeong/Desktop/Penny_Stock/src/penny_stock_radar/services/paper_ │
│ trading.py:283 in export_run_csv                                             │
│                                                                              │
│    280 │   │   │   │   self.export_dir / "paper_run_summary.csv",            │
│    281 │   │   │   │   [target_run.model_dump(mode="json")],                 │
│    282 │   │   │   )                                                         │
│ ❱  283 │   │   self._write_csv(                                              │
│    284 │   │   │   self.export_dir / "paper_positions.csv",                  │
│    285 │   │   │   [row.model_dump(mode="json") for row in positions],       │
│    286 │   │   )                                                             │
│                                                                              │
│ /Users/wondokyeong/Desktop/Penny_Stock/src/penny_stock_radar/services/paper_ │
│ trading.py:988 in _write_csv                                                 │
│                                                                              │
│    985 │   │   │   for key in row.keys():                                    │
│    986 │   │   │   │   if key not in fieldnames:                             │
│    987 │   │   │   │   │   fieldnames.append(key)                            │
│ ❱  988 │   │   with path.open("w", encoding="utf-8", newline="") as handle:  │
│    989 │   │   │   writer = csv.DictWriter(handle, fieldnames=fieldnames)    │
│    990 │   │   │   writer.writeheader()                                      │
│    991 │   │   │   for row in rows:                                          │
│                                                                              │
│ /opt/homebrew/Cellar/python@3.14/3.14.0_1/Frameworks/Python.framework/Versio │
│ ns/3.14/lib/python3.14/pathlib/__init__.py:776 in open                       │
│                                                                              │
│    773 │   │   """                                                           │
│    774 │   │   if "b" not in mode:                                           │
│    775 │   │   │   encoding = io.text_encoding(encoding)                     │
│ ❱  776 │   │   return io.open(self, mode, buffering, encoding, errors, newli │
│    777 │                                                                     │
│    778 │   def read_bytes(self):                                             │
│    779 │   │   """                                                           │
╰──────────────────────────────────────────────────────────────────────────────╯
OSError: [Errno 11] Resource deadlock avoided: 
'sample_outputs/paper_trading/paper_positions.csv'
/Users/wondokyeong/Desktop/Penny_Stock/src/penny_stock_radar/providers/live_market.py:44: UserWarning: Discarding nonzero nanoseconds in conversion.
  return parsed.to_pydatetime()
Error in sys.excepthook:
Traceback (most recent call last):
  File "/Users/wondokyeong/Desktop/Penny_Stock/.venv/lib/python3.14/site-packages/typer/main.py", line 80, in except_hook
  File "/Users/wondokyeong/Desktop/Penny_Stock/.venv/lib/python3.14/site-packages/typer/rich_utils.py", line 18, in <module>
    from rich.markdown import Markdown
  File "<frozen importlib._bootstrap>", line 1371, in _find_and_load
  File "<frozen importlib._bootstrap>", line 1342, in _find_and_load_unlocked
  File "<frozen importlib._bootstrap>", line 938, in _load_unlocked
  File "<frozen importlib._bootstrap_external>", line 758, in exec_module
  File "<frozen importlib._bootstrap_external>", line 895, in get_code
  File "<frozen importlib._bootstrap_external>", line 954, in get_data
OSError: [Errno 11] Resource deadlock avoided

Original exception was:
Traceback (most recent call last):
  File "<frozen runpy>", line 198, in _run_module_as_main
  File "<frozen runpy>", line 88, in _run_code
  File "/Users/wondokyeong/Desktop/Penny_Stock/src/penny_stock_radar/__main__.py", line 5, in <module>
    app()
    ~~~^^
  File "/Users/wondokyeong/Desktop/Penny_Stock/.venv/lib/python3.14/site-packages/typer/main.py", line 1152, in __call__
  File "/Users/wondokyeong/Desktop/Penny_Stock/.venv/lib/python3.14/site-packages/typer/main.py", line 1135, in __call__
  File "/Users/wondokyeong/Desktop/Penny_Stock/.venv/lib/python3.14/site-packages/click/core.py", line 1485, in __call__
    return self.main(*args, **kwargs)
           ~~~~~~~~~^^^^^^^^^^^^^^^^^
  File "/Users/wondokyeong/Desktop/Penny_Stock/.venv/lib/python3.14/site-packages/typer/core.py", line 795, in main
    return _main(
        self,
    ...<6 lines>...
        **extra,
    )
  File "/Users/wondokyeong/Desktop/Penny_Stock/.venv/lib/python3.14/site-packages/typer/core.py", line 188, in _main
    rv = self.invoke(ctx)
  File "/Users/wondokyeong/Desktop/Penny_Stock/.venv/lib/python3.14/site-packages/click/core.py", line 1873, in invoke
    return _process_result(sub_ctx.command.invoke(sub_ctx))
                           ~~~~~~~~~~~~~~~~~~~~~~^^^^^^^^^
  File "/Users/wondokyeong/Desktop/Penny_Stock/.venv/lib/python3.14/site-packages/click/core.py", line 1269, in invoke
    return ctx.invoke(self.callback, **ctx.params)
           ~~~~~~~~~~^^^^^^^^^^^^^^^^^^^^^^^^^^^^^
  File "/Users/wondokyeong/Desktop/Penny_Stock/.venv/lib/python3.14/site-packages/click/core.py", line 824, in invoke
    return callback(*args, **kwargs)
  File "/Users/wondokyeong/Desktop/Penny_Stock/.venv/lib/python3.14/site-packages/typer/main.py", line 1514, in wrapper
  File "/Users/wondokyeong/Desktop/Penny_Stock/src/penny_stock_radar/cli.py", line 783, in paper_trader
  File "/Users/wondokyeong/Desktop/Penny_Stock/src/penny_stock_radar/services/paper_trading.py", line 1056, in run_once
    return self.process_market_activity(
           ~~~~~~~~~~~~~~~~~~~~~~~~~~~~^
        market_phase=market_phase,
        ^^^^^^^^^^^^^^^^^^^^^^^^^^
        activity=rows,
        ^^^^^^^^^^^^^^
        export_csv=export_csv,
        ^^^^^^^^^^^^^^^^^^^^^^
    )
    ^
  File "/Users/wondokyeong/Desktop/Penny_Stock/src/penny_stock_radar/services/paper_trading.py", line 1075, in process_market_activity
    engine.process_market_activity(
    ~~~~~~~~~~~~~~~~~~~~~~~~~~~~~~^
        market_phase=market_phase,
        ^^^^^^^^^^^^^^^^^^^^^^^^^^
        activity=activity,
        ^^^^^^^^^^^^^^^^^^
        export_csv=False,
        ^^^^^^^^^^^^^^^^^
    )
    ^
  File "/Users/wondokyeong/Desktop/Penny_Stock/src/penny_stock_radar/services/paper_trading.py", line 209, in process_market_activity
    upsert_paper_positions(self.settings.database_path, positions)
    ~~~~~~~~~~~~~~~~~~~~~~^^^^^^^^^^^^^^^^^^^^^^^^^^^^^^^^^^^^^^^^
  File "/Users/wondokyeong/Desktop/Penny_Stock/src/penny_stock_radar/db.py", line 1453, in upsert_paper_positions
sqlite3.OperationalError: disk I/O error
Fatal Python error: init_import_site: Failed to import the site module
Python runtime state: initialized
Traceback (most recent call last):
  File "<frozen importlib._bootstrap>", line 1371, in _find_and_load
  File "<frozen importlib._bootstrap>", line 1342, in _find_and_load_unlocked
  File "<frozen importlib._bootstrap>", line 938, in _load_unlocked
  File "<frozen importlib._bootstrap>", line 1179, in exec_module
  File "<frozen site>", line 722, in <module>
  File "<frozen site>", line 705, in main
  File "<frozen site>", line 624, in venv
OSError: [Errno 11] Resource deadlock avoided
Fatal Python error: init_import_site: Failed to import the site module
Python runtime state: initialized
Traceback (most recent call last):
  File "<frozen importlib._bootstrap>", line 1371, in _find_and_load
  File "<frozen importlib._bootstrap>", line 1342, in _find_and_load_unlocked
  File "<frozen importlib._bootstrap>", line 938, in _load_unlocked
  File "<frozen importlib._bootstrap>", line 1179, in exec_module
  File "<frozen site>", line 722, in <module>
  File "<frozen site>", line 705, in main
  File "<frozen site>", line 624, in venv
OSError: [Errno 11] Resource deadlock avoided
Fatal Python error: init_import_site: Failed to import the site module
Python runtime state: initialized
Traceback (most recent call last):
  File "<frozen importlib._bootstrap>", line 1371, in _find_and_load
  File "<frozen importlib._bootstrap>", line 1342, in _find_and_load_unlocked
  File "<frozen importlib._bootstrap>", line 938, in _load_unlocked
  File "<frozen importlib._bootstrap>", line 1179, in exec_module
  File "<frozen site>", line 722, in <module>
  File "<frozen site>", line 705, in main
  File "<frozen site>", line 624, in venv
OSError: [Errno 11] Resource deadlock avoided
Fatal Python error: init_import_site: Failed to import the site module
Python runtime state: initialized
Traceback (most recent call last):
  File "<frozen importlib._bootstrap>", line 1371, in _find_and_load
  File "<frozen importlib._bootstrap>", line 1342, in _find_and_load_unlocked
  File "<frozen importlib._bootstrap>", line 938, in _load_unlocked
  File "<frozen importlib._bootstrap>", line 1179, in exec_module
  File "<frozen site>", line 722, in <module>
  File "<frozen site>", line 705, in main
  File "<frozen site>", line 624, in venv
OSError: [Errno 11] Resource deadlock avoided
Fatal Python error: init_import_site: Failed to import the site module
Python runtime state: initialized
Traceback (most recent call last):
  File "<frozen importlib._bootstrap>", line 1371, in _find_and_load
  File "<frozen importlib._bootstrap>", line 1342, in _find_and_load_unlocked
  File "<frozen importlib._bootstrap>", line 938, in _load_unlocked
  File "<frozen importlib._bootstrap>", line 1179, in exec_module
  File "<frozen site>", line 722, in <module>
  File "<frozen site>", line 705, in main
  File "<frozen site>", line 624, in venv
OSError: [Errno 11] Resource deadlock avoided
Fatal Python error: init_import_site: Failed to import the site module
Python runtime state: initialized
Traceback (most recent call last):
  File "<frozen importlib._bootstrap>", line 1371, in _find_and_load
  File "<frozen importlib._bootstrap>", line 1342, in _find_and_load_unlocked
  File "<frozen importlib._bootstrap>", line 938, in _load_unlocked
  File "<frozen importlib._bootstrap>", line 1179, in exec_module
  File "<frozen site>", line 722, in <module>
  File "<frozen site>", line 705, in main
  File "<frozen site>", line 624, in venv
OSError: [Errno 11] Resource deadlock avoided
Fatal Python error: init_import_site: Failed to import the site module
Python runtime state: initialized
Traceback (most recent call last):
  File "<frozen importlib._bootstrap>", line 1371, in _find_and_load
  File "<frozen importlib._bootstrap>", line 1342, in _find_and_load_unlocked
  File "<frozen importlib._bootstrap>", line 938, in _load_unlocked
  File "<frozen importlib._bootstrap>", line 1179, in exec_module
  File "<frozen site>", line 722, in <module>
  File "<frozen site>", line 705, in main
  File "<frozen site>", line 624, in venv
OSError: [Errno 11] Resource deadlock avoided
Fatal Python error: init_import_site: Failed to import the site module
Python runtime state: initialized
Traceback (most recent call last):
  File "<frozen importlib._bootstrap>", line 1371, in _find_and_load
  File "<frozen importlib._bootstrap>", line 1342, in _find_and_load_unlocked
  File "<frozen importlib._bootstrap>", line 938, in _load_unlocked
  File "<frozen importlib._bootstrap>", line 1179, in exec_module
  File "<frozen site>", line 722, in <module>
  File "<frozen site>", line 705, in main
  File "<frozen site>", line 624, in venv
OSError: [Errno 11] Resource deadlock avoided
Fatal Python error: init_import_site: Failed to import the site module
Python runtime state: initialized
Traceback (most recent call last):
  File "<frozen importlib._bootstrap>", line 1371, in _find_and_load
  File "<frozen importlib._bootstrap>", line 1342, in _find_and_load_unlocked
  File "<frozen importlib._bootstrap>", line 938, in _load_unlocked
  File "<frozen importlib._bootstrap>", line 1179, in exec_module
  File "<frozen site>", line 722, in <module>
  File "<frozen site>", line 705, in main
  File "<frozen site>", line 624, in venv
OSError: [Errno 11] Resource deadlock avoided
Fatal Python error: init_import_site: Failed to import the site module
Python runtime state: initialized
Traceback (most recent call last):
  File "<frozen importlib._bootstrap>", line 1371, in _find_and_load
  File "<frozen importlib._bootstrap>", line 1342, in _find_and_load_unlocked
  File "<frozen importlib._bootstrap>", line 938, in _load_unlocked
  File "<frozen importlib._bootstrap>", line 1179, in exec_module
  File "<frozen site>", line 722, in <module>
  File "<frozen site>", line 705, in main
  File "<frozen site>", line 624, in venv
OSError: [Errno 11] Resource deadlock avoided
Fatal Python error: init_import_site: Failed to import the site module
Python runtime state: initialized
Traceback (most recent call last):
  File "<frozen importlib._bootstrap>", line 1371, in _find_and_load
  File "<frozen importlib._bootstrap>", line 1342, in _find_and_load_unlocked
  File "<frozen importlib._bootstrap>", line 938, in _load_unlocked
  File "<frozen importlib._bootstrap>", line 1179, in exec_module
  File "<frozen site>", line 722, in <module>
  File "<frozen site>", line 705, in main
  File "<frozen site>", line 624, in venv
OSError: [Errno 11] Resource deadlock avoided
Fatal Python error: init_import_site: Failed to import the site module
Python runtime state: initialized
Traceback (most recent call last):
  File "<frozen importlib._bootstrap>", line 1371, in _find_and_load
  File "<frozen importlib._bootstrap>", line 1342, in _find_and_load_unlocked
  File "<frozen importlib._bootstrap>", line 938, in _load_unlocked
  File "<frozen importlib._bootstrap>", line 1179, in exec_module
  File "<frozen site>", line 722, in <module>
  File "<frozen site>", line 705, in main
  File "<frozen site>", line 624, in venv
OSError: [Errno 11] Resource deadlock avoided
Fatal Python error: init_import_site: Failed to import the site module
Python runtime state: initialized
Traceback (most recent call last):
  File "<frozen importlib._bootstrap>", line 1371, in _find_and_load
  File "<frozen importlib._bootstrap>", line 1342, in _find_and_load_unlocked
  File "<frozen importlib._bootstrap>", line 938, in _load_unlocked
  File "<frozen importlib._bootstrap>", line 1179, in exec_module
  File "<frozen site>", line 722, in <module>
  File "<frozen site>", line 705, in main
  File "<frozen site>", line 624, in venv
OSError: [Errno 11] Resource deadlock avoided
Fatal Python error: init_import_site: Failed to import the site module
Python runtime state: initialized
Traceback (most recent call last):
  File "<frozen importlib._bootstrap>", line 1371, in _find_and_load
  File "<frozen importlib._bootstrap>", line 1342, in _find_and_load_unlocked
  File "<frozen importlib._bootstrap>", line 938, in _load_unlocked
  File "<frozen importlib._bootstrap>", line 1179, in exec_module
  File "<frozen site>", line 722, in <module>
  File "<frozen site>", line 705, in main
  File "<frozen site>", line 624, in venv
OSError: [Errno 11] Resource deadlock avoided
Fatal Python error: init_import_site: Failed to import the site module
Python runtime state: initialized
Traceback (most recent call last):
  File "<frozen importlib._bootstrap>", line 1371, in _find_and_load
  File "<frozen importlib._bootstrap>", line 1342, in _find_and_load_unlocked
  File "<frozen importlib._bootstrap>", line 938, in _load_unlocked
  File "<frozen importlib._bootstrap>", line 1179, in exec_module
  File "<frozen site>", line 722, in <module>
  File "<frozen site>", line 705, in main
  File "<frozen site>", line 624, in venv
OSError: [Errno 11] Resource deadlock avoided
Fatal Python error: init_import_site: Failed to import the site module
Python runtime state: initialized
Traceback (most recent call last):
  File "<frozen importlib._bootstrap>", line 1371, in _find_and_load
  File "<frozen importlib._bootstrap>", line 1342, in _find_and_load_unlocked
  File "<frozen importlib._bootstrap>", line 938, in _load_unlocked
  File "<frozen importlib._bootstrap>", line 1179, in exec_module
  File "<frozen site>", line 722, in <module>
  File "<frozen site>", line 705, in main
  File "<frozen site>", line 624, in venv
OSError: [Errno 11] Resource deadlock avoided
Fatal Python error: init_import_site: Failed to import the site module
Python runtime state: initialized
Traceback (most recent call last):
  File "<frozen importlib._bootstrap>", line 1371, in _find_and_load
  File "<frozen importlib._bootstrap>", line 1342, in _find_and_load_unlocked
  File "<frozen importlib._bootstrap>", line 938, in _load_unlocked
  File "<frozen importlib._bootstrap>", line 1179, in exec_module
  File "<frozen site>", line 722, in <module>
  File "<frozen site>", line 705, in main
  File "<frozen site>", line 624, in venv
OSError: [Errno 11] Resource deadlock avoided
Fatal Python error: init_import_site: Failed to import the site module
Python runtime state: initialized
Traceback (most recent call last):
  File "<frozen importlib._bootstrap>", line 1371, in _find_and_load
  File "<frozen importlib._bootstrap>", line 1342, in _find_and_load_unlocked
  File "<frozen importlib._bootstrap>", line 938, in _load_unlocked
  File "<frozen importlib._bootstrap>", line 1179, in exec_module
  File "<frozen site>", line 722, in <module>
  File "<frozen site>", line 705, in main
  File "<frozen site>", line 624, in venv
OSError: [Errno 11] Resource deadlock avoided
Fatal Python error: init_import_site: Failed to import the site module
Python runtime state: initialized
Traceback (most recent call last):
  File "<frozen importlib._bootstrap>", line 1371, in _find_and_load
  File "<frozen importlib._bootstrap>", line 1342, in _find_and_load_unlocked
  File "<frozen importlib._bootstrap>", line 938, in _load_unlocked
  File "<frozen importlib._bootstrap>", line 1179, in exec_module
  File "<frozen site>", line 722, in <module>
  File "<frozen site>", line 705, in main
  File "<frozen site>", line 624, in venv
OSError: [Errno 11] Resource deadlock avoided
Fatal Python error: init_import_site: Failed to import the site module
Python runtime state: initialized
Traceback (most recent call last):
  File "<frozen importlib._bootstrap>", line 1371, in _find_and_load
  File "<frozen importlib._bootstrap>", line 1342, in _find_and_load_unlocked
  File "<frozen importlib._bootstrap>", line 938, in _load_unlocked
  File "<frozen importlib._bootstrap>", line 1179, in exec_module
  File "<frozen site>", line 722, in <module>
  File "<frozen site>", line 705, in main
  File "<frozen site>", line 624, in venv
OSError: [Errno 11] Resource deadlock avoided
Fatal Python error: init_import_site: Failed to import the site module
Python runtime state: initialized
Traceback (most recent call last):
  File "<frozen importlib._bootstrap>", line 1371, in _find_and_load
  File "<frozen importlib._bootstrap>", line 1342, in _find_and_load_unlocked
  File "<frozen importlib._bootstrap>", line 938, in _load_unlocked
  File "<frozen importlib._bootstrap>", line 1179, in exec_module
  File "<frozen site>", line 722, in <module>
  File "<frozen site>", line 705, in main
  File "<frozen site>", line 624, in venv
OSError: [Errno 11] Resource deadlock avoided
Fatal Python error: init_import_site: Failed to import the site module
Python runtime state: initialized
Traceback (most recent call last):
  File "<frozen importlib._bootstrap>", line 1371, in _find_and_load
  File "<frozen importlib._bootstrap>", line 1342, in _find_and_load_unlocked
  File "<frozen importlib._bootstrap>", line 938, in _load_unlocked
  File "<frozen importlib._bootstrap>", line 1179, in exec_module
  File "<frozen site>", line 722, in <module>
  File "<frozen site>", line 705, in main
  File "<frozen site>", line 624, in venv
OSError: [Errno 11] Resource deadlock avoided
Fatal Python error: init_import_site: Failed to import the site module
Python runtime state: initialized
Traceback (most recent call last):
  File "<frozen importlib._bootstrap>", line 1371, in _find_and_load
  File "<frozen importlib._bootstrap>", line 1342, in _find_and_load_unlocked
  File "<frozen importlib._bootstrap>", line 938, in _load_unlocked
  File "<frozen importlib._bootstrap>", line 1179, in exec_module
  File "<frozen site>", line 722, in <module>
  File "<frozen site>", line 705, in main
  File "<frozen site>", line 624, in venv
OSError: [Errno 11] Resource deadlock avoided
Fatal Python error: init_import_site: Failed to import the site module
Python runtime state: initialized
Traceback (most recent call last):
  File "<frozen importlib._bootstrap>", line 1371, in _find_and_load
  File "<frozen importlib._bootstrap>", line 1342, in _find_and_load_unlocked
  File "<frozen importlib._bootstrap>", line 938, in _load_unlocked
  File "<frozen importlib._bootstrap>", line 1179, in exec_module
  File "<frozen site>", line 722, in <module>
  File "<frozen site>", line 705, in main
  File "<frozen site>", line 624, in venv
OSError: [Errno 11] Resource deadlock avoided
Fatal Python error: init_import_site: Failed to import the site module
Python runtime state: initialized
Traceback (most recent call last):
  File "<frozen importlib._bootstrap>", line 1371, in _find_and_load
  File "<frozen importlib._bootstrap>", line 1342, in _find_and_load_unlocked
  File "<frozen importlib._bootstrap>", line 938, in _load_unlocked
  File "<frozen importlib._bootstrap>", line 1179, in exec_module
  File "<frozen site>", line 722, in <module>
  File "<frozen site>", line 705, in main
  File "<frozen site>", line 624, in venv
OSError: [Errno 11] Resource deadlock avoided
Fatal Python error: init_import_site: Failed to import the site module
Python runtime state: initialized
Traceback (most recent call last):
  File "<frozen importlib._bootstrap>", line 1371, in _find_and_load
  File "<frozen importlib._bootstrap>", line 1342, in _find_and_load_unlocked
  File "<frozen importlib._bootstrap>", line 938, in _load_unlocked
  File "<frozen importlib._bootstrap>", line 1179, in exec_module
  File "<frozen site>", line 722, in <module>
  File "<frozen site>", line 705, in main
  File "<frozen site>", line 624, in venv
OSError: [Errno 11] Resource deadlock avoided
Fatal Python error: init_import_site: Failed to import the site module
Python runtime state: initialized
Traceback (most recent call last):
  File "<frozen importlib._bootstrap>", line 1371, in _find_and_load
  File "<frozen importlib._bootstrap>", line 1342, in _find_and_load_unlocked
  File "<frozen importlib._bootstrap>", line 938, in _load_unlocked
  File "<frozen importlib._bootstrap>", line 1179, in exec_module
  File "<frozen site>", line 722, in <module>
  File "<frozen site>", line 705, in main
  File "<frozen site>", line 624, in venv
OSError: [Errno 11] Resource deadlock avoided
Fatal Python error: init_import_site: Failed to import the site module
Python runtime state: initialized
Traceback (most recent call last):
  File "<frozen importlib._bootstrap>", line 1371, in _find_and_load
  File "<frozen importlib._bootstrap>", line 1342, in _find_and_load_unlocked
  File "<frozen importlib._bootstrap>", line 938, in _load_unlocked
  File "<frozen importlib._bootstrap>", line 1179, in exec_module
  File "<frozen site>", line 722, in <module>
  File "<frozen site>", line 705, in main
  File "<frozen site>", line 624, in venv
OSError: [Errno 11] Resource deadlock avoided
Fatal Python error: init_import_site: Failed to import the site module
Python runtime state: initialized
Traceback (most recent call last):
  File "<frozen importlib._bootstrap>", line 1371, in _find_and_load
  File "<frozen importlib._bootstrap>", line 1342, in _find_and_load_unlocked
  File "<frozen importlib._bootstrap>", line 938, in _load_unlocked
  File "<frozen importlib._bootstrap>", line 1179, in exec_module
  File "<frozen site>", line 722, in <module>
  File "<frozen site>", line 705, in main
  File "<frozen site>", line 624, in venv
OSError: [Errno 11] Resource deadlock avoided
Fatal Python error: init_import_site: Failed to import the site module
Python runtime state: initialized
Traceback (most recent call last):
  File "<frozen importlib._bootstrap>", line 1371, in _find_and_load
  File "<frozen importlib._bootstrap>", line 1342, in _find_and_load_unlocked
  File "<frozen importlib._bootstrap>", line 938, in _load_unlocked
  File "<frozen importlib._bootstrap>", line 1179, in exec_module
  File "<frozen site>", line 722, in <module>
  File "<frozen site>", line 705, in main
  File "<frozen site>", line 624, in venv
OSError: [Errno 11] Resource deadlock avoided
Fatal Python error: init_import_site: Failed to import the site module
Python runtime state: initialized
Traceback (most recent call last):
  File "<frozen importlib._bootstrap>", line 1371, in _find_and_load
  File "<frozen importlib._bootstrap>", line 1342, in _find_and_load_unlocked
  File "<frozen importlib._bootstrap>", line 938, in _load_unlocked
  File "<frozen importlib._bootstrap>", line 1179, in exec_module
  File "<frozen site>", line 722, in <module>
  File "<frozen site>", line 705, in main
  File "<frozen site>", line 624, in venv
OSError: [Errno 11] Resource deadlock avoided
Fatal Python error: init_import_site: Failed to import the site module
Python runtime state: initialized
Traceback (most recent call last):
  File "<frozen importlib._bootstrap>", line 1371, in _find_and_load
  File "<frozen importlib._bootstrap>", line 1342, in _find_and_load_unlocked
  File "<frozen importlib._bootstrap>", line 938, in _load_unlocked
  File "<frozen importlib._bootstrap>", line 1179, in exec_module
  File "<frozen site>", line 722, in <module>
  File "<frozen site>", line 705, in main
  File "<frozen site>", line 624, in venv
OSError: [Errno 11] Resource deadlock avoided
Fatal Python error: init_import_site: Failed to import the site module
Python runtime state: initialized
Traceback (most recent call last):
  File "<frozen importlib._bootstrap>", line 1371, in _find_and_load
  File "<frozen importlib._bootstrap>", line 1342, in _find_and_load_unlocked
  File "<frozen importlib._bootstrap>", line 938, in _load_unlocked
  File "<frozen importlib._bootstrap>", line 1179, in exec_module
  File "<frozen site>", line 722, in <module>
  File "<frozen site>", line 705, in main
  File "<frozen site>", line 624, in venv
OSError: [Errno 11] Resource deadlock avoided
Fatal Python error: init_import_site: Failed to import the site module
Python runtime state: initialized
Traceback (most recent call last):
  File "<frozen importlib._bootstrap>", line 1371, in _find_and_load
  File "<frozen importlib._bootstrap>", line 1342, in _find_and_load_unlocked
  File "<frozen importlib._bootstrap>", line 938, in _load_unlocked
  File "<frozen importlib._bootstrap>", line 1179, in exec_module
  File "<frozen site>", line 722, in <module>
  File "<frozen site>", line 705, in main
  File "<frozen site>", line 624, in venv
OSError: [Errno 11] Resource deadlock avoided
Fatal Python error: init_import_site: Failed to import the site module
Python runtime state: initialized
Traceback (most recent call last):
  File "<frozen importlib._bootstrap>", line 1371, in _find_and_load
  File "<frozen importlib._bootstrap>", line 1342, in _find_and_load_unlocked
  File "<frozen importlib._bootstrap>", line 938, in _load_unlocked
  File "<frozen importlib._bootstrap>", line 1179, in exec_module
  File "<frozen site>", line 722, in <module>
  File "<frozen site>", line 705, in main
  File "<frozen site>", line 624, in venv
OSError: [Errno 11] Resource deadlock avoided
Fatal Python error: init_import_site: Failed to import the site module
Python runtime state: initialized
Traceback (most recent call last):
  File "<frozen importlib._bootstrap>", line 1371, in _find_and_load
  File "<frozen importlib._bootstrap>", line 1342, in _find_and_load_unlocked
  File "<frozen importlib._bootstrap>", line 938, in _load_unlocked
  File "<frozen importlib._bootstrap>", line 1179, in exec_module
  File "<frozen site>", line 722, in <module>
  File "<frozen site>", line 705, in main
  File "<frozen site>", line 624, in venv
OSError: [Errno 11] Resource deadlock avoided
Fatal Python error: init_import_site: Failed to import the site module
Python runtime state: initialized
Traceback (most recent call last):
  File "<frozen importlib._bootstrap>", line 1371, in _find_and_load
  File "<frozen importlib._bootstrap>", line 1342, in _find_and_load_unlocked
  File "<frozen importlib._bootstrap>", line 938, in _load_unlocked
  File "<frozen importlib._bootstrap>", line 1179, in exec_module
  File "<frozen site>", line 722, in <module>
  File "<frozen site>", line 705, in main
  File "<frozen site>", line 624, in venv
OSError: [Errno 11] Resource deadlock avoided
Fatal Python error: init_import_site: Failed to import the site module
Python runtime state: initialized
Traceback (most recent call last):
  File "<frozen importlib._bootstrap>", line 1371, in _find_and_load
  File "<frozen importlib._bootstrap>", line 1342, in _find_and_load_unlocked
  File "<frozen importlib._bootstrap>", line 938, in _load_unlocked
  File "<frozen importlib._bootstrap>", line 1179, in exec_module
  File "<frozen site>", line 722, in <module>
  File "<frozen site>", line 705, in main
  File "<frozen site>", line 624, in venv
OSError: [Errno 11] Resource deadlock avoided
Fatal Python error: init_import_site: Failed to import the site module
Python runtime state: initialized
Traceback (most recent call last):
  File "<frozen importlib._bootstrap>", line 1371, in _find_and_load
  File "<frozen importlib._bootstrap>", line 1342, in _find_and_load_unlocked
  File "<frozen importlib._bootstrap>", line 938, in _load_unlocked
  File "<frozen importlib._bootstrap>", line 1179, in exec_module
  File "<frozen site>", line 722, in <module>
  File "<frozen site>", line 705, in main
  File "<frozen site>", line 624, in venv
OSError: [Errno 11] Resource deadlock avoided
Fatal Python error: init_import_site: Failed to import the site module
Python runtime state: initialized
Traceback (most recent call last):
  File "<frozen importlib._bootstrap>", line 1371, in _find_and_load
  File "<frozen importlib._bootstrap>", line 1342, in _find_and_load_unlocked
  File "<frozen importlib._bootstrap>", line 938, in _load_unlocked
  File "<frozen importlib._bootstrap>", line 1179, in exec_module
  File "<frozen site>", line 722, in <module>
  File "<frozen site>", line 705, in main
  File "<frozen site>", line 624, in venv
OSError: [Errno 11] Resource deadlock avoided
Fatal Python error: init_import_site: Failed to import the site module
Python runtime state: initialized
Traceback (most recent call last):
  File "<frozen importlib._bootstrap>", line 1371, in _find_and_load
  File "<frozen importlib._bootstrap>", line 1342, in _find_and_load_unlocked
  File "<frozen importlib._bootstrap>", line 938, in _load_unlocked
  File "<frozen importlib._bootstrap>", line 1179, in exec_module
  File "<frozen site>", line 722, in <module>
  File "<frozen site>", line 705, in main
  File "<frozen site>", line 624, in venv
OSError: [Errno 11] Resource deadlock avoided
Fatal Python error: init_import_site: Failed to import the site module
Python runtime state: initialized
Traceback (most recent call last):
  File "<frozen importlib._bootstrap>", line 1371, in _find_and_load
  File "<frozen importlib._bootstrap>", line 1342, in _find_and_load_unlocked
  File "<frozen importlib._bootstrap>", line 938, in _load_unlocked
  File "<frozen importlib._bootstrap>", line 1179, in exec_module
  File "<frozen site>", line 722, in <module>
  File "<frozen site>", line 705, in main
  File "<frozen site>", line 624, in venv
OSError: [Errno 11] Resource deadlock avoided
Fatal Python error: init_import_site: Failed to import the site module
Python runtime state: initialized
Traceback (most recent call last):
  File "<frozen importlib._bootstrap>", line 1371, in _find_and_load
  File "<frozen importlib._bootstrap>", line 1342, in _find_and_load_unlocked
  File "<frozen importlib._bootstrap>", line 938, in _load_unlocked
  File "<frozen importlib._bootstrap>", line 1179, in exec_module
  File "<frozen site>", line 722, in <module>
  File "<frozen site>", line 705, in main
  File "<frozen site>", line 624, in venv
OSError: [Errno 11] Resource deadlock avoided
Fatal Python error: init_import_site: Failed to import the site module
Python runtime state: initialized
Traceback (most recent call last):
  File "<frozen importlib._bootstrap>", line 1371, in _find_and_load
  File "<frozen importlib._bootstrap>", line 1342, in _find_and_load_unlocked
  File "<frozen importlib._bootstrap>", line 938, in _load_unlocked
  File "<frozen importlib._bootstrap>", line 1179, in exec_module
  File "<frozen site>", line 722, in <module>
  File "<frozen site>", line 705, in main
  File "<frozen site>", line 624, in venv
OSError: [Errno 11] Resource deadlock avoided
Fatal Python error: init_import_site: Failed to import the site module
Python runtime state: initialized
Traceback (most recent call last):
  File "<frozen importlib._bootstrap>", line 1371, in _find_and_load
  File "<frozen importlib._bootstrap>", line 1342, in _find_and_load_unlocked
  File "<frozen importlib._bootstrap>", line 938, in _load_unlocked
  File "<frozen importlib._bootstrap>", line 1179, in exec_module
  File "<frozen site>", line 722, in <module>
  File "<frozen site>", line 705, in main
  File "<frozen site>", line 624, in venv
OSError: [Errno 11] Resource deadlock avoided
Fatal Python error: init_import_site: Failed to import the site module
Python runtime state: initialized
Traceback (most recent call last):
  File "<frozen importlib._bootstrap>", line 1371, in _find_and_load
  File "<frozen importlib._bootstrap>", line 1342, in _find_and_load_unlocked
  File "<frozen importlib._bootstrap>", line 938, in _load_unlocked
  File "<frozen importlib._bootstrap>", line 1179, in exec_module
  File "<frozen site>", line 722, in <module>
  File "<frozen site>", line 705, in main
  File "<frozen site>", line 624, in venv
OSError: [Errno 11] Resource deadlock avoided
Fatal Python error: init_import_site: Failed to import the site module
Python runtime state: initialized
Traceback (most recent call last):
  File "<frozen importlib._bootstrap>", line 1371, in _find_and_load
  File "<frozen importlib._bootstrap>", line 1342, in _find_and_load_unlocked
  File "<frozen importlib._bootstrap>", line 938, in _load_unlocked
  File "<frozen importlib._bootstrap>", line 1179, in exec_module
  File "<frozen site>", line 722, in <module>
  File "<frozen site>", line 705, in main
  File "<frozen site>", line 624, in venv
OSError: [Errno 11] Resource deadlock avoided
Fatal Python error: init_import_site: Failed to import the site module
Python runtime state: initialized
Traceback (most recent call last):
  File "<frozen importlib._bootstrap>", line 1371, in _find_and_load
  File "<frozen importlib._bootstrap>", line 1342, in _find_and_load_unlocked
  File "<frozen importlib._bootstrap>", line 938, in _load_unlocked
  File "<frozen importlib._bootstrap>", line 1179, in exec_module
  File "<frozen site>", line 722, in <module>
  File "<frozen site>", line 705, in main
  File "<frozen site>", line 624, in venv
OSError: [Errno 11] Resource deadlock avoided
Fatal Python error: init_import_site: Failed to import the site module
Python runtime state: initialized
Traceback (most recent call last):
  File "<frozen importlib._bootstrap>", line 1371, in _find_and_load
  File "<frozen importlib._bootstrap>", line 1342, in _find_and_load_unlocked
  File "<frozen importlib._bootstrap>", line 938, in _load_unlocked
  File "<frozen importlib._bootstrap>", line 1179, in exec_module
  File "<frozen site>", line 722, in <module>
  File "<frozen site>", line 705, in main
  File "<frozen site>", line 624, in venv
OSError: [Errno 11] Resource deadlock avoided
Fatal Python error: init_import_site: Failed to import the site module
Python runtime state: initialized
Traceback (most recent call last):
  File "<frozen importlib._bootstrap>", line 1371, in _find_and_load
  File "<frozen importlib._bootstrap>", line 1342, in _find_and_load_unlocked
  File "<frozen importlib._bootstrap>", line 938, in _load_unlocked
  File "<frozen importlib._bootstrap>", line 1179, in exec_module
  File "<frozen site>", line 722, in <module>
  File "<frozen site>", line 705, in main
  File "<frozen site>", line 624, in venv
OSError: [Errno 11] Resource deadlock avoided
Fatal Python error: init_import_site: Failed to import the site module
Python runtime state: initialized
Traceback (most recent call last):
  File "<frozen importlib._bootstrap>", line 1371, in _find_and_load
  File "<frozen importlib._bootstrap>", line 1342, in _find_and_load_unlocked
  File "<frozen importlib._bootstrap>", line 938, in _load_unlocked
  File "<frozen importlib._bootstrap>", line 1179, in exec_module
  File "<frozen site>", line 722, in <module>
  File "<frozen site>", line 705, in main
  File "<frozen site>", line 624, in venv
OSError: [Errno 11] Resource deadlock avoided
Fatal Python error: init_import_site: Failed to import the site module
Python runtime state: initialized
Traceback (most recent call last):
  File "<frozen importlib._bootstrap>", line 1371, in _find_and_load
  File "<frozen importlib._bootstrap>", line 1342, in _find_and_load_unlocked
  File "<frozen importlib._bootstrap>", line 938, in _load_unlocked
  File "<frozen importlib._bootstrap>", line 1179, in exec_module
  File "<frozen site>", line 722, in <module>
  File "<frozen site>", line 705, in main
  File "<frozen site>", line 624, in venv
OSError: [Errno 11] Resource deadlock avoided
Fatal Python error: init_import_site: Failed to import the site module
Python runtime state: initialized
Traceback (most recent call last):
  File "<frozen importlib._bootstrap>", line 1371, in _find_and_load
  File "<frozen importlib._bootstrap>", line 1342, in _find_and_load_unlocked
  File "<frozen importlib._bootstrap>", line 938, in _load_unlocked
  File "<frozen importlib._bootstrap>", line 1179, in exec_module
  File "<frozen site>", line 722, in <module>
  File "<frozen site>", line 705, in main
  File "<frozen site>", line 624, in venv
OSError: [Errno 11] Resource deadlock avoided
Fatal Python error: init_import_site: Failed to import the site module
Python runtime state: initialized
Traceback (most recent call last):
  File "<frozen importlib._bootstrap>", line 1371, in _find_and_load
  File "<frozen importlib._bootstrap>", line 1342, in _find_and_load_unlocked
  File "<frozen importlib._bootstrap>", line 938, in _load_unlocked
  File "<frozen importlib._bootstrap>", line 1179, in exec_module
  File "<frozen site>", line 722, in <module>
  File "<frozen site>", line 705, in main
  File "<frozen site>", line 624, in venv
OSError: [Errno 11] Resource deadlock avoided
Fatal Python error: init_import_site: Failed to import the site module
Python runtime state: initialized
Traceback (most recent call last):
  File "<frozen importlib._bootstrap>", line 1371, in _find_and_load
  File "<frozen importlib._bootstrap>", line 1342, in _find_and_load_unlocked
  File "<frozen importlib._bootstrap>", line 938, in _load_unlocked
  File "<frozen importlib._bootstrap>", line 1179, in exec_module
  File "<frozen site>", line 722, in <module>
  File "<frozen site>", line 705, in main
  File "<frozen site>", line 624, in venv
OSError: [Errno 11] Resource deadlock avoided
Fatal Python error: init_import_site: Failed to import the site module
Python runtime state: initialized
Traceback (most recent call last):
  File "<frozen importlib._bootstrap>", line 1371, in _find_and_load
  File "<frozen importlib._bootstrap>", line 1342, in _find_and_load_unlocked
  File "<frozen importlib._bootstrap>", line 938, in _load_unlocked
  File "<frozen importlib._bootstrap>", line 1179, in exec_module
  File "<frozen site>", line 722, in <module>
  File "<frozen site>", line 705, in main
  File "<frozen site>", line 624, in venv
OSError: [Errno 11] Resource deadlock avoided
Fatal Python error: init_import_site: Failed to import the site module
Python runtime state: initialized
Traceback (most recent call last):
  File "<frozen importlib._bootstrap>", line 1371, in _find_and_load
  File "<frozen importlib._bootstrap>", line 1342, in _find_and_load_unlocked
  File "<frozen importlib._bootstrap>", line 938, in _load_unlocked
  File "<frozen importlib._bootstrap>", line 1179, in exec_module
  File "<frozen site>", line 722, in <module>
  File "<frozen site>", line 705, in main
  File "<frozen site>", line 624, in venv
OSError: [Errno 11] Resource deadlock avoided
Fatal Python error: init_import_site: Failed to import the site module
Python runtime state: initialized
Traceback (most recent call last):
  File "<frozen importlib._bootstrap>", line 1371, in _find_and_load
  File "<frozen importlib._bootstrap>", line 1342, in _find_and_load_unlocked
  File "<frozen importlib._bootstrap>", line 938, in _load_unlocked
  File "<frozen importlib._bootstrap>", line 1179, in exec_module
  File "<frozen site>", line 722, in <module>
  File "<frozen site>", line 705, in main
  File "<frozen site>", line 624, in venv
OSError: [Errno 11] Resource deadlock avoided
Fatal Python error: init_import_site: Failed to import the site module
Python runtime state: initialized
Traceback (most recent call last):
  File "<frozen importlib._bootstrap>", line 1371, in _find_and_load
  File "<frozen importlib._bootstrap>", line 1342, in _find_and_load_unlocked
  File "<frozen importlib._bootstrap>", line 938, in _load_unlocked
  File "<frozen importlib._bootstrap>", line 1179, in exec_module
  File "<frozen site>", line 722, in <module>
  File "<frozen site>", line 705, in main
  File "<frozen site>", line 624, in venv
OSError: [Errno 11] Resource deadlock avoided
Fatal Python error: init_import_site: Failed to import the site module
Python runtime state: initialized
Traceback (most recent call last):
  File "<frozen importlib._bootstrap>", line 1371, in _find_and_load
  File "<frozen importlib._bootstrap>", line 1342, in _find_and_load_unlocked
  File "<frozen importlib._bootstrap>", line 938, in _load_unlocked
  File "<frozen importlib._bootstrap>", line 1179, in exec_module
  File "<frozen site>", line 722, in <module>
  File "<frozen site>", line 705, in main
  File "<frozen site>", line 624, in venv
OSError: [Errno 11] Resource deadlock avoided
Fatal Python error: init_import_site: Failed to import the site module
Python runtime state: initialized
Traceback (most recent call last):
  File "<frozen importlib._bootstrap>", line 1371, in _find_and_load
  File "<frozen importlib._bootstrap>", line 1342, in _find_and_load_unlocked
  File "<frozen importlib._bootstrap>", line 938, in _load_unlocked
  File "<frozen importlib._bootstrap>", line 1179, in exec_module
  File "<frozen site>", line 722, in <module>
  File "<frozen site>", line 705, in main
  File "<frozen site>", line 624, in venv
OSError: [Errno 11] Resource deadlock avoided
Fatal Python error: init_import_site: Failed to import the site module
Python runtime state: initialized
Traceback (most recent call last):
  File "<frozen importlib._bootstrap>", line 1371, in _find_and_load
  File "<frozen importlib._bootstrap>", line 1342, in _find_and_load_unlocked
  File "<frozen importlib._bootstrap>", line 938, in _load_unlocked
  File "<frozen importlib._bootstrap>", line 1179, in exec_module
  File "<frozen site>", line 722, in <module>
  File "<frozen site>", line 705, in main
  File "<frozen site>", line 624, in venv
OSError: [Errno 11] Resource deadlock avoided
Fatal Python error: init_import_site: Failed to import the site module
Python runtime state: initialized
Traceback (most recent call last):
  File "<frozen importlib._bootstrap>", line 1371, in _find_and_load
  File "<frozen importlib._bootstrap>", line 1342, in _find_and_load_unlocked
  File "<frozen importlib._bootstrap>", line 938, in _load_unlocked
  File "<frozen importlib._bootstrap>", line 1179, in exec_module
  File "<frozen site>", line 722, in <module>
  File "<frozen site>", line 705, in main
  File "<frozen site>", line 624, in venv
OSError: [Errno 11] Resource deadlock avoided
Fatal Python error: init_import_site: Failed to import the site module
Python runtime state: initialized
Traceback (most recent call last):
  File "<frozen importlib._bootstrap>", line 1371, in _find_and_load
  File "<frozen importlib._bootstrap>", line 1342, in _find_and_load_unlocked
  File "<frozen importlib._bootstrap>", line 938, in _load_unlocked
  File "<frozen importlib._bootstrap>", line 1179, in exec_module
  File "<frozen site>", line 722, in <module>
  File "<frozen site>", line 705, in main
  File "<frozen site>", line 624, in venv
OSError: [Errno 11] Resource deadlock avoided
Fatal Python error: init_import_site: Failed to import the site module
Python runtime state: initialized
Traceback (most recent call last):
  File "<frozen importlib._bootstrap>", line 1371, in _find_and_load
  File "<frozen importlib._bootstrap>", line 1342, in _find_and_load_unlocked
  File "<frozen importlib._bootstrap>", line 938, in _load_unlocked
  File "<frozen importlib._bootstrap>", line 1179, in exec_module
  File "<frozen site>", line 722, in <module>
  File "<frozen site>", line 705, in main
  File "<frozen site>", line 624, in venv
OSError: [Errno 11] Resource deadlock avoided
Fatal Python error: init_import_site: Failed to import the site module
Python runtime state: initialized
Traceback (most recent call last):
  File "<frozen importlib._bootstrap>", line 1371, in _find_and_load
  File "<frozen importlib._bootstrap>", line 1342, in _find_and_load_unlocked
  File "<frozen importlib._bootstrap>", line 938, in _load_unlocked
  File "<frozen importlib._bootstrap>", line 1179, in exec_module
  File "<frozen site>", line 722, in <module>
  File "<frozen site>", line 705, in main
  File "<frozen site>", line 624, in venv
OSError: [Errno 11] Resource deadlock avoided
Fatal Python error: init_import_site: Failed to import the site module
Python runtime state: initialized
Traceback (most recent call last):
  File "<frozen importlib._bootstrap>", line 1371, in _find_and_load
  File "<frozen importlib._bootstrap>", line 1342, in _find_and_load_unlocked
  File "<frozen importlib._bootstrap>", line 938, in _load_unlocked
  File "<frozen importlib._bootstrap>", line 1179, in exec_module
  File "<frozen site>", line 722, in <module>
  File "<frozen site>", line 705, in main
  File "<frozen site>", line 624, in venv
OSError: [Errno 11] Resource deadlock avoided
Fatal Python error: init_import_site: Failed to import the site module
Python runtime state: initialized
Traceback (most recent call last):
  File "<frozen importlib._bootstrap>", line 1371, in _find_and_load
  File "<frozen importlib._bootstrap>", line 1342, in _find_and_load_unlocked
  File "<frozen importlib._bootstrap>", line 938, in _load_unlocked
  File "<frozen importlib._bootstrap>", line 1179, in exec_module
  File "<frozen site>", line 722, in <module>
  File "<frozen site>", line 705, in main
  File "<frozen site>", line 624, in venv
OSError: [Errno 11] Resource deadlock avoided
Fatal Python error: init_import_site: Failed to import the site module
Python runtime state: initialized
Traceback (most recent call last):
  File "<frozen importlib._bootstrap>", line 1371, in _find_and_load
  File "<frozen importlib._bootstrap>", line 1342, in _find_and_load_unlocked
  File "<frozen importlib._bootstrap>", line 938, in _load_unlocked
  File "<frozen importlib._bootstrap>", line 1179, in exec_module
  File "<frozen site>", line 722, in <module>
  File "<frozen site>", line 705, in main
  File "<frozen site>", line 624, in venv
OSError: [Errno 11] Resource deadlock avoided
Fatal Python error: init_import_site: Failed to import the site module
Python runtime state: initialized
Traceback (most recent call last):
  File "<frozen importlib._bootstrap>", line 1371, in _find_and_load
  File "<frozen importlib._bootstrap>", line 1342, in _find_and_load_unlocked
  File "<frozen importlib._bootstrap>", line 938, in _load_unlocked
  File "<frozen importlib._bootstrap>", line 1179, in exec_module
  File "<frozen site>", line 722, in <module>
  File "<frozen site>", line 705, in main
  File "<frozen site>", line 624, in venv
OSError: [Errno 11] Resource deadlock avoided
Fatal Python error: init_import_site: Failed to import the site module
Python runtime state: initialized
Traceback (most recent call last):
  File "<frozen importlib._bootstrap>", line 1371, in _find_and_load
  File "<frozen importlib._bootstrap>", line 1342, in _find_and_load_unlocked
  File "<frozen importlib._bootstrap>", line 938, in _load_unlocked
  File "<frozen importlib._bootstrap>", line 1179, in exec_module
  File "<frozen site>", line 722, in <module>
  File "<frozen site>", line 705, in main
  File "<frozen site>", line 624, in venv
OSError: [Errno 11] Resource deadlock avoided
Fatal Python error: init_import_site: Failed to import the site module
Python runtime state: initialized
Traceback (most recent call last):
  File "<frozen importlib._bootstrap>", line 1371, in _find_and_load
  File "<frozen importlib._bootstrap>", line 1342, in _find_and_load_unlocked
  File "<frozen importlib._bootstrap>", line 938, in _load_unlocked
  File "<frozen importlib._bootstrap>", line 1179, in exec_module
  File "<frozen site>", line 722, in <module>
  File "<frozen site>", line 705, in main
  File "<frozen site>", line 624, in venv
OSError: [Errno 11] Resource deadlock avoided
Fatal Python error: init_import_site: Failed to import the site module
Python runtime state: initialized
Traceback (most recent call last):
  File "<frozen importlib._bootstrap>", line 1371, in _find_and_load
  File "<frozen importlib._bootstrap>", line 1342, in _find_and_load_unlocked
  File "<frozen importlib._bootstrap>", line 938, in _load_unlocked
  File "<frozen importlib._bootstrap>", line 1179, in exec_module
  File "<frozen site>", line 722, in <module>
  File "<frozen site>", line 705, in main
  File "<frozen site>", line 624, in venv
OSError: [Errno 11] Resource deadlock avoided
Fatal Python error: init_import_site: Failed to import the site module
Python runtime state: initialized
Traceback (most recent call last):
  File "<frozen importlib._bootstrap>", line 1371, in _find_and_load
  File "<frozen importlib._bootstrap>", line 1342, in _find_and_load_unlocked
  File "<frozen importlib._bootstrap>", line 938, in _load_unlocked
  File "<frozen importlib._bootstrap>", line 1179, in exec_module
  File "<frozen site>", line 722, in <module>
  File "<frozen site>", line 705, in main
  File "<frozen site>", line 624, in venv
OSError: [Errno 11] Resource deadlock avoided
Fatal Python error: init_import_site: Failed to import the site module
Python runtime state: initialized
Traceback (most recent call last):
  File "<frozen importlib._bootstrap>", line 1371, in _find_and_load
  File "<frozen importlib._bootstrap>", line 1342, in _find_and_load_unlocked
  File "<frozen importlib._bootstrap>", line 938, in _load_unlocked
  File "<frozen importlib._bootstrap>", line 1179, in exec_module
  File "<frozen site>", line 722, in <module>
  File "<frozen site>", line 705, in main
  File "<frozen site>", line 624, in venv
OSError: [Errno 11] Resource deadlock avoided
Fatal Python error: init_import_site: Failed to import the site module
Python runtime state: initialized
Traceback (most recent call last):
  File "<frozen importlib._bootstrap>", line 1371, in _find_and_load
  File "<frozen importlib._bootstrap>", line 1342, in _find_and_load_unlocked
  File "<frozen importlib._bootstrap>", line 938, in _load_unlocked
  File "<frozen importlib._bootstrap>", line 1179, in exec_module
  File "<frozen site>", line 722, in <module>
  File "<frozen site>", line 705, in main
  File "<frozen site>", line 624, in venv
OSError: [Errno 11] Resource deadlock avoided
Fatal Python error: init_import_site: Failed to import the site module
Python runtime state: initialized
Traceback (most recent call last):
  File "<frozen importlib._bootstrap>", line 1371, in _find_and_load
  File "<frozen importlib._bootstrap>", line 1342, in _find_and_load_unlocked
  File "<frozen importlib._bootstrap>", line 938, in _load_unlocked
  File "<frozen importlib._bootstrap>", line 1179, in exec_module
  File "<frozen site>", line 722, in <module>
  File "<frozen site>", line 705, in main
  File "<frozen site>", line 624, in venv
OSError: [Errno 11] Resource deadlock avoided
Fatal Python error: init_import_site: Failed to import the site module
Python runtime state: initialized
Traceback (most recent call last):
  File "<frozen importlib._bootstrap>", line 1371, in _find_and_load
  File "<frozen importlib._bootstrap>", line 1342, in _find_and_load_unlocked
  File "<frozen importlib._bootstrap>", line 938, in _load_unlocked
  File "<frozen importlib._bootstrap>", line 1179, in exec_module
  File "<frozen site>", line 722, in <module>
  File "<frozen site>", line 705, in main
  File "<frozen site>", line 624, in venv
OSError: [Errno 11] Resource deadlock avoided
Fatal Python error: init_import_site: Failed to import the site module
Python runtime state: initialized
Traceback (most recent call last):
  File "<frozen importlib._bootstrap>", line 1371, in _find_and_load
  File "<frozen importlib._bootstrap>", line 1342, in _find_and_load_unlocked
  File "<frozen importlib._bootstrap>", line 938, in _load_unlocked
  File "<frozen importlib._bootstrap>", line 1179, in exec_module
  File "<frozen site>", line 722, in <module>
  File "<frozen site>", line 705, in main
  File "<frozen site>", line 624, in venv
OSError: [Errno 11] Resource deadlock avoided
Fatal Python error: init_import_site: Failed to import the site module
Python runtime state: initialized
Traceback (most recent call last):
  File "<frozen importlib._bootstrap>", line 1371, in _find_and_load
  File "<frozen importlib._bootstrap>", line 1342, in _find_and_load_unlocked
  File "<frozen importlib._bootstrap>", line 938, in _load_unlocked
  File "<frozen importlib._bootstrap>", line 1179, in exec_module
  File "<frozen site>", line 722, in <module>
  File "<frozen site>", line 705, in main
  File "<frozen site>", line 624, in venv
OSError: [Errno 11] Resource deadlock avoided
Fatal Python error: init_import_site: Failed to import the site module
Python runtime state: initialized
Traceback (most recent call last):
  File "<frozen importlib._bootstrap>", line 1371, in _find_and_load
  File "<frozen importlib._bootstrap>", line 1342, in _find_and_load_unlocked
  File "<frozen importlib._bootstrap>", line 938, in _load_unlocked
  File "<frozen importlib._bootstrap>", line 1179, in exec_module
  File "<frozen site>", line 722, in <module>
  File "<frozen site>", line 705, in main
  File "<frozen site>", line 624, in venv
OSError: [Errno 11] Resource deadlock avoided
Fatal Python error: init_import_site: Failed to import the site module
Python runtime state: initialized
Traceback (most recent call last):
  File "<frozen importlib._bootstrap>", line 1371, in _find_and_load
  File "<frozen importlib._bootstrap>", line 1342, in _find_and_load_unlocked
  File "<frozen importlib._bootstrap>", line 938, in _load_unlocked
  File "<frozen importlib._bootstrap>", line 1179, in exec_module
  File "<frozen site>", line 722, in <module>
  File "<frozen site>", line 705, in main
  File "<frozen site>", line 624, in venv
OSError: [Errno 11] Resource deadlock avoided
Fatal Python error: init_import_site: Failed to import the site module
Python runtime state: initialized
Traceback (most recent call last):
  File "<frozen importlib._bootstrap>", line 1371, in _find_and_load
  File "<frozen importlib._bootstrap>", line 1342, in _find_and_load_unlocked
  File "<frozen importlib._bootstrap>", line 938, in _load_unlocked
  File "<frozen importlib._bootstrap>", line 1179, in exec_module
  File "<frozen site>", line 722, in <module>
  File "<frozen site>", line 705, in main
  File "<frozen site>", line 624, in venv
OSError: [Errno 11] Resource deadlock avoided
Fatal Python error: init_import_site: Failed to import the site module
Python runtime state: initialized
Traceback (most recent call last):
  File "<frozen importlib._bootstrap>", line 1371, in _find_and_load
  File "<frozen importlib._bootstrap>", line 1342, in _find_and_load_unlocked
  File "<frozen importlib._bootstrap>", line 938, in _load_unlocked
  File "<frozen importlib._bootstrap>", line 1179, in exec_module
  File "<frozen site>", line 722, in <module>
  File "<frozen site>", line 705, in main
  File "<frozen site>", line 624, in venv
OSError: [Errno 11] Resource deadlock avoided
Fatal Python error: init_import_site: Failed to import the site module
Python runtime state: initialized
Traceback (most recent call last):
  File "<frozen importlib._bootstrap>", line 1371, in _find_and_load
  File "<frozen importlib._bootstrap>", line 1342, in _find_and_load_unlocked
  File "<frozen importlib._bootstrap>", line 938, in _load_unlocked
  File "<frozen importlib._bootstrap>", line 1179, in exec_module
  File "<frozen site>", line 722, in <module>
  File "<frozen site>", line 705, in main
  File "<frozen site>", line 624, in venv
OSError: [Errno 11] Resource deadlock avoided
Fatal Python error: init_import_site: Failed to import the site module
Python runtime state: initialized
Traceback (most recent call last):
  File "<frozen importlib._bootstrap>", line 1371, in _find_and_load
  File "<frozen importlib._bootstrap>", line 1342, in _find_and_load_unlocked
  File "<frozen importlib._bootstrap>", line 938, in _load_unlocked
  File "<frozen importlib._bootstrap>", line 1179, in exec_module
  File "<frozen site>", line 722, in <module>
  File "<frozen site>", line 705, in main
  File "<frozen site>", line 624, in venv
OSError: [Errno 11] Resource deadlock avoided
Fatal Python error: init_import_site: Failed to import the site module
Python runtime state: initialized
Traceback (most recent call last):
  File "<frozen importlib._bootstrap>", line 1371, in _find_and_load
  File "<frozen importlib._bootstrap>", line 1342, in _find_and_load_unlocked
  File "<frozen importlib._bootstrap>", line 938, in _load_unlocked
  File "<frozen importlib._bootstrap>", line 1179, in exec_module
  File "<frozen site>", line 722, in <module>
  File "<frozen site>", line 705, in main
  File "<frozen site>", line 624, in venv
OSError: [Errno 11] Resource deadlock avoided
Fatal Python error: init_import_site: Failed to import the site module
Python runtime state: initialized
Traceback (most recent call last):
  File "<frozen importlib._bootstrap>", line 1371, in _find_and_load
  File "<frozen importlib._bootstrap>", line 1342, in _find_and_load_unlocked
  File "<frozen importlib._bootstrap>", line 938, in _load_unlocked
  File "<frozen importlib._bootstrap>", line 1179, in exec_module
  File "<frozen site>", line 722, in <module>
  File "<frozen site>", line 705, in main
  File "<frozen site>", line 624, in venv
OSError: [Errno 11] Resource deadlock avoided
Fatal Python error: init_import_site: Failed to import the site module
Python runtime state: initialized
Traceback (most recent call last):
  File "<frozen importlib._bootstrap>", line 1371, in _find_and_load
  File "<frozen importlib._bootstrap>", line 1342, in _find_and_load_unlocked
  File "<frozen importlib._bootstrap>", line 938, in _load_unlocked
  File "<frozen importlib._bootstrap>", line 1179, in exec_module
  File "<frozen site>", line 722, in <module>
  File "<frozen site>", line 705, in main
  File "<frozen site>", line 624, in venv
OSError: [Errno 11] Resource deadlock avoided
Fatal Python error: init_import_site: Failed to import the site module
Python runtime state: initialized
Traceback (most recent call last):
  File "<frozen importlib._bootstrap>", line 1371, in _find_and_load
  File "<frozen importlib._bootstrap>", line 1342, in _find_and_load_unlocked
  File "<frozen importlib._bootstrap>", line 938, in _load_unlocked
  File "<frozen importlib._bootstrap>", line 1179, in exec_module
  File "<frozen site>", line 722, in <module>
  File "<frozen site>", line 705, in main
  File "<frozen site>", line 624, in venv
OSError: [Errno 11] Resource deadlock avoided
Fatal Python error: init_import_site: Failed to import the site module
Python runtime state: initialized
Traceback (most recent call last):
  File "<frozen importlib._bootstrap>", line 1371, in _find_and_load
  File "<frozen importlib._bootstrap>", line 1342, in _find_and_load_unlocked
  File "<frozen importlib._bootstrap>", line 938, in _load_unlocked
  File "<frozen importlib._bootstrap>", line 1179, in exec_module
  File "<frozen site>", line 722, in <module>
  File "<frozen site>", line 705, in main
  File "<frozen site>", line 624, in venv
OSError: [Errno 11] Resource deadlock avoided
Fatal Python error: init_import_site: Failed to import the site module
Python runtime state: initialized
Traceback (most recent call last):
  File "<frozen importlib._bootstrap>", line 1371, in _find_and_load
  File "<frozen importlib._bootstrap>", line 1342, in _find_and_load_unlocked
  File "<frozen importlib._bootstrap>", line 938, in _load_unlocked
  File "<frozen importlib._bootstrap>", line 1179, in exec_module
  File "<frozen site>", line 722, in <module>
  File "<frozen site>", line 705, in main
  File "<frozen site>", line 624, in venv
OSError: [Errno 11] Resource deadlock avoided
Fatal Python error: init_import_site: Failed to import the site module
Python runtime state: initialized
Traceback (most recent call last):
  File "<frozen importlib._bootstrap>", line 1371, in _find_and_load
  File "<frozen importlib._bootstrap>", line 1342, in _find_and_load_unlocked
  File "<frozen importlib._bootstrap>", line 938, in _load_unlocked
  File "<frozen importlib._bootstrap>", line 1179, in exec_module
  File "<frozen site>", line 722, in <module>
  File "<frozen site>", line 705, in main
  File "<frozen site>", line 624, in venv
OSError: [Errno 11] Resource deadlock avoided
Fatal Python error: init_import_site: Failed to import the site module
Python runtime state: initialized
Traceback (most recent call last):
  File "<frozen importlib._bootstrap>", line 1371, in _find_and_load
  File "<frozen importlib._bootstrap>", line 1342, in _find_and_load_unlocked
  File "<frozen importlib._bootstrap>", line 938, in _load_unlocked
  File "<frozen importlib._bootstrap>", line 1179, in exec_module
  File "<frozen site>", line 722, in <module>
  File "<frozen site>", line 705, in main
  File "<frozen site>", line 624, in venv
OSError: [Errno 11] Resource deadlock avoided
Fatal Python error: init_import_site: Failed to import the site module
Python runtime state: initialized
Traceback (most recent call last):
  File "<frozen importlib._bootstrap>", line 1371, in _find_and_load
  File "<frozen importlib._bootstrap>", line 1342, in _find_and_load_unlocked
  File "<frozen importlib._bootstrap>", line 938, in _load_unlocked
  File "<frozen importlib._bootstrap>", line 1179, in exec_module
  File "<frozen site>", line 722, in <module>
  File "<frozen site>", line 705, in main
  File "<frozen site>", line 624, in venv
OSError: [Errno 11] Resource deadlock avoided
Fatal Python error: init_import_site: Failed to import the site module
Python runtime state: initialized
Traceback (most recent call last):
  File "<frozen importlib._bootstrap>", line 1371, in _find_and_load
  File "<frozen importlib._bootstrap>", line 1342, in _find_and_load_unlocked
  File "<frozen importlib._bootstrap>", line 938, in _load_unlocked
  File "<frozen importlib._bootstrap>", line 1179, in exec_module
  File "<frozen site>", line 722, in <module>
  File "<frozen site>", line 705, in main
  File "<frozen site>", line 624, in venv
OSError: [Errno 11] Resource deadlock avoided
Fatal Python error: init_import_site: Failed to import the site module
Python runtime state: initialized
Traceback (most recent call last):
  File "<frozen importlib._bootstrap>", line 1371, in _find_and_load
  File "<frozen importlib._bootstrap>", line 1342, in _find_and_load_unlocked
  File "<frozen importlib._bootstrap>", line 938, in _load_unlocked
  File "<frozen importlib._bootstrap>", line 1179, in exec_module
  File "<frozen site>", line 722, in <module>
  File "<frozen site>", line 705, in main
  File "<frozen site>", line 624, in venv
OSError: [Errno 11] Resource deadlock avoided
Fatal Python error: init_import_site: Failed to import the site module
Python runtime state: initialized
Traceback (most recent call last):
  File "<frozen importlib._bootstrap>", line 1371, in _find_and_load
  File "<frozen importlib._bootstrap>", line 1342, in _find_and_load_unlocked
  File "<frozen importlib._bootstrap>", line 938, in _load_unlocked
  File "<frozen importlib._bootstrap>", line 1179, in exec_module
  File "<frozen site>", line 722, in <module>
  File "<frozen site>", line 705, in main
  File "<frozen site>", line 624, in venv
OSError: [Errno 11] Resource deadlock avoided
Fatal Python error: init_import_site: Failed to import the site module
Python runtime state: initialized
Traceback (most recent call last):
  File "<frozen importlib._bootstrap>", line 1371, in _find_and_load
  File "<frozen importlib._bootstrap>", line 1342, in _find_and_load_unlocked
  File "<frozen importlib._bootstrap>", line 938, in _load_unlocked
  File "<frozen importlib._bootstrap>", line 1179, in exec_module
  File "<frozen site>", line 722, in <module>
  File "<frozen site>", line 705, in main
  File "<frozen site>", line 624, in venv
OSError: [Errno 11] Resource deadlock avoided
Fatal Python error: init_import_site: Failed to import the site module
Python runtime state: initialized
Traceback (most recent call last):
  File "<frozen importlib._bootstrap>", line 1371, in _find_and_load
  File "<frozen importlib._bootstrap>", line 1342, in _find_and_load_unlocked
  File "<frozen importlib._bootstrap>", line 938, in _load_unlocked
  File "<frozen importlib._bootstrap>", line 1179, in exec_module
  File "<frozen site>", line 722, in <module>
  File "<frozen site>", line 705, in main
  File "<frozen site>", line 624, in venv
OSError: [Errno 11] Resource deadlock avoided
Fatal Python error: init_import_site: Failed to import the site module
Python runtime state: initialized
Traceback (most recent call last):
  File "<frozen importlib._bootstrap>", line 1371, in _find_and_load
  File "<frozen importlib._bootstrap>", line 1342, in _find_and_load_unlocked
  File "<frozen importlib._bootstrap>", line 938, in _load_unlocked
  File "<frozen importlib._bootstrap>", line 1179, in exec_module
  File "<frozen site>", line 722, in <module>
  File "<frozen site>", line 705, in main
  File "<frozen site>", line 624, in venv
OSError: [Errno 11] Resource deadlock avoided
Fatal Python error: init_import_site: Failed to import the site module
Python runtime state: initialized
Traceback (most recent call last):
  File "<frozen importlib._bootstrap>", line 1371, in _find_and_load
  File "<frozen importlib._bootstrap>", line 1342, in _find_and_load_unlocked
  File "<frozen importlib._bootstrap>", line 938, in _load_unlocked
  File "<frozen importlib._bootstrap>", line 1179, in exec_module
  File "<frozen site>", line 722, in <module>
  File "<frozen site>", line 705, in main
  File "<frozen site>", line 624, in venv
OSError: [Errno 11] Resource deadlock avoided
Fatal Python error: init_import_site: Failed to import the site module
Python runtime state: initialized
Traceback (most recent call last):
  File "<frozen importlib._bootstrap>", line 1371, in _find_and_load
  File "<frozen importlib._bootstrap>", line 1342, in _find_and_load_unlocked
  File "<frozen importlib._bootstrap>", line 938, in _load_unlocked
  File "<frozen importlib._bootstrap>", line 1179, in exec_module
  File "<frozen site>", line 722, in <module>
  File "<frozen site>", line 705, in main
  File "<frozen site>", line 624, in venv
OSError: [Errno 11] Resource deadlock avoided
Fatal Python error: init_import_site: Failed to import the site module
Python runtime state: initialized
Traceback (most recent call last):
  File "<frozen importlib._bootstrap>", line 1371, in _find_and_load
  File "<frozen importlib._bootstrap>", line 1342, in _find_and_load_unlocked
  File "<frozen importlib._bootstrap>", line 938, in _load_unlocked
  File "<frozen importlib._bootstrap>", line 1179, in exec_module
  File "<frozen site>", line 722, in <module>
  File "<frozen site>", line 705, in main
  File "<frozen site>", line 624, in venv
OSError: [Errno 11] Resource deadlock avoided
Fatal Python error: init_import_site: Failed to import the site module
Python runtime state: initialized
Traceback (most recent call last):
  File "<frozen importlib._bootstrap>", line 1371, in _find_and_load
  File "<frozen importlib._bootstrap>", line 1342, in _find_and_load_unlocked
  File "<frozen importlib._bootstrap>", line 938, in _load_unlocked
  File "<frozen importlib._bootstrap>", line 1179, in exec_module
  File "<frozen site>", line 722, in <module>
  File "<frozen site>", line 705, in main
  File "<frozen site>", line 624, in venv
OSError: [Errno 11] Resource deadlock avoided
Fatal Python error: init_import_site: Failed to import the site module
Python runtime state: initialized
Traceback (most recent call last):
  File "<frozen importlib._bootstrap>", line 1371, in _find_and_load
  File "<frozen importlib._bootstrap>", line 1342, in _find_and_load_unlocked
  File "<frozen importlib._bootstrap>", line 938, in _load_unlocked
  File "<frozen importlib._bootstrap>", line 1179, in exec_module
  File "<frozen site>", line 722, in <module>
  File "<frozen site>", line 705, in main
  File "<frozen site>", line 624, in venv
OSError: [Errno 11] Resource deadlock avoided
Fatal Python error: init_import_site: Failed to import the site module
Python runtime state: initialized
Traceback (most recent call last):
  File "<frozen importlib._bootstrap>", line 1371, in _find_and_load
  File "<frozen importlib._bootstrap>", line 1342, in _find_and_load_unlocked
  File "<frozen importlib._bootstrap>", line 938, in _load_unlocked
  File "<frozen importlib._bootstrap>", line 1179, in exec_module
  File "<frozen site>", line 722, in <module>
  File "<frozen site>", line 705, in main
  File "<frozen site>", line 624, in venv
OSError: [Errno 11] Resource deadlock avoided
Fatal Python error: init_import_site: Failed to import the site module
Python runtime state: initialized
Traceback (most recent call last):
  File "<frozen importlib._bootstrap>", line 1371, in _find_and_load
  File "<frozen importlib._bootstrap>", line 1342, in _find_and_load_unlocked
  File "<frozen importlib._bootstrap>", line 938, in _load_unlocked
  File "<frozen importlib._bootstrap>", line 1179, in exec_module
  File "<frozen site>", line 722, in <module>
  File "<frozen site>", line 705, in main
  File "<frozen site>", line 624, in venv
OSError: [Errno 11] Resource deadlock avoided
Fatal Python error: init_import_site: Failed to import the site module
Python runtime state: initialized
Traceback (most recent call last):
  File "<frozen importlib._bootstrap>", line 1371, in _find_and_load
  File "<frozen importlib._bootstrap>", line 1342, in _find_and_load_unlocked
  File "<frozen importlib._bootstrap>", line 938, in _load_unlocked
  File "<frozen importlib._bootstrap>", line 1179, in exec_module
  File "<frozen site>", line 722, in <module>
  File "<frozen site>", line 705, in main
  File "<frozen site>", line 624, in venv
OSError: [Errno 11] Resource deadlock avoided
Fatal Python error: init_import_site: Failed to import the site module
Python runtime state: initialized
Traceback (most recent call last):
  File "<frozen importlib._bootstrap>", line 1371, in _find_and_load
  File "<frozen importlib._bootstrap>", line 1342, in _find_and_load_unlocked
  File "<frozen importlib._bootstrap>", line 938, in _load_unlocked
  File "<frozen importlib._bootstrap>", line 1179, in exec_module
  File "<frozen site>", line 722, in <module>
  File "<frozen site>", line 705, in main
  File "<frozen site>", line 624, in venv
OSError: [Errno 11] Resource deadlock avoided
Fatal Python error: init_import_site: Failed to import the site module
Python runtime state: initialized
Traceback (most recent call last):
  File "<frozen importlib._bootstrap>", line 1371, in _find_and_load
  File "<frozen importlib._bootstrap>", line 1342, in _find_and_load_unlocked
  File "<frozen importlib._bootstrap>", line 938, in _load_unlocked
  File "<frozen importlib._bootstrap>", line 1179, in exec_module
  File "<frozen site>", line 722, in <module>
  File "<frozen site>", line 705, in main
  File "<frozen site>", line 624, in venv
OSError: [Errno 11] Resource deadlock avoided
Fatal Python error: init_import_site: Failed to import the site module
Python runtime state: initialized
Traceback (most recent call last):
  File "<frozen importlib._bootstrap>", line 1371, in _find_and_load
  File "<frozen importlib._bootstrap>", line 1342, in _find_and_load_unlocked
  File "<frozen importlib._bootstrap>", line 938, in _load_unlocked
  File "<frozen importlib._bootstrap>", line 1179, in exec_module
  File "<frozen site>", line 722, in <module>
  File "<frozen site>", line 705, in main
  File "<frozen site>", line 624, in venv
OSError: [Errno 11] Resource deadlock avoided
Fatal Python error: init_import_site: Failed to import the site module
Python runtime state: initialized
Traceback (most recent call last):
  File "<frozen importlib._bootstrap>", line 1371, in _find_and_load
  File "<frozen importlib._bootstrap>", line 1342, in _find_and_load_unlocked
  File "<frozen importlib._bootstrap>", line 938, in _load_unlocked
  File "<frozen importlib._bootstrap>", line 1179, in exec_module
  File "<frozen site>", line 722, in <module>
  File "<frozen site>", line 705, in main
  File "<frozen site>", line 624, in venv
OSError: [Errno 11] Resource deadlock avoided
Fatal Python error: init_import_site: Failed to import the site module
Python runtime state: initialized
Traceback (most recent call last):
  File "<frozen importlib._bootstrap>", line 1371, in _find_and_load
  File "<frozen importlib._bootstrap>", line 1342, in _find_and_load_unlocked
  File "<frozen importlib._bootstrap>", line 938, in _load_unlocked
  File "<frozen importlib._bootstrap>", line 1179, in exec_module
  File "<frozen site>", line 722, in <module>
  File "<frozen site>", line 705, in main
  File "<frozen site>", line 624, in venv
OSError: [Errno 11] Resource deadlock avoided
Fatal Python error: init_import_site: Failed to import the site module
Python runtime state: initialized
Traceback (most recent call last):
  File "<frozen importlib._bootstrap>", line 1371, in _find_and_load
  File "<frozen importlib._bootstrap>", line 1342, in _find_and_load_unlocked
  File "<frozen importlib._bootstrap>", line 938, in _load_unlocked
  File "<frozen importlib._bootstrap>", line 1179, in exec_module
  File "<frozen site>", line 722, in <module>
  File "<frozen site>", line 705, in main
  File "<frozen site>", line 624, in venv
OSError: [Errno 11] Resource deadlock avoided
Fatal Python error: init_import_site: Failed to import the site module
Python runtime state: initialized
Traceback (most recent call last):
  File "<frozen importlib._bootstrap>", line 1371, in _find_and_load
  File "<frozen importlib._bootstrap>", line 1342, in _find_and_load_unlocked
  File "<frozen importlib._bootstrap>", line 938, in _load_unlocked
  File "<frozen importlib._bootstrap>", line 1179, in exec_module
  File "<frozen site>", line 722, in <module>
  File "<frozen site>", line 705, in main
  File "<frozen site>", line 624, in venv
OSError: [Errno 11] Resource deadlock avoided
Fatal Python error: init_import_site: Failed to import the site module
Python runtime state: initialized
Traceback (most recent call last):
  File "<frozen importlib._bootstrap>", line 1371, in _find_and_load
  File "<frozen importlib._bootstrap>", line 1342, in _find_and_load_unlocked
  File "<frozen importlib._bootstrap>", line 938, in _load_unlocked
  File "<frozen importlib._bootstrap>", line 1179, in exec_module
  File "<frozen site>", line 722, in <module>
  File "<frozen site>", line 705, in main
  File "<frozen site>", line 624, in venv
OSError: [Errno 11] Resource deadlock avoided
Fatal Python error: init_import_site: Failed to import the site module
Python runtime state: initialized
Traceback (most recent call last):
  File "<frozen importlib._bootstrap>", line 1371, in _find_and_load
  File "<frozen importlib._bootstrap>", line 1342, in _find_and_load_unlocked
  File "<frozen importlib._bootstrap>", line 938, in _load_unlocked
  File "<frozen importlib._bootstrap>", line 1179, in exec_module
  File "<frozen site>", line 722, in <module>
  File "<frozen site>", line 705, in main
  File "<frozen site>", line 624, in venv
OSError: [Errno 11] Resource deadlock avoided
Fatal Python error: init_import_site: Failed to import the site module
Python runtime state: initialized
Traceback (most recent call last):
  File "<frozen importlib._bootstrap>", line 1371, in _find_and_load
  File "<frozen importlib._bootstrap>", line 1342, in _find_and_load_unlocked
  File "<frozen importlib._bootstrap>", line 938, in _load_unlocked
  File "<frozen importlib._bootstrap>", line 1179, in exec_module
  File "<frozen site>", line 722, in <module>
  File "<frozen site>", line 705, in main
  File "<frozen site>", line 624, in venv
OSError: [Errno 11] Resource deadlock avoided
Fatal Python error: init_import_site: Failed to import the site module
Python runtime state: initialized
Traceback (most recent call last):
  File "<frozen importlib._bootstrap>", line 1371, in _find_and_load
  File "<frozen importlib._bootstrap>", line 1342, in _find_and_load_unlocked
  File "<frozen importlib._bootstrap>", line 938, in _load_unlocked
  File "<frozen importlib._bootstrap>", line 1179, in exec_module
  File "<frozen site>", line 722, in <module>
  File "<frozen site>", line 705, in main
  File "<frozen site>", line 624, in venv
OSError: [Errno 11] Resource deadlock avoided
Fatal Python error: init_import_site: Failed to import the site module
Python runtime state: initialized
Traceback (most recent call last):
  File "<frozen importlib._bootstrap>", line 1371, in _find_and_load
  File "<frozen importlib._bootstrap>", line 1342, in _find_and_load_unlocked
  File "<frozen importlib._bootstrap>", line 938, in _load_unlocked
  File "<frozen importlib._bootstrap>", line 1179, in exec_module
  File "<frozen site>", line 722, in <module>
  File "<frozen site>", line 705, in main
  File "<frozen site>", line 624, in venv
OSError: [Errno 11] Resource deadlock avoided
Fatal Python error: init_import_site: Failed to import the site module
Python runtime state: initialized
Traceback (most recent call last):
  File "<frozen importlib._bootstrap>", line 1371, in _find_and_load
  File "<frozen importlib._bootstrap>", line 1342, in _find_and_load_unlocked
  File "<frozen importlib._bootstrap>", line 938, in _load_unlocked
  File "<frozen importlib._bootstrap>", line 1179, in exec_module
  File "<frozen site>", line 722, in <module>
  File "<frozen site>", line 705, in main
  File "<frozen site>", line 624, in venv
OSError: [Errno 11] Resource deadlock avoided
Fatal Python error: init_import_site: Failed to import the site module
Python runtime state: initialized
Traceback (most recent call last):
  File "<frozen importlib._bootstrap>", line 1371, in _find_and_load
  File "<frozen importlib._bootstrap>", line 1342, in _find_and_load_unlocked
  File "<frozen importlib._bootstrap>", line 938, in _load_unlocked
  File "<frozen importlib._bootstrap>", line 1179, in exec_module
  File "<frozen site>", line 722, in <module>
  File "<frozen site>", line 705, in main
  File "<frozen site>", line 624, in venv
OSError: [Errno 11] Resource deadlock avoided
Fatal Python error: init_import_site: Failed to import the site module
Python runtime state: initialized
Traceback (most recent call last):
  File "<frozen importlib._bootstrap>", line 1371, in _find_and_load
  File "<frozen importlib._bootstrap>", line 1342, in _find_and_load_unlocked
  File "<frozen importlib._bootstrap>", line 938, in _load_unlocked
  File "<frozen importlib._bootstrap>", line 1179, in exec_module
  File "<frozen site>", line 722, in <module>
  File "<frozen site>", line 705, in main
  File "<frozen site>", line 624, in venv
OSError: [Errno 11] Resource deadlock avoided
Fatal Python error: init_import_site: Failed to import the site module
Python runtime state: initialized
Traceback (most recent call last):
  File "<frozen importlib._bootstrap>", line 1371, in _find_and_load
  File "<frozen importlib._bootstrap>", line 1342, in _find_and_load_unlocked
  File "<frozen importlib._bootstrap>", line 938, in _load_unlocked
  File "<frozen importlib._bootstrap>", line 1179, in exec_module
  File "<frozen site>", line 722, in <module>
  File "<frozen site>", line 705, in main
  File "<frozen site>", line 624, in venv
OSError: [Errno 11] Resource deadlock avoided
Fatal Python error: init_import_site: Failed to import the site module
Python runtime state: initialized
Traceback (most recent call last):
  File "<frozen importlib._bootstrap>", line 1371, in _find_and_load
  File "<frozen importlib._bootstrap>", line 1342, in _find_and_load_unlocked
  File "<frozen importlib._bootstrap>", line 938, in _load_unlocked
  File "<frozen importlib._bootstrap>", line 1179, in exec_module
  File "<frozen site>", line 722, in <module>
  File "<frozen site>", line 705, in main
  File "<frozen site>", line 624, in venv
OSError: [Errno 11] Resource deadlock avoided
Fatal Python error: init_import_site: Failed to import the site module
Python runtime state: initialized
Traceback (most recent call last):
  File "<frozen importlib._bootstrap>", line 1371, in _find_and_load
  File "<frozen importlib._bootstrap>", line 1342, in _find_and_load_unlocked
  File "<frozen importlib._bootstrap>", line 938, in _load_unlocked
  File "<frozen importlib._bootstrap>", line 1179, in exec_module
  File "<frozen site>", line 722, in <module>
  File "<frozen site>", line 705, in main
  File "<frozen site>", line 624, in venv
OSError: [Errno 11] Resource deadlock avoided
Fatal Python error: init_import_site: Failed to import the site module
Python runtime state: initialized
Traceback (most recent call last):
  File "<frozen importlib._bootstrap>", line 1371, in _find_and_load
  File "<frozen importlib._bootstrap>", line 1342, in _find_and_load_unlocked
  File "<frozen importlib._bootstrap>", line 938, in _load_unlocked
  File "<frozen importlib._bootstrap>", line 1179, in exec_module
  File "<frozen site>", line 722, in <module>
  File "<frozen site>", line 705, in main
  File "<frozen site>", line 624, in venv
OSError: [Errno 11] Resource deadlock avoided
Fatal Python error: init_import_site: Failed to import the site module
Python runtime state: initialized
Traceback (most recent call last):
  File "<frozen importlib._bootstrap>", line 1371, in _find_and_load
  File "<frozen importlib._bootstrap>", line 1342, in _find_and_load_unlocked
  File "<frozen importlib._bootstrap>", line 938, in _load_unlocked
  File "<frozen importlib._bootstrap>", line 1179, in exec_module
  File "<frozen site>", line 722, in <module>
  File "<frozen site>", line 705, in main
  File "<frozen site>", line 624, in venv
OSError: [Errno 11] Resource deadlock avoided
Fatal Python error: init_import_site: Failed to import the site module
Python runtime state: initialized
Traceback (most recent call last):
  File "<frozen importlib._bootstrap>", line 1371, in _find_and_load
  File "<frozen importlib._bootstrap>", line 1342, in _find_and_load_unlocked
  File "<frozen importlib._bootstrap>", line 938, in _load_unlocked
  File "<frozen importlib._bootstrap>", line 1179, in exec_module
  File "<frozen site>", line 722, in <module>
  File "<frozen site>", line 705, in main
  File "<frozen site>", line 624, in venv
OSError: [Errno 11] Resource deadlock avoided
Fatal Python error: init_import_site: Failed to import the site module
Python runtime state: initialized
Traceback (most recent call last):
  File "<frozen importlib._bootstrap>", line 1371, in _find_and_load
  File "<frozen importlib._bootstrap>", line 1342, in _find_and_load_unlocked
  File "<frozen importlib._bootstrap>", line 938, in _load_unlocked
  File "<frozen importlib._bootstrap>", line 1179, in exec_module
  File "<frozen site>", line 722, in <module>
  File "<frozen site>", line 705, in main
  File "<frozen site>", line 624, in venv
OSError: [Errno 11] Resource deadlock avoided
Fatal Python error: init_import_site: Failed to import the site module
Python runtime state: initialized
Traceback (most recent call last):
  File "<frozen importlib._bootstrap>", line 1371, in _find_and_load
  File "<frozen importlib._bootstrap>", line 1342, in _find_and_load_unlocked
  File "<frozen importlib._bootstrap>", line 938, in _load_unlocked
  File "<frozen importlib._bootstrap>", line 1179, in exec_module
  File "<frozen site>", line 722, in <module>
  File "<frozen site>", line 705, in main
  File "<frozen site>", line 624, in venv
OSError: [Errno 11] Resource deadlock avoided
Fatal Python error: init_import_site: Failed to import the site module
Python runtime state: initialized
Traceback (most recent call last):
  File "<frozen importlib._bootstrap>", line 1371, in _find_and_load
  File "<frozen importlib._bootstrap>", line 1342, in _find_and_load_unlocked
  File "<frozen importlib._bootstrap>", line 938, in _load_unlocked
  File "<frozen importlib._bootstrap>", line 1179, in exec_module
  File "<frozen site>", line 722, in <module>
  File "<frozen site>", line 705, in main
  File "<frozen site>", line 624, in venv
OSError: [Errno 11] Resource deadlock avoided
Fatal Python error: init_import_site: Failed to import the site module
Python runtime state: initialized
Traceback (most recent call last):
  File "<frozen importlib._bootstrap>", line 1371, in _find_and_load
  File "<frozen importlib._bootstrap>", line 1342, in _find_and_load_unlocked
  File "<frozen importlib._bootstrap>", line 938, in _load_unlocked
  File "<frozen importlib._bootstrap>", line 1179, in exec_module
  File "<frozen site>", line 722, in <module>
  File "<frozen site>", line 705, in main
  File "<frozen site>", line 624, in venv
OSError: [Errno 11] Resource deadlock avoided
Fatal Python error: init_import_site: Failed to import the site module
Python runtime state: initialized
Traceback (most recent call last):
  File "<frozen importlib._bootstrap>", line 1371, in _find_and_load
  File "<frozen importlib._bootstrap>", line 1342, in _find_and_load_unlocked
  File "<frozen importlib._bootstrap>", line 938, in _load_unlocked
  File "<frozen importlib._bootstrap>", line 1179, in exec_module
  File "<frozen site>", line 722, in <module>
  File "<frozen site>", line 705, in main
  File "<frozen site>", line 624, in venv
OSError: [Errno 11] Resource deadlock avoided
Fatal Python error: init_import_site: Failed to import the site module
Python runtime state: initialized
Traceback (most recent call last):
  File "<frozen importlib._bootstrap>", line 1371, in _find_and_load
  File "<frozen importlib._bootstrap>", line 1342, in _find_and_load_unlocked
  File "<frozen importlib._bootstrap>", line 938, in _load_unlocked
  File "<frozen importlib._bootstrap>", line 1179, in exec_module
  File "<frozen site>", line 722, in <module>
  File "<frozen site>", line 705, in main
  File "<frozen site>", line 624, in venv
OSError: [Errno 11] Resource deadlock avoided
Fatal Python error: init_import_site: Failed to import the site module
Python runtime state: initialized
Traceback (most recent call last):
  File "<frozen importlib._bootstrap>", line 1371, in _find_and_load
  File "<frozen importlib._bootstrap>", line 1342, in _find_and_load_unlocked
  File "<frozen importlib._bootstrap>", line 938, in _load_unlocked
  File "<frozen importlib._bootstrap>", line 1179, in exec_module
  File "<frozen site>", line 722, in <module>
  File "<frozen site>", line 705, in main
  File "<frozen site>", line 624, in venv
OSError: [Errno 11] Resource deadlock avoided
Fatal Python error: init_import_site: Failed to import the site module
Python runtime state: initialized
Traceback (most recent call last):
  File "<frozen importlib._bootstrap>", line 1371, in _find_and_load
  File "<frozen importlib._bootstrap>", line 1342, in _find_and_load_unlocked
  File "<frozen importlib._bootstrap>", line 938, in _load_unlocked
  File "<frozen importlib._bootstrap>", line 1179, in exec_module
  File "<frozen site>", line 722, in <module>
  File "<frozen site>", line 705, in main
  File "<frozen site>", line 624, in venv
OSError: [Errno 11] Resource deadlock avoided
Fatal Python error: init_import_site: Failed to import the site module
Python runtime state: initialized
Traceback (most recent call last):
  File "<frozen importlib._bootstrap>", line 1371, in _find_and_load
  File "<frozen importlib._bootstrap>", line 1342, in _find_and_load_unlocked
  File "<frozen importlib._bootstrap>", line 938, in _load_unlocked
  File "<frozen importlib._bootstrap>", line 1179, in exec_module
  File "<frozen site>", line 722, in <module>
  File "<frozen site>", line 705, in main
  File "<frozen site>", line 624, in venv
OSError: [Errno 11] Resource deadlock avoided
Fatal Python error: init_import_site: Failed to import the site module
Python runtime state: initialized
Traceback (most recent call last):
  File "<frozen importlib._bootstrap>", line 1371, in _find_and_load
  File "<frozen importlib._bootstrap>", line 1342, in _find_and_load_unlocked
  File "<frozen importlib._bootstrap>", line 938, in _load_unlocked
  File "<frozen importlib._bootstrap>", line 1179, in exec_module
  File "<frozen site>", line 722, in <module>
  File "<frozen site>", line 705, in main
  File "<frozen site>", line 624, in venv
OSError: [Errno 11] Resource deadlock avoided
Fatal Python error: init_import_site: Failed to import the site module
Python runtime state: initialized
Traceback (most recent call last):
  File "<frozen importlib._bootstrap>", line 1371, in _find_and_load
  File "<frozen importlib._bootstrap>", line 1342, in _find_and_load_unlocked
  File "<frozen importlib._bootstrap>", line 938, in _load_unlocked
  File "<frozen importlib._bootstrap>", line 1179, in exec_module
  File "<frozen site>", line 722, in <module>
  File "<frozen site>", line 705, in main
  File "<frozen site>", line 624, in venv
OSError: [Errno 11] Resource deadlock avoided
Fatal Python error: init_import_site: Failed to import the site module
Python runtime state: initialized
Traceback (most recent call last):
  File "<frozen importlib._bootstrap>", line 1371, in _find_and_load
  File "<frozen importlib._bootstrap>", line 1342, in _find_and_load_unlocked
  File "<frozen importlib._bootstrap>", line 938, in _load_unlocked
  File "<frozen importlib._bootstrap>", line 1179, in exec_module
  File "<frozen site>", line 722, in <module>
  File "<frozen site>", line 705, in main
  File "<frozen site>", line 624, in venv
OSError: [Errno 11] Resource deadlock avoided
Fatal Python error: init_import_site: Failed to import the site module
Python runtime state: initialized
Traceback (most recent call last):
  File "<frozen importlib._bootstrap>", line 1371, in _find_and_load
  File "<frozen importlib._bootstrap>", line 1342, in _find_and_load_unlocked
  File "<frozen importlib._bootstrap>", line 938, in _load_unlocked
  File "<frozen importlib._bootstrap>", line 1179, in exec_module
  File "<frozen site>", line 722, in <module>
  File "<frozen site>", line 705, in main
  File "<frozen site>", line 624, in venv
OSError: [Errno 11] Resource deadlock avoided
Fatal Python error: init_import_site: Failed to import the site module
Python runtime state: initialized
Traceback (most recent call last):
  File "<frozen importlib._bootstrap>", line 1371, in _find_and_load
  File "<frozen importlib._bootstrap>", line 1342, in _find_and_load_unlocked
  File "<frozen importlib._bootstrap>", line 938, in _load_unlocked
  File "<frozen importlib._bootstrap>", line 1179, in exec_module
  File "<frozen site>", line 722, in <module>
  File "<frozen site>", line 705, in main
  File "<frozen site>", line 624, in venv
OSError: [Errno 11] Resource deadlock avoided
Fatal Python error: init_import_site: Failed to import the site module
Python runtime state: initialized
Traceback (most recent call last):
  File "<frozen importlib._bootstrap>", line 1371, in _find_and_load
  File "<frozen importlib._bootstrap>", line 1342, in _find_and_load_unlocked
  File "<frozen importlib._bootstrap>", line 938, in _load_unlocked
  File "<frozen importlib._bootstrap>", line 1179, in exec_module
  File "<frozen site>", line 722, in <module>
  File "<frozen site>", line 705, in main
  File "<frozen site>", line 624, in venv
OSError: [Errno 11] Resource deadlock avoided
Fatal Python error: init_import_site: Failed to import the site module
Python runtime state: initialized
Traceback (most recent call last):
  File "<frozen importlib._bootstrap>", line 1371, in _find_and_load
  File "<frozen importlib._bootstrap>", line 1342, in _find_and_load_unlocked
  File "<frozen importlib._bootstrap>", line 938, in _load_unlocked
  File "<frozen importlib._bootstrap>", line 1179, in exec_module
  File "<frozen site>", line 722, in <module>
  File "<frozen site>", line 705, in main
  File "<frozen site>", line 624, in venv
OSError: [Errno 11] Resource deadlock avoided
Fatal Python error: init_import_site: Failed to import the site module
Python runtime state: initialized
Traceback (most recent call last):
  File "<frozen importlib._bootstrap>", line 1371, in _find_and_load
  File "<frozen importlib._bootstrap>", line 1342, in _find_and_load_unlocked
  File "<frozen importlib._bootstrap>", line 938, in _load_unlocked
  File "<frozen importlib._bootstrap>", line 1179, in exec_module
  File "<frozen site>", line 722, in <module>
  File "<frozen site>", line 705, in main
  File "<frozen site>", line 624, in venv
OSError: [Errno 11] Resource deadlock avoided
Fatal Python error: init_import_site: Failed to import the site module
Python runtime state: initialized
Traceback (most recent call last):
  File "<frozen importlib._bootstrap>", line 1371, in _find_and_load
  File "<frozen importlib._bootstrap>", line 1342, in _find_and_load_unlocked
  File "<frozen importlib._bootstrap>", line 938, in _load_unlocked
  File "<frozen importlib._bootstrap>", line 1179, in exec_module
  File "<frozen site>", line 722, in <module>
  File "<frozen site>", line 705, in main
  File "<frozen site>", line 624, in venv
OSError: [Errno 11] Resource deadlock avoided
Fatal Python error: init_import_site: Failed to import the site module
Python runtime state: initialized
Traceback (most recent call last):
  File "<frozen importlib._bootstrap>", line 1371, in _find_and_load
  File "<frozen importlib._bootstrap>", line 1342, in _find_and_load_unlocked
  File "<frozen importlib._bootstrap>", line 938, in _load_unlocked
  File "<frozen importlib._bootstrap>", line 1179, in exec_module
  File "<frozen site>", line 722, in <module>
  File "<frozen site>", line 705, in main
  File "<frozen site>", line 624, in venv
OSError: [Errno 11] Resource deadlock avoided
Fatal Python error: init_import_site: Failed to import the site module
Python runtime state: initialized
Traceback (most recent call last):
  File "<frozen importlib._bootstrap>", line 1371, in _find_and_load
  File "<frozen importlib._bootstrap>", line 1342, in _find_and_load_unlocked
  File "<frozen importlib._bootstrap>", line 938, in _load_unlocked
  File "<frozen importlib._bootstrap>", line 1179, in exec_module
  File "<frozen site>", line 722, in <module>
  File "<frozen site>", line 705, in main
  File "<frozen site>", line 624, in venv
OSError: [Errno 11] Resource deadlock avoided
Fatal Python error: init_import_site: Failed to import the site module
Python runtime state: initialized
Traceback (most recent call last):
  File "<frozen importlib._bootstrap>", line 1371, in _find_and_load
  File "<frozen importlib._bootstrap>", line 1342, in _find_and_load_unlocked
  File "<frozen importlib._bootstrap>", line 938, in _load_unlocked
  File "<frozen importlib._bootstrap>", line 1179, in exec_module
  File "<frozen site>", line 722, in <module>
  File "<frozen site>", line 705, in main
  File "<frozen site>", line 624, in venv
OSError: [Errno 11] Resource deadlock avoided
Fatal Python error: init_import_site: Failed to import the site module
Python runtime state: initialized
Traceback (most recent call last):
  File "<frozen importlib._bootstrap>", line 1371, in _find_and_load
  File "<frozen importlib._bootstrap>", line 1342, in _find_and_load_unlocked
  File "<frozen importlib._bootstrap>", line 938, in _load_unlocked
  File "<frozen importlib._bootstrap>", line 1179, in exec_module
  File "<frozen site>", line 722, in <module>
  File "<frozen site>", line 705, in main
  File "<frozen site>", line 624, in venv
OSError: [Errno 11] Resource deadlock avoided
Fatal Python error: init_import_site: Failed to import the site module
Python runtime state: initialized
Traceback (most recent call last):
  File "<frozen importlib._bootstrap>", line 1371, in _find_and_load
  File "<frozen importlib._bootstrap>", line 1342, in _find_and_load_unlocked
  File "<frozen importlib._bootstrap>", line 938, in _load_unlocked
  File "<frozen importlib._bootstrap>", line 1179, in exec_module
  File "<frozen site>", line 722, in <module>
  File "<frozen site>", line 705, in main
  File "<frozen site>", line 624, in venv
OSError: [Errno 11] Resource deadlock avoided
Fatal Python error: init_import_site: Failed to import the site module
Python runtime state: initialized
Traceback (most recent call last):
  File "<frozen importlib._bootstrap>", line 1371, in _find_and_load
  File "<frozen importlib._bootstrap>", line 1342, in _find_and_load_unlocked
  File "<frozen importlib._bootstrap>", line 938, in _load_unlocked
  File "<frozen importlib._bootstrap>", line 1179, in exec_module
  File "<frozen site>", line 722, in <module>
  File "<frozen site>", line 705, in main
  File "<frozen site>", line 624, in venv
OSError: [Errno 11] Resource deadlock avoided
Fatal Python error: init_import_site: Failed to import the site module
Python runtime state: initialized
Traceback (most recent call last):
  File "<frozen importlib._bootstrap>", line 1371, in _find_and_load
  File "<frozen importlib._bootstrap>", line 1342, in _find_and_load_unlocked
  File "<frozen importlib._bootstrap>", line 938, in _load_unlocked
  File "<frozen importlib._bootstrap>", line 1179, in exec_module
  File "<frozen site>", line 722, in <module>
  File "<frozen site>", line 705, in main
  File "<frozen site>", line 624, in venv
OSError: [Errno 11] Resource deadlock avoided
Fatal Python error: init_import_site: Failed to import the site module
Python runtime state: initialized
Traceback (most recent call last):
  File "<frozen importlib._bootstrap>", line 1371, in _find_and_load
  File "<frozen importlib._bootstrap>", line 1342, in _find_and_load_unlocked
  File "<frozen importlib._bootstrap>", line 938, in _load_unlocked
  File "<frozen importlib._bootstrap>", line 1179, in exec_module
  File "<frozen site>", line 722, in <module>
  File "<frozen site>", line 705, in main
  File "<frozen site>", line 624, in venv
OSError: [Errno 11] Resource deadlock avoided
Fatal Python error: init_import_site: Failed to import the site module
Python runtime state: initialized
Traceback (most recent call last):
  File "<frozen importlib._bootstrap>", line 1371, in _find_and_load
  File "<frozen importlib._bootstrap>", line 1342, in _find_and_load_unlocked
  File "<frozen importlib._bootstrap>", line 938, in _load_unlocked
  File "<frozen importlib._bootstrap>", line 1179, in exec_module
  File "<frozen site>", line 722, in <module>
  File "<frozen site>", line 705, in main
  File "<frozen site>", line 624, in venv
OSError: [Errno 11] Resource deadlock avoided
Fatal Python error: init_import_site: Failed to import the site module
Python runtime state: initialized
Traceback (most recent call last):
  File "<frozen importlib._bootstrap>", line 1371, in _find_and_load
  File "<frozen importlib._bootstrap>", line 1342, in _find_and_load_unlocked
  File "<frozen importlib._bootstrap>", line 938, in _load_unlocked
  File "<frozen importlib._bootstrap>", line 1179, in exec_module
  File "<frozen site>", line 722, in <module>
  File "<frozen site>", line 705, in main
  File "<frozen site>", line 624, in venv
OSError: [Errno 11] Resource deadlock avoided
Fatal Python error: init_import_site: Failed to import the site module
Python runtime state: initialized
Traceback (most recent call last):
  File "<frozen importlib._bootstrap>", line 1371, in _find_and_load
  File "<frozen importlib._bootstrap>", line 1342, in _find_and_load_unlocked
  File "<frozen importlib._bootstrap>", line 938, in _load_unlocked
  File "<frozen importlib._bootstrap>", line 1179, in exec_module
  File "<frozen site>", line 722, in <module>
  File "<frozen site>", line 705, in main
  File "<frozen site>", line 624, in venv
OSError: [Errno 11] Resource deadlock avoided
Fatal Python error: init_import_site: Failed to import the site module
Python runtime state: initialized
Traceback (most recent call last):
  File "<frozen importlib._bootstrap>", line 1371, in _find_and_load
  File "<frozen importlib._bootstrap>", line 1342, in _find_and_load_unlocked
  File "<frozen importlib._bootstrap>", line 938, in _load_unlocked
  File "<frozen importlib._bootstrap>", line 1179, in exec_module
  File "<frozen site>", line 722, in <module>
  File "<frozen site>", line 705, in main
  File "<frozen site>", line 624, in venv
OSError: [Errno 11] Resource deadlock avoided
Fatal Python error: init_import_site: Failed to import the site module
Python runtime state: initialized
Traceback (most recent call last):
  File "<frozen importlib._bootstrap>", line 1371, in _find_and_load
  File "<frozen importlib._bootstrap>", line 1342, in _find_and_load_unlocked
  File "<frozen importlib._bootstrap>", line 938, in _load_unlocked
  File "<frozen importlib._bootstrap>", line 1179, in exec_module
  File "<frozen site>", line 722, in <module>
  File "<frozen site>", line 705, in main
  File "<frozen site>", line 624, in venv
OSError: [Errno 11] Resource deadlock avoided
Fatal Python error: init_import_site: Failed to import the site module
Python runtime state: initialized
Traceback (most recent call last):
  File "<frozen importlib._bootstrap>", line 1371, in _find_and_load
  File "<frozen importlib._bootstrap>", line 1342, in _find_and_load_unlocked
  File "<frozen importlib._bootstrap>", line 938, in _load_unlocked
  File "<frozen importlib._bootstrap>", line 1179, in exec_module
  File "<frozen site>", line 722, in <module>
  File "<frozen site>", line 705, in main
  File "<frozen site>", line 624, in venv
OSError: [Errno 11] Resource deadlock avoided
Fatal Python error: init_import_site: Failed to import the site module
Python runtime state: initialized
Traceback (most recent call last):
  File "<frozen importlib._bootstrap>", line 1371, in _find_and_load
  File "<frozen importlib._bootstrap>", line 1342, in _find_and_load_unlocked
  File "<frozen importlib._bootstrap>", line 938, in _load_unlocked
  File "<frozen importlib._bootstrap>", line 1179, in exec_module
  File "<frozen site>", line 722, in <module>
  File "<frozen site>", line 705, in main
  File "<frozen site>", line 624, in venv
OSError: [Errno 11] Resource deadlock avoided
Fatal Python error: init_import_site: Failed to import the site module
Python runtime state: initialized
Traceback (most recent call last):
  File "<frozen importlib._bootstrap>", line 1371, in _find_and_load
  File "<frozen importlib._bootstrap>", line 1342, in _find_and_load_unlocked
  File "<frozen importlib._bootstrap>", line 938, in _load_unlocked
  File "<frozen importlib._bootstrap>", line 1179, in exec_module
  File "<frozen site>", line 722, in <module>
  File "<frozen site>", line 705, in main
  File "<frozen site>", line 624, in venv
OSError: [Errno 11] Resource deadlock avoided
Fatal Python error: init_import_site: Failed to import the site module
Python runtime state: initialized
Traceback (most recent call last):
  File "<frozen importlib._bootstrap>", line 1371, in _find_and_load
  File "<frozen importlib._bootstrap>", line 1342, in _find_and_load_unlocked
  File "<frozen importlib._bootstrap>", line 938, in _load_unlocked
  File "<frozen importlib._bootstrap>", line 1179, in exec_module
  File "<frozen site>", line 722, in <module>
  File "<frozen site>", line 705, in main
  File "<frozen site>", line 624, in venv
OSError: [Errno 11] Resource deadlock avoided
Fatal Python error: init_import_site: Failed to import the site module
Python runtime state: initialized
Traceback (most recent call last):
  File "<frozen importlib._bootstrap>", line 1371, in _find_and_load
  File "<frozen importlib._bootstrap>", line 1342, in _find_and_load_unlocked
  File "<frozen importlib._bootstrap>", line 938, in _load_unlocked
  File "<frozen importlib._bootstrap>", line 1179, in exec_module
  File "<frozen site>", line 722, in <module>
  File "<frozen site>", line 705, in main
  File "<frozen site>", line 624, in venv
OSError: [Errno 11] Resource deadlock avoided
Fatal Python error: init_import_site: Failed to import the site module
Python runtime state: initialized
Traceback (most recent call last):
  File "<frozen importlib._bootstrap>", line 1371, in _find_and_load
  File "<frozen importlib._bootstrap>", line 1342, in _find_and_load_unlocked
  File "<frozen importlib._bootstrap>", line 938, in _load_unlocked
  File "<frozen importlib._bootstrap>", line 1179, in exec_module
  File "<frozen site>", line 722, in <module>
  File "<frozen site>", line 705, in main
  File "<frozen site>", line 624, in venv
OSError: [Errno 11] Resource deadlock avoided
Fatal Python error: init_import_site: Failed to import the site module
Python runtime state: initialized
Traceback (most recent call last):
  File "<frozen importlib._bootstrap>", line 1371, in _find_and_load
  File "<frozen importlib._bootstrap>", line 1342, in _find_and_load_unlocked
  File "<frozen importlib._bootstrap>", line 938, in _load_unlocked
  File "<frozen importlib._bootstrap>", line 1179, in exec_module
  File "<frozen site>", line 722, in <module>
  File "<frozen site>", line 705, in main
  File "<frozen site>", line 624, in venv
OSError: [Errno 11] Resource deadlock avoided
Fatal Python error: init_import_site: Failed to import the site module
Python runtime state: initialized
Traceback (most recent call last):
  File "<frozen importlib._bootstrap>", line 1371, in _find_and_load
  File "<frozen importlib._bootstrap>", line 1342, in _find_and_load_unlocked
  File "<frozen importlib._bootstrap>", line 938, in _load_unlocked
  File "<frozen importlib._bootstrap>", line 1179, in exec_module
  File "<frozen site>", line 722, in <module>
  File "<frozen site>", line 705, in main
  File "<frozen site>", line 624, in venv
OSError: [Errno 11] Resource deadlock avoided
Fatal Python error: init_import_site: Failed to import the site module
Python runtime state: initialized
Traceback (most recent call last):
  File "<frozen importlib._bootstrap>", line 1371, in _find_and_load
  File "<frozen importlib._bootstrap>", line 1342, in _find_and_load_unlocked
  File "<frozen importlib._bootstrap>", line 938, in _load_unlocked
  File "<frozen importlib._bootstrap>", line 1179, in exec_module
  File "<frozen site>", line 722, in <module>
  File "<frozen site>", line 705, in main
  File "<frozen site>", line 624, in venv
OSError: [Errno 11] Resource deadlock avoided
Fatal Python error: init_import_site: Failed to import the site module
Python runtime state: initialized
Traceback (most recent call last):
  File "<frozen importlib._bootstrap>", line 1371, in _find_and_load
  File "<frozen importlib._bootstrap>", line 1342, in _find_and_load_unlocked
  File "<frozen importlib._bootstrap>", line 938, in _load_unlocked
  File "<frozen importlib._bootstrap>", line 1179, in exec_module
  File "<frozen site>", line 722, in <module>
  File "<frozen site>", line 705, in main
  File "<frozen site>", line 624, in venv
OSError: [Errno 11] Resource deadlock avoided
Fatal Python error: init_import_site: Failed to import the site module
Python runtime state: initialized
Traceback (most recent call last):
  File "<frozen importlib._bootstrap>", line 1371, in _find_and_load
  File "<frozen importlib._bootstrap>", line 1342, in _find_and_load_unlocked
  File "<frozen importlib._bootstrap>", line 938, in _load_unlocked
  File "<frozen importlib._bootstrap>", line 1179, in exec_module
  File "<frozen site>", line 722, in <module>
  File "<frozen site>", line 705, in main
  File "<frozen site>", line 624, in venv
OSError: [Errno 11] Resource deadlock avoided
Fatal Python error: init_import_site: Failed to import the site module
Python runtime state: initialized
Traceback (most recent call last):
  File "<frozen importlib._bootstrap>", line 1371, in _find_and_load
  File "<frozen importlib._bootstrap>", line 1342, in _find_and_load_unlocked
  File "<frozen importlib._bootstrap>", line 938, in _load_unlocked
  File "<frozen importlib._bootstrap>", line 1179, in exec_module
  File "<frozen site>", line 722, in <module>
  File "<frozen site>", line 705, in main
  File "<frozen site>", line 624, in venv
OSError: [Errno 11] Resource deadlock avoided
Fatal Python error: init_import_site: Failed to import the site module
Python runtime state: initialized
Traceback (most recent call last):
  File "<frozen importlib._bootstrap>", line 1371, in _find_and_load
  File "<frozen importlib._bootstrap>", line 1342, in _find_and_load_unlocked
  File "<frozen importlib._bootstrap>", line 938, in _load_unlocked
  File "<frozen importlib._bootstrap>", line 1179, in exec_module
  File "<frozen site>", line 722, in <module>
  File "<frozen site>", line 705, in main
  File "<frozen site>", line 624, in venv
OSError: [Errno 11] Resource deadlock avoided
Fatal Python error: init_import_site: Failed to import the site module
Python runtime state: initialized
Traceback (most recent call last):
  File "<frozen importlib._bootstrap>", line 1371, in _find_and_load
  File "<frozen importlib._bootstrap>", line 1342, in _find_and_load_unlocked
  File "<frozen importlib._bootstrap>", line 938, in _load_unlocked
  File "<frozen importlib._bootstrap>", line 1179, in exec_module
  File "<frozen site>", line 722, in <module>
  File "<frozen site>", line 705, in main
  File "<frozen site>", line 624, in venv
OSError: [Errno 11] Resource deadlock avoided
Fatal Python error: init_import_site: Failed to import the site module
Python runtime state: initialized
Traceback (most recent call last):
  File "<frozen importlib._bootstrap>", line 1371, in _find_and_load
  File "<frozen importlib._bootstrap>", line 1342, in _find_and_load_unlocked
  File "<frozen importlib._bootstrap>", line 938, in _load_unlocked
  File "<frozen importlib._bootstrap>", line 1179, in exec_module
  File "<frozen site>", line 722, in <module>
  File "<frozen site>", line 705, in main
  File "<frozen site>", line 624, in venv
OSError: [Errno 11] Resource deadlock avoided
Fatal Python error: init_import_site: Failed to import the site module
Python runtime state: initialized
Traceback (most recent call last):
  File "<frozen importlib._bootstrap>", line 1371, in _find_and_load
  File "<frozen importlib._bootstrap>", line 1342, in _find_and_load_unlocked
  File "<frozen importlib._bootstrap>", line 938, in _load_unlocked
  File "<frozen importlib._bootstrap>", line 1179, in exec_module
  File "<frozen site>", line 722, in <module>
  File "<frozen site>", line 705, in main
  File "<frozen site>", line 624, in venv
OSError: [Errno 11] Resource deadlock avoided
Fatal Python error: init_import_site: Failed to import the site module
Python runtime state: initialized
Traceback (most recent call last):
  File "<frozen importlib._bootstrap>", line 1371, in _find_and_load
  File "<frozen importlib._bootstrap>", line 1342, in _find_and_load_unlocked
  File "<frozen importlib._bootstrap>", line 938, in _load_unlocked
  File "<frozen importlib._bootstrap>", line 1179, in exec_module
  File "<frozen site>", line 722, in <module>
  File "<frozen site>", line 705, in main
  File "<frozen site>", line 624, in venv
OSError: [Errno 11] Resource deadlock avoided
Fatal Python error: init_import_site: Failed to import the site module
Python runtime state: initialized
Traceback (most recent call last):
  File "<frozen importlib._bootstrap>", line 1371, in _find_and_load
  File "<frozen importlib._bootstrap>", line 1342, in _find_and_load_unlocked
  File "<frozen importlib._bootstrap>", line 938, in _load_unlocked
  File "<frozen importlib._bootstrap>", line 1179, in exec_module
  File "<frozen site>", line 722, in <module>
  File "<frozen site>", line 705, in main
  File "<frozen site>", line 624, in venv
OSError: [Errno 11] Resource deadlock avoided
Fatal Python error: init_import_site: Failed to import the site module
Python runtime state: initialized
Traceback (most recent call last):
  File "<frozen importlib._bootstrap>", line 1371, in _find_and_load
  File "<frozen importlib._bootstrap>", line 1342, in _find_and_load_unlocked
  File "<frozen importlib._bootstrap>", line 938, in _load_unlocked
  File "<frozen importlib._bootstrap>", line 1179, in exec_module
  File "<frozen site>", line 722, in <module>
  File "<frozen site>", line 705, in main
  File "<frozen site>", line 624, in venv
OSError: [Errno 11] Resource deadlock avoided
Fatal Python error: init_import_site: Failed to import the site module
Python runtime state: initialized
Traceback (most recent call last):
  File "<frozen importlib._bootstrap>", line 1371, in _find_and_load
  File "<frozen importlib._bootstrap>", line 1342, in _find_and_load_unlocked
  File "<frozen importlib._bootstrap>", line 938, in _load_unlocked
  File "<frozen importlib._bootstrap>", line 1179, in exec_module
  File "<frozen site>", line 722, in <module>
  File "<frozen site>", line 705, in main
  File "<frozen site>", line 624, in venv
OSError: [Errno 11] Resource deadlock avoided
Fatal Python error: init_import_site: Failed to import the site module
Python runtime state: initialized
Traceback (most recent call last):
  File "<frozen importlib._bootstrap>", line 1371, in _find_and_load
  File "<frozen importlib._bootstrap>", line 1342, in _find_and_load_unlocked
  File "<frozen importlib._bootstrap>", line 938, in _load_unlocked
  File "<frozen importlib._bootstrap>", line 1179, in exec_module
  File "<frozen site>", line 722, in <module>
  File "<frozen site>", line 705, in main
  File "<frozen site>", line 624, in venv
OSError: [Errno 11] Resource deadlock avoided
Fatal Python error: init_import_site: Failed to import the site module
Python runtime state: initialized
Traceback (most recent call last):
  File "<frozen importlib._bootstrap>", line 1371, in _find_and_load
  File "<frozen importlib._bootstrap>", line 1342, in _find_and_load_unlocked
  File "<frozen importlib._bootstrap>", line 938, in _load_unlocked
  File "<frozen importlib._bootstrap>", line 1179, in exec_module
  File "<frozen site>", line 722, in <module>
  File "<frozen site>", line 705, in main
  File "<frozen site>", line 624, in venv
OSError: [Errno 11] Resource deadlock avoided
Fatal Python error: init_import_site: Failed to import the site module
Python runtime state: initialized
Traceback (most recent call last):
  File "<frozen importlib._bootstrap>", line 1371, in _find_and_load
  File "<frozen importlib._bootstrap>", line 1342, in _find_and_load_unlocked
  File "<frozen importlib._bootstrap>", line 938, in _load_unlocked
  File "<frozen importlib._bootstrap>", line 1179, in exec_module
  File "<frozen site>", line 722, in <module>
  File "<frozen site>", line 705, in main
  File "<frozen site>", line 624, in venv
OSError: [Errno 11] Resource deadlock avoided
Fatal Python error: init_import_site: Failed to import the site module
Python runtime state: initialized
Traceback (most recent call last):
  File "<frozen importlib._bootstrap>", line 1371, in _find_and_load
  File "<frozen importlib._bootstrap>", line 1342, in _find_and_load_unlocked
  File "<frozen importlib._bootstrap>", line 938, in _load_unlocked
  File "<frozen importlib._bootstrap>", line 1179, in exec_module
  File "<frozen site>", line 722, in <module>
  File "<frozen site>", line 705, in main
  File "<frozen site>", line 624, in venv
OSError: [Errno 11] Resource deadlock avoided
Fatal Python error: init_import_site: Failed to import the site module
Python runtime state: initialized
Traceback (most recent call last):
  File "<frozen importlib._bootstrap>", line 1371, in _find_and_load
  File "<frozen importlib._bootstrap>", line 1342, in _find_and_load_unlocked
  File "<frozen importlib._bootstrap>", line 938, in _load_unlocked
  File "<frozen importlib._bootstrap>", line 1179, in exec_module
  File "<frozen site>", line 722, in <module>
  File "<frozen site>", line 705, in main
  File "<frozen site>", line 624, in venv
OSError: [Errno 11] Resource deadlock avoided
Fatal Python error: init_import_site: Failed to import the site module
Python runtime state: initialized
Traceback (most recent call last):
  File "<frozen importlib._bootstrap>", line 1371, in _find_and_load
  File "<frozen importlib._bootstrap>", line 1342, in _find_and_load_unlocked
  File "<frozen importlib._bootstrap>", line 938, in _load_unlocked
  File "<frozen importlib._bootstrap>", line 1179, in exec_module
  File "<frozen site>", line 722, in <module>
  File "<frozen site>", line 705, in main
  File "<frozen site>", line 624, in venv
OSError: [Errno 11] Resource deadlock avoided
Fatal Python error: init_import_site: Failed to import the site module
Python runtime state: initialized
Traceback (most recent call last):
  File "<frozen importlib._bootstrap>", line 1371, in _find_and_load
  File "<frozen importlib._bootstrap>", line 1342, in _find_and_load_unlocked
  File "<frozen importlib._bootstrap>", line 938, in _load_unlocked
  File "<frozen importlib._bootstrap>", line 1179, in exec_module
  File "<frozen site>", line 722, in <module>
  File "<frozen site>", line 705, in main
  File "<frozen site>", line 624, in venv
OSError: [Errno 11] Resource deadlock avoided
Fatal Python error: init_import_site: Failed to import the site module
Python runtime state: initialized
Traceback (most recent call last):
  File "<frozen importlib._bootstrap>", line 1371, in _find_and_load
  File "<frozen importlib._bootstrap>", line 1342, in _find_and_load_unlocked
  File "<frozen importlib._bootstrap>", line 938, in _load_unlocked
  File "<frozen importlib._bootstrap>", line 1179, in exec_module
  File "<frozen site>", line 722, in <module>
  File "<frozen site>", line 705, in main
  File "<frozen site>", line 624, in venv
OSError: [Errno 11] Resource deadlock avoided
Fatal Python error: init_import_site: Failed to import the site module
Python runtime state: initialized
Traceback (most recent call last):
  File "<frozen importlib._bootstrap>", line 1371, in _find_and_load
  File "<frozen importlib._bootstrap>", line 1342, in _find_and_load_unlocked
  File "<frozen importlib._bootstrap>", line 938, in _load_unlocked
  File "<frozen importlib._bootstrap>", line 1179, in exec_module
  File "<frozen site>", line 722, in <module>
  File "<frozen site>", line 705, in main
  File "<frozen site>", line 624, in venv
OSError: [Errno 11] Resource deadlock avoided
Fatal Python error: init_import_site: Failed to import the site module
Python runtime state: initialized
Traceback (most recent call last):
  File "<frozen importlib._bootstrap>", line 1371, in _find_and_load
  File "<frozen importlib._bootstrap>", line 1342, in _find_and_load_unlocked
  File "<frozen importlib._bootstrap>", line 938, in _load_unlocked
  File "<frozen importlib._bootstrap>", line 1179, in exec_module
  File "<frozen site>", line 722, in <module>
  File "<frozen site>", line 705, in main
  File "<frozen site>", line 624, in venv
OSError: [Errno 11] Resource deadlock avoided
Fatal Python error: init_import_site: Failed to import the site module
Python runtime state: initialized
Traceback (most recent call last):
  File "<frozen importlib._bootstrap>", line 1371, in _find_and_load
  File "<frozen importlib._bootstrap>", line 1342, in _find_and_load_unlocked
  File "<frozen importlib._bootstrap>", line 938, in _load_unlocked
  File "<frozen importlib._bootstrap>", line 1179, in exec_module
  File "<frozen site>", line 722, in <module>
  File "<frozen site>", line 705, in main
  File "<frozen site>", line 624, in venv
OSError: [Errno 11] Resource deadlock avoided
Fatal Python error: init_import_site: Failed to import the site module
Python runtime state: initialized
Traceback (most recent call last):
  File "<frozen importlib._bootstrap>", line 1371, in _find_and_load
  File "<frozen importlib._bootstrap>", line 1342, in _find_and_load_unlocked
  File "<frozen importlib._bootstrap>", line 938, in _load_unlocked
  File "<frozen importlib._bootstrap>", line 1179, in exec_module
  File "<frozen site>", line 722, in <module>
  File "<frozen site>", line 705, in main
  File "<frozen site>", line 624, in venv
OSError: [Errno 11] Resource deadlock avoided
Fatal Python error: init_import_site: Failed to import the site module
Python runtime state: initialized
Traceback (most recent call last):
  File "<frozen importlib._bootstrap>", line 1371, in _find_and_load
  File "<frozen importlib._bootstrap>", line 1342, in _find_and_load_unlocked
  File "<frozen importlib._bootstrap>", line 938, in _load_unlocked
  File "<frozen importlib._bootstrap>", line 1179, in exec_module
  File "<frozen site>", line 722, in <module>
  File "<frozen site>", line 705, in main
  File "<frozen site>", line 624, in venv
OSError: [Errno 11] Resource deadlock avoided
Fatal Python error: init_import_site: Failed to import the site module
Python runtime state: initialized
Traceback (most recent call last):
  File "<frozen importlib._bootstrap>", line 1371, in _find_and_load
  File "<frozen importlib._bootstrap>", line 1342, in _find_and_load_unlocked
  File "<frozen importlib._bootstrap>", line 938, in _load_unlocked
  File "<frozen importlib._bootstrap>", line 1179, in exec_module
  File "<frozen site>", line 722, in <module>
  File "<frozen site>", line 705, in main
  File "<frozen site>", line 624, in venv
OSError: [Errno 11] Resource deadlock avoided
Fatal Python error: init_import_site: Failed to import the site module
Python runtime state: initialized
Traceback (most recent call last):
  File "<frozen importlib._bootstrap>", line 1371, in _find_and_load
  File "<frozen importlib._bootstrap>", line 1342, in _find_and_load_unlocked
  File "<frozen importlib._bootstrap>", line 938, in _load_unlocked
  File "<frozen importlib._bootstrap>", line 1179, in exec_module
  File "<frozen site>", line 722, in <module>
  File "<frozen site>", line 705, in main
  File "<frozen site>", line 624, in venv
OSError: [Errno 11] Resource deadlock avoided
Fatal Python error: init_import_site: Failed to import the site module
Python runtime state: initialized
Traceback (most recent call last):
  File "<frozen importlib._bootstrap>", line 1371, in _find_and_load
  File "<frozen importlib._bootstrap>", line 1342, in _find_and_load_unlocked
  File "<frozen importlib._bootstrap>", line 938, in _load_unlocked
  File "<frozen importlib._bootstrap>", line 1179, in exec_module
  File "<frozen site>", line 722, in <module>
  File "<frozen site>", line 705, in main
  File "<frozen site>", line 624, in venv
OSError: [Errno 11] Resource deadlock avoided
Fatal Python error: init_import_site: Failed to import the site module
Python runtime state: initialized
Traceback (most recent call last):
  File "<frozen importlib._bootstrap>", line 1371, in _find_and_load
  File "<frozen importlib._bootstrap>", line 1342, in _find_and_load_unlocked
  File "<frozen importlib._bootstrap>", line 938, in _load_unlocked
  File "<frozen importlib._bootstrap>", line 1179, in exec_module
  File "<frozen site>", line 722, in <module>
  File "<frozen site>", line 705, in main
  File "<frozen site>", line 624, in venv
OSError: [Errno 11] Resource deadlock avoided
Fatal Python error: init_import_site: Failed to import the site module
Python runtime state: initialized
Traceback (most recent call last):
  File "<frozen importlib._bootstrap>", line 1371, in _find_and_load
  File "<frozen importlib._bootstrap>", line 1342, in _find_and_load_unlocked
  File "<frozen importlib._bootstrap>", line 938, in _load_unlocked
  File "<frozen importlib._bootstrap>", line 1179, in exec_module
  File "<frozen site>", line 722, in <module>
  File "<frozen site>", line 705, in main
  File "<frozen site>", line 624, in venv
OSError: [Errno 11] Resource deadlock avoided
Fatal Python error: init_import_site: Failed to import the site module
Python runtime state: initialized
Traceback (most recent call last):
  File "<frozen importlib._bootstrap>", line 1371, in _find_and_load
  File "<frozen importlib._bootstrap>", line 1342, in _find_and_load_unlocked
  File "<frozen importlib._bootstrap>", line 938, in _load_unlocked
  File "<frozen importlib._bootstrap>", line 1179, in exec_module
  File "<frozen site>", line 722, in <module>
  File "<frozen site>", line 705, in main
  File "<frozen site>", line 624, in venv
OSError: [Errno 11] Resource deadlock avoided
Fatal Python error: init_import_site: Failed to import the site module
Python runtime state: initialized
Traceback (most recent call last):
  File "<frozen importlib._bootstrap>", line 1371, in _find_and_load
  File "<frozen importlib._bootstrap>", line 1342, in _find_and_load_unlocked
  File "<frozen importlib._bootstrap>", line 938, in _load_unlocked
  File "<frozen importlib._bootstrap>", line 1179, in exec_module
  File "<frozen site>", line 722, in <module>
  File "<frozen site>", line 705, in main
  File "<frozen site>", line 624, in venv
OSError: [Errno 11] Resource deadlock avoided
Fatal Python error: init_import_site: Failed to import the site module
Python runtime state: initialized
Traceback (most recent call last):
  File "<frozen importlib._bootstrap>", line 1371, in _find_and_load
  File "<frozen importlib._bootstrap>", line 1342, in _find_and_load_unlocked
  File "<frozen importlib._bootstrap>", line 938, in _load_unlocked
  File "<frozen importlib._bootstrap>", line 1179, in exec_module
  File "<frozen site>", line 722, in <module>
  File "<frozen site>", line 705, in main
  File "<frozen site>", line 624, in venv
OSError: [Errno 11] Resource deadlock avoided
Fatal Python error: init_import_site: Failed to import the site module
Python runtime state: initialized
Traceback (most recent call last):
  File "<frozen importlib._bootstrap>", line 1371, in _find_and_load
  File "<frozen importlib._bootstrap>", line 1342, in _find_and_load_unlocked
  File "<frozen importlib._bootstrap>", line 938, in _load_unlocked
  File "<frozen importlib._bootstrap>", line 1179, in exec_module
  File "<frozen site>", line 722, in <module>
  File "<frozen site>", line 705, in main
  File "<frozen site>", line 624, in venv
OSError: [Errno 11] Resource deadlock avoided
Fatal Python error: init_import_site: Failed to import the site module
Python runtime state: initialized
Traceback (most recent call last):
  File "<frozen importlib._bootstrap>", line 1371, in _find_and_load
  File "<frozen importlib._bootstrap>", line 1342, in _find_and_load_unlocked
  File "<frozen importlib._bootstrap>", line 938, in _load_unlocked
  File "<frozen importlib._bootstrap>", line 1179, in exec_module
  File "<frozen site>", line 722, in <module>
  File "<frozen site>", line 705, in main
  File "<frozen site>", line 624, in venv
OSError: [Errno 11] Resource deadlock avoided
Fatal Python error: init_import_site: Failed to import the site module
Python runtime state: initialized
Traceback (most recent call last):
  File "<frozen importlib._bootstrap>", line 1371, in _find_and_load
  File "<frozen importlib._bootstrap>", line 1342, in _find_and_load_unlocked
  File "<frozen importlib._bootstrap>", line 938, in _load_unlocked
  File "<frozen importlib._bootstrap>", line 1179, in exec_module
  File "<frozen site>", line 722, in <module>
  File "<frozen site>", line 705, in main
  File "<frozen site>", line 624, in venv
OSError: [Errno 11] Resource deadlock avoided
Fatal Python error: init_import_site: Failed to import the site module
Python runtime state: initialized
Traceback (most recent call last):
  File "<frozen importlib._bootstrap>", line 1371, in _find_and_load
  File "<frozen importlib._bootstrap>", line 1342, in _find_and_load_unlocked
  File "<frozen importlib._bootstrap>", line 938, in _load_unlocked
  File "<frozen importlib._bootstrap>", line 1179, in exec_module
  File "<frozen site>", line 722, in <module>
  File "<frozen site>", line 705, in main
  File "<frozen site>", line 624, in venv
OSError: [Errno 11] Resource deadlock avoided
Fatal Python error: init_import_site: Failed to import the site module
Python runtime state: initialized
Traceback (most recent call last):
  File "<frozen importlib._bootstrap>", line 1371, in _find_and_load
  File "<frozen importlib._bootstrap>", line 1342, in _find_and_load_unlocked
  File "<frozen importlib._bootstrap>", line 938, in _load_unlocked
  File "<frozen importlib._bootstrap>", line 1179, in exec_module
  File "<frozen site>", line 722, in <module>
  File "<frozen site>", line 705, in main
  File "<frozen site>", line 624, in venv
OSError: [Errno 11] Resource deadlock avoided
Fatal Python error: init_import_site: Failed to import the site module
Python runtime state: initialized
Traceback (most recent call last):
  File "<frozen importlib._bootstrap>", line 1371, in _find_and_load
  File "<frozen importlib._bootstrap>", line 1342, in _find_and_load_unlocked
  File "<frozen importlib._bootstrap>", line 938, in _load_unlocked
  File "<frozen importlib._bootstrap>", line 1179, in exec_module
  File "<frozen site>", line 722, in <module>
  File "<frozen site>", line 705, in main
  File "<frozen site>", line 624, in venv
OSError: [Errno 11] Resource deadlock avoided
Fatal Python error: init_import_site: Failed to import the site module
Python runtime state: initialized
Traceback (most recent call last):
  File "<frozen importlib._bootstrap>", line 1371, in _find_and_load
  File "<frozen importlib._bootstrap>", line 1342, in _find_and_load_unlocked
  File "<frozen importlib._bootstrap>", line 938, in _load_unlocked
  File "<frozen importlib._bootstrap>", line 1179, in exec_module
  File "<frozen site>", line 722, in <module>
  File "<frozen site>", line 705, in main
  File "<frozen site>", line 624, in venv
OSError: [Errno 11] Resource deadlock avoided
Fatal Python error: init_import_site: Failed to import the site module
Python runtime state: initialized
Traceback (most recent call last):
  File "<frozen importlib._bootstrap>", line 1371, in _find_and_load
  File "<frozen importlib._bootstrap>", line 1342, in _find_and_load_unlocked
  File "<frozen importlib._bootstrap>", line 938, in _load_unlocked
  File "<frozen importlib._bootstrap>", line 1179, in exec_module
  File "<frozen site>", line 722, in <module>
  File "<frozen site>", line 705, in main
  File "<frozen site>", line 624, in venv
OSError: [Errno 11] Resource deadlock avoided
Fatal Python error: init_import_site: Failed to import the site module
Python runtime state: initialized
Traceback (most recent call last):
  File "<frozen importlib._bootstrap>", line 1371, in _find_and_load
  File "<frozen importlib._bootstrap>", line 1342, in _find_and_load_unlocked
  File "<frozen importlib._bootstrap>", line 938, in _load_unlocked
  File "<frozen importlib._bootstrap>", line 1179, in exec_module
  File "<frozen site>", line 722, in <module>
  File "<frozen site>", line 705, in main
  File "<frozen site>", line 624, in venv
OSError: [Errno 11] Resource deadlock avoided
Fatal Python error: init_import_site: Failed to import the site module
Python runtime state: initialized
Traceback (most recent call last):
  File "<frozen importlib._bootstrap>", line 1371, in _find_and_load
  File "<frozen importlib._bootstrap>", line 1342, in _find_and_load_unlocked
  File "<frozen importlib._bootstrap>", line 938, in _load_unlocked
  File "<frozen importlib._bootstrap>", line 1179, in exec_module
  File "<frozen site>", line 722, in <module>
  File "<frozen site>", line 705, in main
  File "<frozen site>", line 624, in venv
OSError: [Errno 11] Resource deadlock avoided
Fatal Python error: init_import_site: Failed to import the site module
Python runtime state: initialized
Traceback (most recent call last):
  File "<frozen importlib._bootstrap>", line 1371, in _find_and_load
  File "<frozen importlib._bootstrap>", line 1342, in _find_and_load_unlocked
  File "<frozen importlib._bootstrap>", line 938, in _load_unlocked
  File "<frozen importlib._bootstrap>", line 1179, in exec_module
  File "<frozen site>", line 722, in <module>
  File "<frozen site>", line 705, in main
  File "<frozen site>", line 624, in venv
OSError: [Errno 11] Resource deadlock avoided
Fatal Python error: init_import_site: Failed to import the site module
Python runtime state: initialized
Traceback (most recent call last):
  File "<frozen importlib._bootstrap>", line 1371, in _find_and_load
  File "<frozen importlib._bootstrap>", line 1342, in _find_and_load_unlocked
  File "<frozen importlib._bootstrap>", line 938, in _load_unlocked
  File "<frozen importlib._bootstrap>", line 1179, in exec_module
  File "<frozen site>", line 722, in <module>
  File "<frozen site>", line 705, in main
  File "<frozen site>", line 624, in venv
OSError: [Errno 11] Resource deadlock avoided
Fatal Python error: init_import_site: Failed to import the site module
Python runtime state: initialized
Traceback (most recent call last):
  File "<frozen importlib._bootstrap>", line 1371, in _find_and_load
  File "<frozen importlib._bootstrap>", line 1342, in _find_and_load_unlocked
  File "<frozen importlib._bootstrap>", line 938, in _load_unlocked
  File "<frozen importlib._bootstrap>", line 1179, in exec_module
  File "<frozen site>", line 722, in <module>
  File "<frozen site>", line 705, in main
  File "<frozen site>", line 624, in venv
OSError: [Errno 11] Resource deadlock avoided
Fatal Python error: init_import_site: Failed to import the site module
Python runtime state: initialized
Traceback (most recent call last):
  File "<frozen importlib._bootstrap>", line 1371, in _find_and_load
  File "<frozen importlib._bootstrap>", line 1342, in _find_and_load_unlocked
  File "<frozen importlib._bootstrap>", line 938, in _load_unlocked
  File "<frozen importlib._bootstrap>", line 1179, in exec_module
  File "<frozen site>", line 722, in <module>
  File "<frozen site>", line 705, in main
  File "<frozen site>", line 624, in venv
OSError: [Errno 11] Resource deadlock avoided
Fatal Python error: init_import_site: Failed to import the site module
Python runtime state: initialized
Traceback (most recent call last):
  File "<frozen importlib._bootstrap>", line 1371, in _find_and_load
  File "<frozen importlib._bootstrap>", line 1342, in _find_and_load_unlocked
  File "<frozen importlib._bootstrap>", line 938, in _load_unlocked
  File "<frozen importlib._bootstrap>", line 1179, in exec_module
  File "<frozen site>", line 722, in <module>
  File "<frozen site>", line 705, in main
  File "<frozen site>", line 624, in venv
OSError: [Errno 11] Resource deadlock avoided
Fatal Python error: init_import_site: Failed to import the site module
Python runtime state: initialized
Traceback (most recent call last):
  File "<frozen importlib._bootstrap>", line 1371, in _find_and_load
  File "<frozen importlib._bootstrap>", line 1342, in _find_and_load_unlocked
  File "<frozen importlib._bootstrap>", line 938, in _load_unlocked
  File "<frozen importlib._bootstrap>", line 1179, in exec_module
  File "<frozen site>", line 722, in <module>
  File "<frozen site>", line 705, in main
  File "<frozen site>", line 624, in venv
OSError: [Errno 11] Resource deadlock avoided
Fatal Python error: init_import_site: Failed to import the site module
Python runtime state: initialized
Traceback (most recent call last):
  File "<frozen importlib._bootstrap>", line 1371, in _find_and_load
  File "<frozen importlib._bootstrap>", line 1342, in _find_and_load_unlocked
  File "<frozen importlib._bootstrap>", line 938, in _load_unlocked
  File "<frozen importlib._bootstrap>", line 1179, in exec_module
  File "<frozen site>", line 722, in <module>
  File "<frozen site>", line 705, in main
  File "<frozen site>", line 624, in venv
OSError: [Errno 11] Resource deadlock avoided
Fatal Python error: init_import_site: Failed to import the site module
Python runtime state: initialized
Traceback (most recent call last):
  File "<frozen importlib._bootstrap>", line 1371, in _find_and_load
  File "<frozen importlib._bootstrap>", line 1342, in _find_and_load_unlocked
  File "<frozen importlib._bootstrap>", line 938, in _load_unlocked
  File "<frozen importlib._bootstrap>", line 1179, in exec_module
  File "<frozen site>", line 722, in <module>
  File "<frozen site>", line 705, in main
  File "<frozen site>", line 624, in venv
OSError: [Errno 11] Resource deadlock avoided
Fatal Python error: init_import_site: Failed to import the site module
Python runtime state: initialized
Traceback (most recent call last):
  File "<frozen importlib._bootstrap>", line 1371, in _find_and_load
  File "<frozen importlib._bootstrap>", line 1342, in _find_and_load_unlocked
  File "<frozen importlib._bootstrap>", line 938, in _load_unlocked
  File "<frozen importlib._bootstrap>", line 1179, in exec_module
  File "<frozen site>", line 722, in <module>
  File "<frozen site>", line 705, in main
  File "<frozen site>", line 624, in venv
OSError: [Errno 11] Resource deadlock avoided
Fatal Python error: init_import_site: Failed to import the site module
Python runtime state: initialized
Traceback (most recent call last):
  File "<frozen importlib._bootstrap>", line 1371, in _find_and_load
  File "<frozen importlib._bootstrap>", line 1342, in _find_and_load_unlocked
  File "<frozen importlib._bootstrap>", line 938, in _load_unlocked
  File "<frozen importlib._bootstrap>", line 1179, in exec_module
  File "<frozen site>", line 722, in <module>
  File "<frozen site>", line 705, in main
  File "<frozen site>", line 624, in venv
OSError: [Errno 11] Resource deadlock avoided
Fatal Python error: init_import_site: Failed to import the site module
Python runtime state: initialized
Traceback (most recent call last):
  File "<frozen importlib._bootstrap>", line 1371, in _find_and_load
  File "<frozen importlib._bootstrap>", line 1342, in _find_and_load_unlocked
  File "<frozen importlib._bootstrap>", line 938, in _load_unlocked
  File "<frozen importlib._bootstrap>", line 1179, in exec_module
  File "<frozen site>", line 722, in <module>
  File "<frozen site>", line 705, in main
  File "<frozen site>", line 624, in venv
OSError: [Errno 11] Resource deadlock avoided
Fatal Python error: init_import_site: Failed to import the site module
Python runtime state: initialized
Traceback (most recent call last):
  File "<frozen importlib._bootstrap>", line 1371, in _find_and_load
  File "<frozen importlib._bootstrap>", line 1342, in _find_and_load_unlocked
  File "<frozen importlib._bootstrap>", line 938, in _load_unlocked
  File "<frozen importlib._bootstrap>", line 1179, in exec_module
  File "<frozen site>", line 722, in <module>
  File "<frozen site>", line 705, in main
  File "<frozen site>", line 624, in venv
OSError: [Errno 11] Resource deadlock avoided
Fatal Python error: init_import_site: Failed to import the site module
Python runtime state: initialized
Traceback (most recent call last):
  File "<frozen importlib._bootstrap>", line 1371, in _find_and_load
  File "<frozen importlib._bootstrap>", line 1342, in _find_and_load_unlocked
  File "<frozen importlib._bootstrap>", line 938, in _load_unlocked
  File "<frozen importlib._bootstrap>", line 1179, in exec_module
  File "<frozen site>", line 722, in <module>
  File "<frozen site>", line 705, in main
  File "<frozen site>", line 624, in venv
OSError: [Errno 11] Resource deadlock avoided
Fatal Python error: init_import_site: Failed to import the site module
Python runtime state: initialized
Traceback (most recent call last):
  File "<frozen importlib._bootstrap>", line 1371, in _find_and_load
  File "<frozen importlib._bootstrap>", line 1342, in _find_and_load_unlocked
  File "<frozen importlib._bootstrap>", line 938, in _load_unlocked
  File "<frozen importlib._bootstrap>", line 1179, in exec_module
  File "<frozen site>", line 722, in <module>
  File "<frozen site>", line 705, in main
  File "<frozen site>", line 624, in venv
OSError: [Errno 11] Resource deadlock avoided
Fatal Python error: init_import_site: Failed to import the site module
Python runtime state: initialized
Traceback (most recent call last):
  File "<frozen importlib._bootstrap>", line 1371, in _find_and_load
  File "<frozen importlib._bootstrap>", line 1342, in _find_and_load_unlocked
  File "<frozen importlib._bootstrap>", line 938, in _load_unlocked
  File "<frozen importlib._bootstrap>", line 1179, in exec_module
  File "<frozen site>", line 722, in <module>
  File "<frozen site>", line 705, in main
  File "<frozen site>", line 624, in venv
OSError: [Errno 11] Resource deadlock avoided
Fatal Python error: init_import_site: Failed to import the site module
Python runtime state: initialized
Traceback (most recent call last):
  File "<frozen importlib._bootstrap>", line 1371, in _find_and_load
  File "<frozen importlib._bootstrap>", line 1342, in _find_and_load_unlocked
  File "<frozen importlib._bootstrap>", line 938, in _load_unlocked
  File "<frozen importlib._bootstrap>", line 1179, in exec_module
  File "<frozen site>", line 722, in <module>
  File "<frozen site>", line 705, in main
  File "<frozen site>", line 624, in venv
OSError: [Errno 11] Resource deadlock avoided
Fatal Python error: init_import_site: Failed to import the site module
Python runtime state: initialized
Traceback (most recent call last):
  File "<frozen importlib._bootstrap>", line 1371, in _find_and_load
  File "<frozen importlib._bootstrap>", line 1342, in _find_and_load_unlocked
  File "<frozen importlib._bootstrap>", line 938, in _load_unlocked
  File "<frozen importlib._bootstrap>", line 1179, in exec_module
  File "<frozen site>", line 722, in <module>
  File "<frozen site>", line 705, in main
  File "<frozen site>", line 624, in venv
OSError: [Errno 11] Resource deadlock avoided
Fatal Python error: init_import_site: Failed to import the site module
Python runtime state: initialized
Traceback (most recent call last):
  File "<frozen importlib._bootstrap>", line 1371, in _find_and_load
  File "<frozen importlib._bootstrap>", line 1342, in _find_and_load_unlocked
  File "<frozen importlib._bootstrap>", line 938, in _load_unlocked
  File "<frozen importlib._bootstrap>", line 1179, in exec_module
  File "<frozen site>", line 722, in <module>
  File "<frozen site>", line 705, in main
  File "<frozen site>", line 624, in venv
OSError: [Errno 11] Resource deadlock avoided
Fatal Python error: init_import_site: Failed to import the site module
Python runtime state: initialized
Traceback (most recent call last):
  File "<frozen importlib._bootstrap>", line 1371, in _find_and_load
  File "<frozen importlib._bootstrap>", line 1342, in _find_and_load_unlocked
  File "<frozen importlib._bootstrap>", line 938, in _load_unlocked
  File "<frozen importlib._bootstrap>", line 1179, in exec_module
  File "<frozen site>", line 722, in <module>
  File "<frozen site>", line 705, in main
  File "<frozen site>", line 624, in venv
OSError: [Errno 11] Resource deadlock avoided
Fatal Python error: init_import_site: Failed to import the site module
Python runtime state: initialized
Traceback (most recent call last):
  File "<frozen importlib._bootstrap>", line 1371, in _find_and_load
  File "<frozen importlib._bootstrap>", line 1342, in _find_and_load_unlocked
  File "<frozen importlib._bootstrap>", line 938, in _load_unlocked
  File "<frozen importlib._bootstrap>", line 1179, in exec_module
  File "<frozen site>", line 722, in <module>
  File "<frozen site>", line 705, in main
  File "<frozen site>", line 624, in venv
OSError: [Errno 11] Resource deadlock avoided
Fatal Python error: init_import_site: Failed to import the site module
Python runtime state: initialized
Traceback (most recent call last):
  File "<frozen importlib._bootstrap>", line 1371, in _find_and_load
  File "<frozen importlib._bootstrap>", line 1342, in _find_and_load_unlocked
  File "<frozen importlib._bootstrap>", line 938, in _load_unlocked
  File "<frozen importlib._bootstrap>", line 1179, in exec_module
  File "<frozen site>", line 722, in <module>
  File "<frozen site>", line 705, in main
  File "<frozen site>", line 624, in venv
OSError: [Errno 11] Resource deadlock avoided
Fatal Python error: init_import_site: Failed to import the site module
Python runtime state: initialized
Traceback (most recent call last):
  File "<frozen importlib._bootstrap>", line 1371, in _find_and_load
  File "<frozen importlib._bootstrap>", line 1342, in _find_and_load_unlocked
  File "<frozen importlib._bootstrap>", line 938, in _load_unlocked
  File "<frozen importlib._bootstrap>", line 1179, in exec_module
  File "<frozen site>", line 722, in <module>
  File "<frozen site>", line 705, in main
  File "<frozen site>", line 624, in venv
OSError: [Errno 11] Resource deadlock avoided
Fatal Python error: init_import_site: Failed to import the site module
Python runtime state: initialized
Traceback (most recent call last):
  File "<frozen importlib._bootstrap>", line 1371, in _find_and_load
  File "<frozen importlib._bootstrap>", line 1342, in _find_and_load_unlocked
  File "<frozen importlib._bootstrap>", line 938, in _load_unlocked
  File "<frozen importlib._bootstrap>", line 1179, in exec_module
  File "<frozen site>", line 722, in <module>
  File "<frozen site>", line 705, in main
  File "<frozen site>", line 624, in venv
OSError: [Errno 11] Resource deadlock avoided
Fatal Python error: init_import_site: Failed to import the site module
Python runtime state: initialized
Traceback (most recent call last):
  File "<frozen importlib._bootstrap>", line 1371, in _find_and_load
  File "<frozen importlib._bootstrap>", line 1342, in _find_and_load_unlocked
  File "<frozen importlib._bootstrap>", line 938, in _load_unlocked
  File "<frozen importlib._bootstrap>", line 1179, in exec_module
  File "<frozen site>", line 722, in <module>
  File "<frozen site>", line 705, in main
  File "<frozen site>", line 624, in venv
OSError: [Errno 11] Resource deadlock avoided
Fatal Python error: init_import_site: Failed to import the site module
Python runtime state: initialized
Traceback (most recent call last):
  File "<frozen importlib._bootstrap>", line 1371, in _find_and_load
  File "<frozen importlib._bootstrap>", line 1342, in _find_and_load_unlocked
  File "<frozen importlib._bootstrap>", line 938, in _load_unlocked
  File "<frozen importlib._bootstrap>", line 1179, in exec_module
  File "<frozen site>", line 722, in <module>
  File "<frozen site>", line 705, in main
  File "<frozen site>", line 624, in venv
OSError: [Errno 11] Resource deadlock avoided
Fatal Python error: init_import_site: Failed to import the site module
Python runtime state: initialized
Traceback (most recent call last):
  File "<frozen importlib._bootstrap>", line 1371, in _find_and_load
  File "<frozen importlib._bootstrap>", line 1342, in _find_and_load_unlocked
  File "<frozen importlib._bootstrap>", line 938, in _load_unlocked
  File "<frozen importlib._bootstrap>", line 1179, in exec_module
  File "<frozen site>", line 722, in <module>
  File "<frozen site>", line 705, in main
  File "<frozen site>", line 624, in venv
OSError: [Errno 11] Resource deadlock avoided
Fatal Python error: init_import_site: Failed to import the site module
Python runtime state: initialized
Traceback (most recent call last):
  File "<frozen importlib._bootstrap>", line 1371, in _find_and_load
  File "<frozen importlib._bootstrap>", line 1342, in _find_and_load_unlocked
  File "<frozen importlib._bootstrap>", line 938, in _load_unlocked
  File "<frozen importlib._bootstrap>", line 1179, in exec_module
  File "<frozen site>", line 722, in <module>
  File "<frozen site>", line 705, in main
  File "<frozen site>", line 624, in venv
OSError: [Errno 11] Resource deadlock avoided
Fatal Python error: init_import_site: Failed to import the site module
Python runtime state: initialized
Traceback (most recent call last):
  File "<frozen importlib._bootstrap>", line 1371, in _find_and_load
  File "<frozen importlib._bootstrap>", line 1342, in _find_and_load_unlocked
  File "<frozen importlib._bootstrap>", line 938, in _load_unlocked
  File "<frozen importlib._bootstrap>", line 1179, in exec_module
  File "<frozen site>", line 722, in <module>
  File "<frozen site>", line 705, in main
  File "<frozen site>", line 624, in venv
OSError: [Errno 11] Resource deadlock avoided
Fatal Python error: init_import_site: Failed to import the site module
Python runtime state: initialized
Traceback (most recent call last):
  File "<frozen importlib._bootstrap>", line 1371, in _find_and_load
  File "<frozen importlib._bootstrap>", line 1342, in _find_and_load_unlocked
  File "<frozen importlib._bootstrap>", line 938, in _load_unlocked
  File "<frozen importlib._bootstrap>", line 1179, in exec_module
  File "<frozen site>", line 722, in <module>
  File "<frozen site>", line 705, in main
  File "<frozen site>", line 624, in venv
OSError: [Errno 11] Resource deadlock avoided
Fatal Python error: init_import_site: Failed to import the site module
Python runtime state: initialized
Traceback (most recent call last):
  File "<frozen importlib._bootstrap>", line 1371, in _find_and_load
  File "<frozen importlib._bootstrap>", line 1342, in _find_and_load_unlocked
  File "<frozen importlib._bootstrap>", line 938, in _load_unlocked
  File "<frozen importlib._bootstrap>", line 1179, in exec_module
  File "<frozen site>", line 722, in <module>
  File "<frozen site>", line 705, in main
  File "<frozen site>", line 624, in venv
OSError: [Errno 11] Resource deadlock avoided
Fatal Python error: init_import_site: Failed to import the site module
Python runtime state: initialized
Traceback (most recent call last):
  File "<frozen importlib._bootstrap>", line 1371, in _find_and_load
  File "<frozen importlib._bootstrap>", line 1342, in _find_and_load_unlocked
  File "<frozen importlib._bootstrap>", line 938, in _load_unlocked
  File "<frozen importlib._bootstrap>", line 1179, in exec_module
  File "<frozen site>", line 722, in <module>
  File "<frozen site>", line 705, in main
  File "<frozen site>", line 624, in venv
OSError: [Errno 11] Resource deadlock avoided
Fatal Python error: init_import_site: Failed to import the site module
Python runtime state: initialized
Traceback (most recent call last):
  File "<frozen importlib._bootstrap>", line 1371, in _find_and_load
  File "<frozen importlib._bootstrap>", line 1342, in _find_and_load_unlocked
  File "<frozen importlib._bootstrap>", line 938, in _load_unlocked
  File "<frozen importlib._bootstrap>", line 1179, in exec_module
  File "<frozen site>", line 722, in <module>
  File "<frozen site>", line 705, in main
  File "<frozen site>", line 624, in venv
OSError: [Errno 11] Resource deadlock avoided
Fatal Python error: init_import_site: Failed to import the site module
Python runtime state: initialized
Traceback (most recent call last):
  File "<frozen importlib._bootstrap>", line 1371, in _find_and_load
  File "<frozen importlib._bootstrap>", line 1342, in _find_and_load_unlocked
  File "<frozen importlib._bootstrap>", line 938, in _load_unlocked
  File "<frozen importlib._bootstrap>", line 1179, in exec_module
  File "<frozen site>", line 722, in <module>
  File "<frozen site>", line 705, in main
  File "<frozen site>", line 624, in venv
OSError: [Errno 11] Resource deadlock avoided
Fatal Python error: init_import_site: Failed to import the site module
Python runtime state: initialized
Traceback (most recent call last):
  File "<frozen importlib._bootstrap>", line 1371, in _find_and_load
  File "<frozen importlib._bootstrap>", line 1342, in _find_and_load_unlocked
  File "<frozen importlib._bootstrap>", line 938, in _load_unlocked
  File "<frozen importlib._bootstrap>", line 1179, in exec_module
  File "<frozen site>", line 722, in <module>
  File "<frozen site>", line 705, in main
  File "<frozen site>", line 624, in venv
OSError: [Errno 11] Resource deadlock avoided
Fatal Python error: init_import_site: Failed to import the site module
Python runtime state: initialized
Traceback (most recent call last):
  File "<frozen importlib._bootstrap>", line 1371, in _find_and_load
  File "<frozen importlib._bootstrap>", line 1342, in _find_and_load_unlocked
  File "<frozen importlib._bootstrap>", line 938, in _load_unlocked
  File "<frozen importlib._bootstrap>", line 1179, in exec_module
  File "<frozen site>", line 722, in <module>
  File "<frozen site>", line 705, in main
  File "<frozen site>", line 624, in venv
OSError: [Errno 11] Resource deadlock avoided
Fatal Python error: init_import_site: Failed to import the site module
Python runtime state: initialized
Traceback (most recent call last):
  File "<frozen importlib._bootstrap>", line 1371, in _find_and_load
  File "<frozen importlib._bootstrap>", line 1342, in _find_and_load_unlocked
  File "<frozen importlib._bootstrap>", line 938, in _load_unlocked
  File "<frozen importlib._bootstrap>", line 1179, in exec_module
  File "<frozen site>", line 722, in <module>
  File "<frozen site>", line 705, in main
  File "<frozen site>", line 624, in venv
OSError: [Errno 11] Resource deadlock avoided
Fatal Python error: init_import_site: Failed to import the site module
Python runtime state: initialized
Traceback (most recent call last):
  File "<frozen importlib._bootstrap>", line 1371, in _find_and_load
  File "<frozen importlib._bootstrap>", line 1342, in _find_and_load_unlocked
  File "<frozen importlib._bootstrap>", line 938, in _load_unlocked
  File "<frozen importlib._bootstrap>", line 1179, in exec_module
  File "<frozen site>", line 722, in <module>
  File "<frozen site>", line 705, in main
  File "<frozen site>", line 624, in venv
OSError: [Errno 11] Resource deadlock avoided
Fatal Python error: init_import_site: Failed to import the site module
Python runtime state: initialized
Traceback (most recent call last):
  File "<frozen importlib._bootstrap>", line 1371, in _find_and_load
  File "<frozen importlib._bootstrap>", line 1342, in _find_and_load_unlocked
  File "<frozen importlib._bootstrap>", line 938, in _load_unlocked
  File "<frozen importlib._bootstrap>", line 1179, in exec_module
  File "<frozen site>", line 722, in <module>
  File "<frozen site>", line 705, in main
  File "<frozen site>", line 624, in venv
OSError: [Errno 11] Resource deadlock avoided
Fatal Python error: init_import_site: Failed to import the site module
Python runtime state: initialized
Traceback (most recent call last):
  File "<frozen importlib._bootstrap>", line 1371, in _find_and_load
  File "<frozen importlib._bootstrap>", line 1342, in _find_and_load_unlocked
  File "<frozen importlib._bootstrap>", line 938, in _load_unlocked
  File "<frozen importlib._bootstrap>", line 1179, in exec_module
  File "<frozen site>", line 722, in <module>
  File "<frozen site>", line 705, in main
  File "<frozen site>", line 624, in venv
OSError: [Errno 11] Resource deadlock avoided
Fatal Python error: init_import_site: Failed to import the site module
Python runtime state: initialized
Traceback (most recent call last):
  File "<frozen importlib._bootstrap>", line 1371, in _find_and_load
  File "<frozen importlib._bootstrap>", line 1342, in _find_and_load_unlocked
  File "<frozen importlib._bootstrap>", line 938, in _load_unlocked
  File "<frozen importlib._bootstrap>", line 1179, in exec_module
  File "<frozen site>", line 722, in <module>
  File "<frozen site>", line 705, in main
  File "<frozen site>", line 624, in venv
OSError: [Errno 11] Resource deadlock avoided
Fatal Python error: init_import_site: Failed to import the site module
Python runtime state: initialized
Traceback (most recent call last):
  File "<frozen importlib._bootstrap>", line 1371, in _find_and_load
  File "<frozen importlib._bootstrap>", line 1342, in _find_and_load_unlocked
  File "<frozen importlib._bootstrap>", line 938, in _load_unlocked
  File "<frozen importlib._bootstrap>", line 1179, in exec_module
  File "<frozen site>", line 722, in <module>
  File "<frozen site>", line 705, in main
  File "<frozen site>", line 624, in venv
OSError: [Errno 11] Resource deadlock avoided
Fatal Python error: init_import_site: Failed to import the site module
Python runtime state: initialized
Traceback (most recent call last):
  File "<frozen importlib._bootstrap>", line 1371, in _find_and_load
  File "<frozen importlib._bootstrap>", line 1342, in _find_and_load_unlocked
  File "<frozen importlib._bootstrap>", line 938, in _load_unlocked
  File "<frozen importlib._bootstrap>", line 1179, in exec_module
  File "<frozen site>", line 722, in <module>
  File "<frozen site>", line 705, in main
  File "<frozen site>", line 624, in venv
OSError: [Errno 11] Resource deadlock avoided
Fatal Python error: init_import_site: Failed to import the site module
Python runtime state: initialized
Traceback (most recent call last):
  File "<frozen importlib._bootstrap>", line 1371, in _find_and_load
  File "<frozen importlib._bootstrap>", line 1342, in _find_and_load_unlocked
  File "<frozen importlib._bootstrap>", line 938, in _load_unlocked
  File "<frozen importlib._bootstrap>", line 1179, in exec_module
  File "<frozen site>", line 722, in <module>
  File "<frozen site>", line 705, in main
  File "<frozen site>", line 624, in venv
OSError: [Errno 11] Resource deadlock avoided
Fatal Python error: init_import_site: Failed to import the site module
Python runtime state: initialized
Traceback (most recent call last):
  File "<frozen importlib._bootstrap>", line 1371, in _find_and_load
  File "<frozen importlib._bootstrap>", line 1342, in _find_and_load_unlocked
  File "<frozen importlib._bootstrap>", line 938, in _load_unlocked
  File "<frozen importlib._bootstrap>", line 1179, in exec_module
  File "<frozen site>", line 722, in <module>
  File "<frozen site>", line 705, in main
  File "<frozen site>", line 624, in venv
OSError: [Errno 11] Resource deadlock avoided
Fatal Python error: init_import_site: Failed to import the site module
Python runtime state: initialized
Traceback (most recent call last):
  File "<frozen importlib._bootstrap>", line 1371, in _find_and_load
  File "<frozen importlib._bootstrap>", line 1342, in _find_and_load_unlocked
  File "<frozen importlib._bootstrap>", line 938, in _load_unlocked
  File "<frozen importlib._bootstrap>", line 1179, in exec_module
  File "<frozen site>", line 722, in <module>
  File "<frozen site>", line 705, in main
  File "<frozen site>", line 624, in venv
OSError: [Errno 11] Resource deadlock avoided
Fatal Python error: init_import_site: Failed to import the site module
Python runtime state: initialized
Traceback (most recent call last):
  File "<frozen importlib._bootstrap>", line 1371, in _find_and_load
  File "<frozen importlib._bootstrap>", line 1342, in _find_and_load_unlocked
  File "<frozen importlib._bootstrap>", line 938, in _load_unlocked
  File "<frozen importlib._bootstrap>", line 1179, in exec_module
  File "<frozen site>", line 722, in <module>
  File "<frozen site>", line 705, in main
  File "<frozen site>", line 624, in venv
OSError: [Errno 11] Resource deadlock avoided
Fatal Python error: init_import_site: Failed to import the site module
Python runtime state: initialized
Traceback (most recent call last):
  File "<frozen importlib._bootstrap>", line 1371, in _find_and_load
  File "<frozen importlib._bootstrap>", line 1342, in _find_and_load_unlocked
  File "<frozen importlib._bootstrap>", line 938, in _load_unlocked
  File "<frozen importlib._bootstrap>", line 1179, in exec_module
  File "<frozen site>", line 722, in <module>
  File "<frozen site>", line 705, in main
  File "<frozen site>", line 624, in venv
OSError: [Errno 11] Resource deadlock avoided
Fatal Python error: init_import_site: Failed to import the site module
Python runtime state: initialized
Traceback (most recent call last):
  File "<frozen importlib._bootstrap>", line 1371, in _find_and_load
  File "<frozen importlib._bootstrap>", line 1342, in _find_and_load_unlocked
  File "<frozen importlib._bootstrap>", line 938, in _load_unlocked
  File "<frozen importlib._bootstrap>", line 1179, in exec_module
  File "<frozen site>", line 722, in <module>
  File "<frozen site>", line 705, in main
  File "<frozen site>", line 624, in venv
OSError: [Errno 11] Resource deadlock avoided
Fatal Python error: init_import_site: Failed to import the site module
Python runtime state: initialized
Traceback (most recent call last):
  File "<frozen importlib._bootstrap>", line 1371, in _find_and_load
  File "<frozen importlib._bootstrap>", line 1342, in _find_and_load_unlocked
  File "<frozen importlib._bootstrap>", line 938, in _load_unlocked
  File "<frozen importlib._bootstrap>", line 1179, in exec_module
  File "<frozen site>", line 722, in <module>
  File "<frozen site>", line 705, in main
  File "<frozen site>", line 624, in venv
OSError: [Errno 11] Resource deadlock avoided
Fatal Python error: init_import_site: Failed to import the site module
Python runtime state: initialized
Traceback (most recent call last):
  File "<frozen importlib._bootstrap>", line 1371, in _find_and_load
  File "<frozen importlib._bootstrap>", line 1342, in _find_and_load_unlocked
  File "<frozen importlib._bootstrap>", line 938, in _load_unlocked
  File "<frozen importlib._bootstrap>", line 1179, in exec_module
  File "<frozen site>", line 722, in <module>
  File "<frozen site>", line 705, in main
  File "<frozen site>", line 624, in venv
OSError: [Errno 11] Resource deadlock avoided
Fatal Python error: init_import_site: Failed to import the site module
Python runtime state: initialized
Traceback (most recent call last):
  File "<frozen importlib._bootstrap>", line 1371, in _find_and_load
  File "<frozen importlib._bootstrap>", line 1342, in _find_and_load_unlocked
  File "<frozen importlib._bootstrap>", line 938, in _load_unlocked
  File "<frozen importlib._bootstrap>", line 1179, in exec_module
  File "<frozen site>", line 722, in <module>
  File "<frozen site>", line 705, in main
  File "<frozen site>", line 624, in venv
OSError: [Errno 11] Resource deadlock avoided
Fatal Python error: init_import_site: Failed to import the site module
Python runtime state: initialized
Traceback (most recent call last):
  File "<frozen importlib._bootstrap>", line 1371, in _find_and_load
  File "<frozen importlib._bootstrap>", line 1342, in _find_and_load_unlocked
  File "<frozen importlib._bootstrap>", line 938, in _load_unlocked
  File "<frozen importlib._bootstrap>", line 1179, in exec_module
  File "<frozen site>", line 722, in <module>
  File "<frozen site>", line 705, in main
  File "<frozen site>", line 624, in venv
OSError: [Errno 11] Resource deadlock avoided
Fatal Python error: init_import_site: Failed to import the site module
Python runtime state: initialized
Traceback (most recent call last):
  File "<frozen importlib._bootstrap>", line 1371, in _find_and_load
  File "<frozen importlib._bootstrap>", line 1342, in _find_and_load_unlocked
  File "<frozen importlib._bootstrap>", line 938, in _load_unlocked
  File "<frozen importlib._bootstrap>", line 1179, in exec_module
  File "<frozen site>", line 722, in <module>
  File "<frozen site>", line 705, in main
  File "<frozen site>", line 624, in venv
OSError: [Errno 11] Resource deadlock avoided
Fatal Python error: init_import_site: Failed to import the site module
Python runtime state: initialized
Traceback (most recent call last):
  File "<frozen importlib._bootstrap>", line 1371, in _find_and_load
  File "<frozen importlib._bootstrap>", line 1342, in _find_and_load_unlocked
  File "<frozen importlib._bootstrap>", line 938, in _load_unlocked
  File "<frozen importlib._bootstrap>", line 1179, in exec_module
  File "<frozen site>", line 722, in <module>
  File "<frozen site>", line 705, in main
  File "<frozen site>", line 624, in venv
OSError: [Errno 11] Resource deadlock avoided
Fatal Python error: init_import_site: Failed to import the site module
Python runtime state: initialized
Traceback (most recent call last):
  File "<frozen importlib._bootstrap>", line 1371, in _find_and_load
  File "<frozen importlib._bootstrap>", line 1342, in _find_and_load_unlocked
  File "<frozen importlib._bootstrap>", line 938, in _load_unlocked
  File "<frozen importlib._bootstrap>", line 1179, in exec_module
  File "<frozen site>", line 722, in <module>
  File "<frozen site>", line 705, in main
  File "<frozen site>", line 624, in venv
OSError: [Errno 11] Resource deadlock avoided
Fatal Python error: init_import_site: Failed to import the site module
Python runtime state: initialized
Traceback (most recent call last):
  File "<frozen importlib._bootstrap>", line 1371, in _find_and_load
  File "<frozen importlib._bootstrap>", line 1342, in _find_and_load_unlocked
  File "<frozen importlib._bootstrap>", line 938, in _load_unlocked
  File "<frozen importlib._bootstrap>", line 1179, in exec_module
  File "<frozen site>", line 722, in <module>
  File "<frozen site>", line 705, in main
  File "<frozen site>", line 624, in venv
OSError: [Errno 11] Resource deadlock avoided
Fatal Python error: init_import_site: Failed to import the site module
Python runtime state: initialized
Traceback (most recent call last):
  File "<frozen importlib._bootstrap>", line 1371, in _find_and_load
  File "<frozen importlib._bootstrap>", line 1342, in _find_and_load_unlocked
  File "<frozen importlib._bootstrap>", line 938, in _load_unlocked
  File "<frozen importlib._bootstrap>", line 1179, in exec_module
  File "<frozen site>", line 722, in <module>
  File "<frozen site>", line 705, in main
  File "<frozen site>", line 624, in venv
OSError: [Errno 11] Resource deadlock avoided
Fatal Python error: init_import_site: Failed to import the site module
Python runtime state: initialized
Traceback (most recent call last):
  File "<frozen importlib._bootstrap>", line 1371, in _find_and_load
  File "<frozen importlib._bootstrap>", line 1342, in _find_and_load_unlocked
  File "<frozen importlib._bootstrap>", line 938, in _load_unlocked
  File "<frozen importlib._bootstrap>", line 1179, in exec_module
  File "<frozen site>", line 722, in <module>
  File "<frozen site>", line 705, in main
  File "<frozen site>", line 624, in venv
OSError: [Errno 11] Resource deadlock avoided
Fatal Python error: init_import_site: Failed to import the site module
Python runtime state: initialized
Traceback (most recent call last):
  File "<frozen importlib._bootstrap>", line 1371, in _find_and_load
  File "<frozen importlib._bootstrap>", line 1342, in _find_and_load_unlocked
  File "<frozen importlib._bootstrap>", line 938, in _load_unlocked
  File "<frozen importlib._bootstrap>", line 1179, in exec_module
  File "<frozen site>", line 722, in <module>
  File "<frozen site>", line 705, in main
  File "<frozen site>", line 624, in venv
OSError: [Errno 11] Resource deadlock avoided
Fatal Python error: init_import_site: Failed to import the site module
Python runtime state: initialized
Traceback (most recent call last):
  File "<frozen importlib._bootstrap>", line 1371, in _find_and_load
  File "<frozen importlib._bootstrap>", line 1342, in _find_and_load_unlocked
  File "<frozen importlib._bootstrap>", line 938, in _load_unlocked
  File "<frozen importlib._bootstrap>", line 1179, in exec_module
  File "<frozen site>", line 722, in <module>
  File "<frozen site>", line 705, in main
  File "<frozen site>", line 624, in venv
OSError: [Errno 11] Resource deadlock avoided
Fatal Python error: init_import_site: Failed to import the site module
Python runtime state: initialized
Traceback (most recent call last):
  File "<frozen importlib._bootstrap>", line 1371, in _find_and_load
  File "<frozen importlib._bootstrap>", line 1342, in _find_and_load_unlocked
  File "<frozen importlib._bootstrap>", line 938, in _load_unlocked
  File "<frozen importlib._bootstrap>", line 1179, in exec_module
  File "<frozen site>", line 722, in <module>
  File "<frozen site>", line 705, in main
  File "<frozen site>", line 624, in venv
OSError: [Errno 11] Resource deadlock avoided
Fatal Python error: init_import_site: Failed to import the site module
Python runtime state: initialized
Traceback (most recent call last):
  File "<frozen importlib._bootstrap>", line 1371, in _find_and_load
  File "<frozen importlib._bootstrap>", line 1342, in _find_and_load_unlocked
  File "<frozen importlib._bootstrap>", line 938, in _load_unlocked
  File "<frozen importlib._bootstrap>", line 1179, in exec_module
  File "<frozen site>", line 722, in <module>
  File "<frozen site>", line 705, in main
  File "<frozen site>", line 624, in venv
OSError: [Errno 11] Resource deadlock avoided
Fatal Python error: init_import_site: Failed to import the site module
Python runtime state: initialized
Traceback (most recent call last):
  File "<frozen importlib._bootstrap>", line 1371, in _find_and_load
  File "<frozen importlib._bootstrap>", line 1342, in _find_and_load_unlocked
  File "<frozen importlib._bootstrap>", line 938, in _load_unlocked
  File "<frozen importlib._bootstrap>", line 1179, in exec_module
  File "<frozen site>", line 722, in <module>
  File "<frozen site>", line 705, in main
  File "<frozen site>", line 624, in venv
OSError: [Errno 11] Resource deadlock avoided
Fatal Python error: init_import_site: Failed to import the site module
Python runtime state: initialized
Traceback (most recent call last):
  File "<frozen importlib._bootstrap>", line 1371, in _find_and_load
  File "<frozen importlib._bootstrap>", line 1342, in _find_and_load_unlocked
  File "<frozen importlib._bootstrap>", line 938, in _load_unlocked
  File "<frozen importlib._bootstrap>", line 1179, in exec_module
  File "<frozen site>", line 722, in <module>
  File "<frozen site>", line 705, in main
  File "<frozen site>", line 624, in venv
OSError: [Errno 11] Resource deadlock avoided
Fatal Python error: init_import_site: Failed to import the site module
Python runtime state: initialized
Traceback (most recent call last):
  File "<frozen importlib._bootstrap>", line 1371, in _find_and_load
  File "<frozen importlib._bootstrap>", line 1342, in _find_and_load_unlocked
  File "<frozen importlib._bootstrap>", line 938, in _load_unlocked
  File "<frozen importlib._bootstrap>", line 1179, in exec_module
  File "<frozen site>", line 722, in <module>
  File "<frozen site>", line 705, in main
  File "<frozen site>", line 624, in venv
OSError: [Errno 11] Resource deadlock avoided
Fatal Python error: init_import_site: Failed to import the site module
Python runtime state: initialized
Traceback (most recent call last):
  File "<frozen importlib._bootstrap>", line 1371, in _find_and_load
  File "<frozen importlib._bootstrap>", line 1342, in _find_and_load_unlocked
  File "<frozen importlib._bootstrap>", line 938, in _load_unlocked
  File "<frozen importlib._bootstrap>", line 1179, in exec_module
  File "<frozen site>", line 722, in <module>
  File "<frozen site>", line 705, in main
  File "<frozen site>", line 624, in venv
OSError: [Errno 11] Resource deadlock avoided
Fatal Python error: init_import_site: Failed to import the site module
Python runtime state: initialized
Traceback (most recent call last):
  File "<frozen importlib._bootstrap>", line 1371, in _find_and_load
  File "<frozen importlib._bootstrap>", line 1342, in _find_and_load_unlocked
  File "<frozen importlib._bootstrap>", line 938, in _load_unlocked
  File "<frozen importlib._bootstrap>", line 1179, in exec_module
  File "<frozen site>", line 722, in <module>
  File "<frozen site>", line 705, in main
  File "<frozen site>", line 624, in venv
OSError: [Errno 11] Resource deadlock avoided
Fatal Python error: init_import_site: Failed to import the site module
Python runtime state: initialized
Traceback (most recent call last):
  File "<frozen importlib._bootstrap>", line 1371, in _find_and_load
  File "<frozen importlib._bootstrap>", line 1342, in _find_and_load_unlocked
  File "<frozen importlib._bootstrap>", line 938, in _load_unlocked
  File "<frozen importlib._bootstrap>", line 1179, in exec_module
  File "<frozen site>", line 722, in <module>
  File "<frozen site>", line 705, in main
  File "<frozen site>", line 624, in venv
OSError: [Errno 11] Resource deadlock avoided
Fatal Python error: init_import_site: Failed to import the site module
Python runtime state: initialized
Traceback (most recent call last):
  File "<frozen importlib._bootstrap>", line 1371, in _find_and_load
  File "<frozen importlib._bootstrap>", line 1342, in _find_and_load_unlocked
  File "<frozen importlib._bootstrap>", line 938, in _load_unlocked
  File "<frozen importlib._bootstrap>", line 1179, in exec_module
  File "<frozen site>", line 722, in <module>
  File "<frozen site>", line 705, in main
  File "<frozen site>", line 624, in venv
OSError: [Errno 11] Resource deadlock avoided
Fatal Python error: init_import_site: Failed to import the site module
Python runtime state: initialized
Traceback (most recent call last):
  File "<frozen importlib._bootstrap>", line 1371, in _find_and_load
  File "<frozen importlib._bootstrap>", line 1342, in _find_and_load_unlocked
  File "<frozen importlib._bootstrap>", line 938, in _load_unlocked
  File "<frozen importlib._bootstrap>", line 1179, in exec_module
  File "<frozen site>", line 722, in <module>
  File "<frozen site>", line 705, in main
  File "<frozen site>", line 624, in venv
OSError: [Errno 11] Resource deadlock avoided
Fatal Python error: init_import_site: Failed to import the site module
Python runtime state: initialized
Traceback (most recent call last):
  File "<frozen importlib._bootstrap>", line 1371, in _find_and_load
  File "<frozen importlib._bootstrap>", line 1342, in _find_and_load_unlocked
  File "<frozen importlib._bootstrap>", line 938, in _load_unlocked
  File "<frozen importlib._bootstrap>", line 1179, in exec_module
  File "<frozen site>", line 722, in <module>
  File "<frozen site>", line 705, in main
  File "<frozen site>", line 624, in venv
OSError: [Errno 11] Resource deadlock avoided
Fatal Python error: init_import_site: Failed to import the site module
Python runtime state: initialized
Traceback (most recent call last):
  File "<frozen importlib._bootstrap>", line 1371, in _find_and_load
  File "<frozen importlib._bootstrap>", line 1342, in _find_and_load_unlocked
  File "<frozen importlib._bootstrap>", line 938, in _load_unlocked
  File "<frozen importlib._bootstrap>", line 1179, in exec_module
  File "<frozen site>", line 722, in <module>
  File "<frozen site>", line 705, in main
  File "<frozen site>", line 624, in venv
OSError: [Errno 11] Resource deadlock avoided
Fatal Python error: init_import_site: Failed to import the site module
Python runtime state: initialized
Traceback (most recent call last):
  File "<frozen importlib._bootstrap>", line 1371, in _find_and_load
  File "<frozen importlib._bootstrap>", line 1342, in _find_and_load_unlocked
  File "<frozen importlib._bootstrap>", line 938, in _load_unlocked
  File "<frozen importlib._bootstrap>", line 1179, in exec_module
  File "<frozen site>", line 722, in <module>
  File "<frozen site>", line 705, in main
  File "<frozen site>", line 624, in venv
OSError: [Errno 11] Resource deadlock avoided
Fatal Python error: init_import_site: Failed to import the site module
Python runtime state: initialized
Traceback (most recent call last):
  File "<frozen importlib._bootstrap>", line 1371, in _find_and_load
  File "<frozen importlib._bootstrap>", line 1342, in _find_and_load_unlocked
  File "<frozen importlib._bootstrap>", line 938, in _load_unlocked
  File "<frozen importlib._bootstrap>", line 1179, in exec_module
  File "<frozen site>", line 722, in <module>
  File "<frozen site>", line 705, in main
  File "<frozen site>", line 624, in venv
OSError: [Errno 11] Resource deadlock avoided
Fatal Python error: init_import_site: Failed to import the site module
Python runtime state: initialized
Traceback (most recent call last):
  File "<frozen importlib._bootstrap>", line 1371, in _find_and_load
  File "<frozen importlib._bootstrap>", line 1342, in _find_and_load_unlocked
  File "<frozen importlib._bootstrap>", line 938, in _load_unlocked
  File "<frozen importlib._bootstrap>", line 1179, in exec_module
  File "<frozen site>", line 722, in <module>
  File "<frozen site>", line 705, in main
  File "<frozen site>", line 624, in venv
OSError: [Errno 11] Resource deadlock avoided
Fatal Python error: init_import_site: Failed to import the site module
Python runtime state: initialized
Traceback (most recent call last):
  File "<frozen importlib._bootstrap>", line 1371, in _find_and_load
  File "<frozen importlib._bootstrap>", line 1342, in _find_and_load_unlocked
  File "<frozen importlib._bootstrap>", line 938, in _load_unlocked
  File "<frozen importlib._bootstrap>", line 1179, in exec_module
  File "<frozen site>", line 722, in <module>
  File "<frozen site>", line 705, in main
  File "<frozen site>", line 624, in venv
OSError: [Errno 11] Resource deadlock avoided
Fatal Python error: init_import_site: Failed to import the site module
Python runtime state: initialized
Traceback (most recent call last):
  File "<frozen importlib._bootstrap>", line 1371, in _find_and_load
  File "<frozen importlib._bootstrap>", line 1342, in _find_and_load_unlocked
  File "<frozen importlib._bootstrap>", line 938, in _load_unlocked
  File "<frozen importlib._bootstrap>", line 1179, in exec_module
  File "<frozen site>", line 722, in <module>
  File "<frozen site>", line 705, in main
  File "<frozen site>", line 624, in venv
OSError: [Errno 11] Resource deadlock avoided
Fatal Python error: init_import_site: Failed to import the site module
Python runtime state: initialized
Traceback (most recent call last):
  File "<frozen importlib._bootstrap>", line 1371, in _find_and_load
  File "<frozen importlib._bootstrap>", line 1342, in _find_and_load_unlocked
  File "<frozen importlib._bootstrap>", line 938, in _load_unlocked
  File "<frozen importlib._bootstrap>", line 1179, in exec_module
  File "<frozen site>", line 722, in <module>
  File "<frozen site>", line 705, in main
  File "<frozen site>", line 624, in venv
OSError: [Errno 11] Resource deadlock avoided
Fatal Python error: init_import_site: Failed to import the site module
Python runtime state: initialized
Traceback (most recent call last):
  File "<frozen importlib._bootstrap>", line 1371, in _find_and_load
  File "<frozen importlib._bootstrap>", line 1342, in _find_and_load_unlocked
  File "<frozen importlib._bootstrap>", line 938, in _load_unlocked
  File "<frozen importlib._bootstrap>", line 1179, in exec_module
  File "<frozen site>", line 722, in <module>
  File "<frozen site>", line 705, in main
  File "<frozen site>", line 624, in venv
OSError: [Errno 11] Resource deadlock avoided
Fatal Python error: init_import_site: Failed to import the site module
Python runtime state: initialized
Traceback (most recent call last):
  File "<frozen importlib._bootstrap>", line 1371, in _find_and_load
  File "<frozen importlib._bootstrap>", line 1342, in _find_and_load_unlocked
  File "<frozen importlib._bootstrap>", line 938, in _load_unlocked
  File "<frozen importlib._bootstrap>", line 1179, in exec_module
  File "<frozen site>", line 722, in <module>
  File "<frozen site>", line 705, in main
  File "<frozen site>", line 624, in venv
OSError: [Errno 11] Resource deadlock avoided
Fatal Python error: init_import_site: Failed to import the site module
Python runtime state: initialized
Traceback (most recent call last):
  File "<frozen importlib._bootstrap>", line 1371, in _find_and_load
  File "<frozen importlib._bootstrap>", line 1342, in _find_and_load_unlocked
  File "<frozen importlib._bootstrap>", line 938, in _load_unlocked
  File "<frozen importlib._bootstrap>", line 1179, in exec_module
  File "<frozen site>", line 722, in <module>
  File "<frozen site>", line 705, in main
  File "<frozen site>", line 624, in venv
OSError: [Errno 11] Resource deadlock avoided
Fatal Python error: init_import_site: Failed to import the site module
Python runtime state: initialized
Traceback (most recent call last):
  File "<frozen importlib._bootstrap>", line 1371, in _find_and_load
  File "<frozen importlib._bootstrap>", line 1342, in _find_and_load_unlocked
  File "<frozen importlib._bootstrap>", line 938, in _load_unlocked
  File "<frozen importlib._bootstrap>", line 1179, in exec_module
  File "<frozen site>", line 722, in <module>
  File "<frozen site>", line 705, in main
  File "<frozen site>", line 624, in venv
OSError: [Errno 11] Resource deadlock avoided
Fatal Python error: init_import_site: Failed to import the site module
Python runtime state: initialized
Traceback (most recent call last):
  File "<frozen importlib._bootstrap>", line 1371, in _find_and_load
  File "<frozen importlib._bootstrap>", line 1342, in _find_and_load_unlocked
  File "<frozen importlib._bootstrap>", line 938, in _load_unlocked
  File "<frozen importlib._bootstrap>", line 1179, in exec_module
  File "<frozen site>", line 722, in <module>
  File "<frozen site>", line 705, in main
  File "<frozen site>", line 624, in venv
OSError: [Errno 11] Resource deadlock avoided
Fatal Python error: init_import_site: Failed to import the site module
Python runtime state: initialized
Traceback (most recent call last):
  File "<frozen importlib._bootstrap>", line 1371, in _find_and_load
  File "<frozen importlib._bootstrap>", line 1342, in _find_and_load_unlocked
  File "<frozen importlib._bootstrap>", line 938, in _load_unlocked
  File "<frozen importlib._bootstrap>", line 1179, in exec_module
  File "<frozen site>", line 722, in <module>
  File "<frozen site>", line 705, in main
  File "<frozen site>", line 624, in venv
OSError: [Errno 11] Resource deadlock avoided
Fatal Python error: init_import_site: Failed to import the site module
Python runtime state: initialized
Traceback (most recent call last):
  File "<frozen importlib._bootstrap>", line 1371, in _find_and_load
  File "<frozen importlib._bootstrap>", line 1342, in _find_and_load_unlocked
  File "<frozen importlib._bootstrap>", line 938, in _load_unlocked
  File "<frozen importlib._bootstrap>", line 1179, in exec_module
  File "<frozen site>", line 722, in <module>
  File "<frozen site>", line 705, in main
  File "<frozen site>", line 624, in venv
OSError: [Errno 11] Resource deadlock avoided
Fatal Python error: init_import_site: Failed to import the site module
Python runtime state: initialized
Traceback (most recent call last):
  File "<frozen importlib._bootstrap>", line 1371, in _find_and_load
  File "<frozen importlib._bootstrap>", line 1342, in _find_and_load_unlocked
  File "<frozen importlib._bootstrap>", line 938, in _load_unlocked
  File "<frozen importlib._bootstrap>", line 1179, in exec_module
  File "<frozen site>", line 722, in <module>
  File "<frozen site>", line 705, in main
  File "<frozen site>", line 624, in venv
OSError: [Errno 11] Resource deadlock avoided
Fatal Python error: init_import_site: Failed to import the site module
Python runtime state: initialized
Traceback (most recent call last):
  File "<frozen importlib._bootstrap>", line 1371, in _find_and_load
  File "<frozen importlib._bootstrap>", line 1342, in _find_and_load_unlocked
  File "<frozen importlib._bootstrap>", line 938, in _load_unlocked
  File "<frozen importlib._bootstrap>", line 1179, in exec_module
  File "<frozen site>", line 722, in <module>
  File "<frozen site>", line 705, in main
  File "<frozen site>", line 624, in venv
OSError: [Errno 11] Resource deadlock avoided
Fatal Python error: init_import_site: Failed to import the site module
Python runtime state: initialized
Traceback (most recent call last):
  File "<frozen importlib._bootstrap>", line 1371, in _find_and_load
  File "<frozen importlib._bootstrap>", line 1342, in _find_and_load_unlocked
  File "<frozen importlib._bootstrap>", line 938, in _load_unlocked
  File "<frozen importlib._bootstrap>", line 1179, in exec_module
  File "<frozen site>", line 722, in <module>
  File "<frozen site>", line 705, in main
  File "<frozen site>", line 624, in venv
OSError: [Errno 11] Resource deadlock avoided
Fatal Python error: init_import_site: Failed to import the site module
Python runtime state: initialized
Traceback (most recent call last):
  File "<frozen importlib._bootstrap>", line 1371, in _find_and_load
  File "<frozen importlib._bootstrap>", line 1342, in _find_and_load_unlocked
  File "<frozen importlib._bootstrap>", line 938, in _load_unlocked
  File "<frozen importlib._bootstrap>", line 1179, in exec_module
  File "<frozen site>", line 722, in <module>
  File "<frozen site>", line 705, in main
  File "<frozen site>", line 624, in venv
OSError: [Errno 11] Resource deadlock avoided
Fatal Python error: init_import_site: Failed to import the site module
Python runtime state: initialized
Traceback (most recent call last):
  File "<frozen importlib._bootstrap>", line 1371, in _find_and_load
  File "<frozen importlib._bootstrap>", line 1342, in _find_and_load_unlocked
  File "<frozen importlib._bootstrap>", line 938, in _load_unlocked
  File "<frozen importlib._bootstrap>", line 1179, in exec_module
  File "<frozen site>", line 722, in <module>
  File "<frozen site>", line 705, in main
  File "<frozen site>", line 624, in venv
OSError: [Errno 11] Resource deadlock avoided
Fatal Python error: init_import_site: Failed to import the site module
Python runtime state: initialized
Traceback (most recent call last):
  File "<frozen importlib._bootstrap>", line 1371, in _find_and_load
  File "<frozen importlib._bootstrap>", line 1342, in _find_and_load_unlocked
  File "<frozen importlib._bootstrap>", line 938, in _load_unlocked
  File "<frozen importlib._bootstrap>", line 1179, in exec_module
  File "<frozen site>", line 722, in <module>
  File "<frozen site>", line 705, in main
  File "<frozen site>", line 624, in venv
OSError: [Errno 11] Resource deadlock avoided
Fatal Python error: init_import_site: Failed to import the site module
Python runtime state: initialized
Traceback (most recent call last):
  File "<frozen importlib._bootstrap>", line 1371, in _find_and_load
  File "<frozen importlib._bootstrap>", line 1342, in _find_and_load_unlocked
  File "<frozen importlib._bootstrap>", line 938, in _load_unlocked
  File "<frozen importlib._bootstrap>", line 1179, in exec_module
  File "<frozen site>", line 722, in <module>
  File "<frozen site>", line 705, in main
  File "<frozen site>", line 624, in venv
OSError: [Errno 11] Resource deadlock avoided
Fatal Python error: init_import_site: Failed to import the site module
Python runtime state: initialized
Traceback (most recent call last):
  File "<frozen importlib._bootstrap>", line 1371, in _find_and_load
  File "<frozen importlib._bootstrap>", line 1342, in _find_and_load_unlocked
  File "<frozen importlib._bootstrap>", line 938, in _load_unlocked
  File "<frozen importlib._bootstrap>", line 1179, in exec_module
  File "<frozen site>", line 722, in <module>
  File "<frozen site>", line 705, in main
  File "<frozen site>", line 624, in venv
OSError: [Errno 11] Resource deadlock avoided
Fatal Python error: init_import_site: Failed to import the site module
Python runtime state: initialized
Traceback (most recent call last):
  File "<frozen importlib._bootstrap>", line 1371, in _find_and_load
  File "<frozen importlib._bootstrap>", line 1342, in _find_and_load_unlocked
  File "<frozen importlib._bootstrap>", line 938, in _load_unlocked
  File "<frozen importlib._bootstrap>", line 1179, in exec_module
  File "<frozen site>", line 722, in <module>
  File "<frozen site>", line 705, in main
  File "<frozen site>", line 624, in venv
OSError: [Errno 11] Resource deadlock avoided
Fatal Python error: init_import_site: Failed to import the site module
Python runtime state: initialized
Traceback (most recent call last):
  File "<frozen importlib._bootstrap>", line 1371, in _find_and_load
  File "<frozen importlib._bootstrap>", line 1342, in _find_and_load_unlocked
  File "<frozen importlib._bootstrap>", line 938, in _load_unlocked
  File "<frozen importlib._bootstrap>", line 1179, in exec_module
  File "<frozen site>", line 722, in <module>
  File "<frozen site>", line 705, in main
  File "<frozen site>", line 624, in venv
OSError: [Errno 11] Resource deadlock avoided
Fatal Python error: init_import_site: Failed to import the site module
Python runtime state: initialized
Traceback (most recent call last):
  File "<frozen importlib._bootstrap>", line 1371, in _find_and_load
  File "<frozen importlib._bootstrap>", line 1342, in _find_and_load_unlocked
  File "<frozen importlib._bootstrap>", line 938, in _load_unlocked
  File "<frozen importlib._bootstrap>", line 1179, in exec_module
  File "<frozen site>", line 722, in <module>
  File "<frozen site>", line 705, in main
  File "<frozen site>", line 624, in venv
OSError: [Errno 11] Resource deadlock avoided
Fatal Python error: init_import_site: Failed to import the site module
Python runtime state: initialized
Traceback (most recent call last):
  File "<frozen importlib._bootstrap>", line 1371, in _find_and_load
  File "<frozen importlib._bootstrap>", line 1342, in _find_and_load_unlocked
  File "<frozen importlib._bootstrap>", line 938, in _load_unlocked
  File "<frozen importlib._bootstrap>", line 1179, in exec_module
  File "<frozen site>", line 722, in <module>
  File "<frozen site>", line 705, in main
  File "<frozen site>", line 624, in venv
OSError: [Errno 11] Resource deadlock avoided
Fatal Python error: init_import_site: Failed to import the site module
Python runtime state: initialized
Traceback (most recent call last):
  File "<frozen importlib._bootstrap>", line 1371, in _find_and_load
  File "<frozen importlib._bootstrap>", line 1342, in _find_and_load_unlocked
  File "<frozen importlib._bootstrap>", line 938, in _load_unlocked
  File "<frozen importlib._bootstrap>", line 1179, in exec_module
  File "<frozen site>", line 722, in <module>
  File "<frozen site>", line 705, in main
  File "<frozen site>", line 624, in venv
OSError: [Errno 11] Resource deadlock avoided
Fatal Python error: init_import_site: Failed to import the site module
Python runtime state: initialized
Traceback (most recent call last):
  File "<frozen importlib._bootstrap>", line 1371, in _find_and_load
  File "<frozen importlib._bootstrap>", line 1342, in _find_and_load_unlocked
  File "<frozen importlib._bootstrap>", line 938, in _load_unlocked
  File "<frozen importlib._bootstrap>", line 1179, in exec_module
  File "<frozen site>", line 722, in <module>
  File "<frozen site>", line 705, in main
  File "<frozen site>", line 624, in venv
OSError: [Errno 11] Resource deadlock avoided
Fatal Python error: init_import_site: Failed to import the site module
Python runtime state: initialized
Traceback (most recent call last):
  File "<frozen importlib._bootstrap>", line 1371, in _find_and_load
  File "<frozen importlib._bootstrap>", line 1342, in _find_and_load_unlocked
  File "<frozen importlib._bootstrap>", line 938, in _load_unlocked
  File "<frozen importlib._bootstrap>", line 1179, in exec_module
  File "<frozen site>", line 722, in <module>
  File "<frozen site>", line 705, in main
  File "<frozen site>", line 624, in venv
OSError: [Errno 11] Resource deadlock avoided
Fatal Python error: init_import_site: Failed to import the site module
Python runtime state: initialized
Traceback (most recent call last):
  File "<frozen importlib._bootstrap>", line 1371, in _find_and_load
  File "<frozen importlib._bootstrap>", line 1342, in _find_and_load_unlocked
  File "<frozen importlib._bootstrap>", line 938, in _load_unlocked
  File "<frozen importlib._bootstrap>", line 1179, in exec_module
  File "<frozen site>", line 722, in <module>
  File "<frozen site>", line 705, in main
  File "<frozen site>", line 624, in venv
OSError: [Errno 11] Resource deadlock avoided
Fatal Python error: init_import_site: Failed to import the site module
Python runtime state: initialized
Traceback (most recent call last):
  File "<frozen importlib._bootstrap>", line 1371, in _find_and_load
  File "<frozen importlib._bootstrap>", line 1342, in _find_and_load_unlocked
  File "<frozen importlib._bootstrap>", line 938, in _load_unlocked
  File "<frozen importlib._bootstrap>", line 1179, in exec_module
  File "<frozen site>", line 722, in <module>
  File "<frozen site>", line 705, in main
  File "<frozen site>", line 624, in venv
OSError: [Errno 11] Resource deadlock avoided
Fatal Python error: init_import_site: Failed to import the site module
Python runtime state: initialized
Traceback (most recent call last):
  File "<frozen importlib._bootstrap>", line 1371, in _find_and_load
  File "<frozen importlib._bootstrap>", line 1342, in _find_and_load_unlocked
  File "<frozen importlib._bootstrap>", line 938, in _load_unlocked
  File "<frozen importlib._bootstrap>", line 1179, in exec_module
  File "<frozen site>", line 722, in <module>
  File "<frozen site>", line 705, in main
  File "<frozen site>", line 624, in venv
OSError: [Errno 11] Resource deadlock avoided
Fatal Python error: init_import_site: Failed to import the site module
Python runtime state: initialized
Traceback (most recent call last):
  File "<frozen importlib._bootstrap>", line 1371, in _find_and_load
  File "<frozen importlib._bootstrap>", line 1342, in _find_and_load_unlocked
  File "<frozen importlib._bootstrap>", line 938, in _load_unlocked
  File "<frozen importlib._bootstrap>", line 1179, in exec_module
  File "<frozen site>", line 722, in <module>
  File "<frozen site>", line 705, in main
  File "<frozen site>", line 624, in venv
OSError: [Errno 11] Resource deadlock avoided
Fatal Python error: init_import_site: Failed to import the site module
Python runtime state: initialized
Traceback (most recent call last):
  File "<frozen importlib._bootstrap>", line 1371, in _find_and_load
  File "<frozen importlib._bootstrap>", line 1342, in _find_and_load_unlocked
  File "<frozen importlib._bootstrap>", line 938, in _load_unlocked
  File "<frozen importlib._bootstrap>", line 1179, in exec_module
  File "<frozen site>", line 722, in <module>
  File "<frozen site>", line 705, in main
  File "<frozen site>", line 624, in venv
OSError: [Errno 11] Resource deadlock avoided
Fatal Python error: init_import_site: Failed to import the site module
Python runtime state: initialized
Traceback (most recent call last):
  File "<frozen importlib._bootstrap>", line 1371, in _find_and_load
  File "<frozen importlib._bootstrap>", line 1342, in _find_and_load_unlocked
  File "<frozen importlib._bootstrap>", line 938, in _load_unlocked
  File "<frozen importlib._bootstrap>", line 1179, in exec_module
  File "<frozen site>", line 722, in <module>
  File "<frozen site>", line 705, in main
  File "<frozen site>", line 624, in venv
OSError: [Errno 11] Resource deadlock avoided
Fatal Python error: init_import_site: Failed to import the site module
Python runtime state: initialized
Traceback (most recent call last):
  File "<frozen importlib._bootstrap>", line 1371, in _find_and_load
  File "<frozen importlib._bootstrap>", line 1342, in _find_and_load_unlocked
  File "<frozen importlib._bootstrap>", line 938, in _load_unlocked
  File "<frozen importlib._bootstrap>", line 1179, in exec_module
  File "<frozen site>", line 722, in <module>
  File "<frozen site>", line 705, in main
  File "<frozen site>", line 624, in venv
OSError: [Errno 11] Resource deadlock avoided
Fatal Python error: init_import_site: Failed to import the site module
Python runtime state: initialized
Traceback (most recent call last):
  File "<frozen importlib._bootstrap>", line 1371, in _find_and_load
  File "<frozen importlib._bootstrap>", line 1342, in _find_and_load_unlocked
  File "<frozen importlib._bootstrap>", line 938, in _load_unlocked
  File "<frozen importlib._bootstrap>", line 1179, in exec_module
  File "<frozen site>", line 722, in <module>
  File "<frozen site>", line 705, in main
  File "<frozen site>", line 624, in venv
OSError: [Errno 11] Resource deadlock avoided
Fatal Python error: init_import_site: Failed to import the site module
Python runtime state: initialized
Traceback (most recent call last):
  File "<frozen importlib._bootstrap>", line 1371, in _find_and_load
  File "<frozen importlib._bootstrap>", line 1342, in _find_and_load_unlocked
  File "<frozen importlib._bootstrap>", line 938, in _load_unlocked
  File "<frozen importlib._bootstrap>", line 1179, in exec_module
  File "<frozen site>", line 722, in <module>
  File "<frozen site>", line 705, in main
  File "<frozen site>", line 624, in venv
OSError: [Errno 11] Resource deadlock avoided
Fatal Python error: init_import_site: Failed to import the site module
Python runtime state: initialized
Traceback (most recent call last):
  File "<frozen importlib._bootstrap>", line 1371, in _find_and_load
  File "<frozen importlib._bootstrap>", line 1342, in _find_and_load_unlocked
  File "<frozen importlib._bootstrap>", line 938, in _load_unlocked
  File "<frozen importlib._bootstrap>", line 1179, in exec_module
  File "<frozen site>", line 722, in <module>
  File "<frozen site>", line 705, in main
  File "<frozen site>", line 624, in venv
OSError: [Errno 11] Resource deadlock avoided
Fatal Python error: init_import_site: Failed to import the site module
Python runtime state: initialized
Traceback (most recent call last):
  File "<frozen importlib._bootstrap>", line 1371, in _find_and_load
  File "<frozen importlib._bootstrap>", line 1342, in _find_and_load_unlocked
  File "<frozen importlib._bootstrap>", line 938, in _load_unlocked
  File "<frozen importlib._bootstrap>", line 1179, in exec_module
  File "<frozen site>", line 722, in <module>
  File "<frozen site>", line 705, in main
  File "<frozen site>", line 624, in venv
OSError: [Errno 11] Resource deadlock avoided
Fatal Python error: init_import_site: Failed to import the site module
Python runtime state: initialized
Traceback (most recent call last):
  File "<frozen importlib._bootstrap>", line 1371, in _find_and_load
  File "<frozen importlib._bootstrap>", line 1342, in _find_and_load_unlocked
  File "<frozen importlib._bootstrap>", line 938, in _load_unlocked
  File "<frozen importlib._bootstrap>", line 1179, in exec_module
  File "<frozen site>", line 722, in <module>
  File "<frozen site>", line 705, in main
  File "<frozen site>", line 624, in venv
OSError: [Errno 11] Resource deadlock avoided
Fatal Python error: init_import_site: Failed to import the site module
Python runtime state: initialized
Traceback (most recent call last):
  File "<frozen importlib._bootstrap>", line 1371, in _find_and_load
  File "<frozen importlib._bootstrap>", line 1342, in _find_and_load_unlocked
  File "<frozen importlib._bootstrap>", line 938, in _load_unlocked
  File "<frozen importlib._bootstrap>", line 1179, in exec_module
  File "<frozen site>", line 722, in <module>
  File "<frozen site>", line 705, in main
  File "<frozen site>", line 624, in venv
OSError: [Errno 11] Resource deadlock avoided
Fatal Python error: init_import_site: Failed to import the site module
Python runtime state: initialized
Traceback (most recent call last):
  File "<frozen importlib._bootstrap>", line 1371, in _find_and_load
  File "<frozen importlib._bootstrap>", line 1342, in _find_and_load_unlocked
  File "<frozen importlib._bootstrap>", line 938, in _load_unlocked
  File "<frozen importlib._bootstrap>", line 1179, in exec_module
  File "<frozen site>", line 722, in <module>
  File "<frozen site>", line 705, in main
  File "<frozen site>", line 624, in venv
OSError: [Errno 11] Resource deadlock avoided
Fatal Python error: init_import_site: Failed to import the site module
Python runtime state: initialized
Traceback (most recent call last):
  File "<frozen importlib._bootstrap>", line 1371, in _find_and_load
  File "<frozen importlib._bootstrap>", line 1342, in _find_and_load_unlocked
  File "<frozen importlib._bootstrap>", line 938, in _load_unlocked
  File "<frozen importlib._bootstrap>", line 1179, in exec_module
  File "<frozen site>", line 722, in <module>
  File "<frozen site>", line 705, in main
  File "<frozen site>", line 624, in venv
OSError: [Errno 11] Resource deadlock avoided
Fatal Python error: init_import_site: Failed to import the site module
Python runtime state: initialized
Traceback (most recent call last):
  File "<frozen importlib._bootstrap>", line 1371, in _find_and_load
  File "<frozen importlib._bootstrap>", line 1342, in _find_and_load_unlocked
  File "<frozen importlib._bootstrap>", line 938, in _load_unlocked
  File "<frozen importlib._bootstrap>", line 1179, in exec_module
  File "<frozen site>", line 722, in <module>
  File "<frozen site>", line 705, in main
  File "<frozen site>", line 624, in venv
OSError: [Errno 11] Resource deadlock avoided
Fatal Python error: init_import_site: Failed to import the site module
Python runtime state: initialized
Traceback (most recent call last):
  File "<frozen importlib._bootstrap>", line 1371, in _find_and_load
  File "<frozen importlib._bootstrap>", line 1342, in _find_and_load_unlocked
  File "<frozen importlib._bootstrap>", line 938, in _load_unlocked
  File "<frozen importlib._bootstrap>", line 1179, in exec_module
  File "<frozen site>", line 722, in <module>
  File "<frozen site>", line 705, in main
  File "<frozen site>", line 624, in venv
OSError: [Errno 11] Resource deadlock avoided
Fatal Python error: init_import_site: Failed to import the site module
Python runtime state: initialized
Traceback (most recent call last):
  File "<frozen importlib._bootstrap>", line 1371, in _find_and_load
  File "<frozen importlib._bootstrap>", line 1342, in _find_and_load_unlocked
  File "<frozen importlib._bootstrap>", line 938, in _load_unlocked
  File "<frozen importlib._bootstrap>", line 1179, in exec_module
  File "<frozen site>", line 722, in <module>
  File "<frozen site>", line 705, in main
  File "<frozen site>", line 624, in venv
OSError: [Errno 11] Resource deadlock avoided
Fatal Python error: init_import_site: Failed to import the site module
Python runtime state: initialized
Traceback (most recent call last):
  File "<frozen importlib._bootstrap>", line 1371, in _find_and_load
  File "<frozen importlib._bootstrap>", line 1342, in _find_and_load_unlocked
  File "<frozen importlib._bootstrap>", line 938, in _load_unlocked
  File "<frozen importlib._bootstrap>", line 1179, in exec_module
  File "<frozen site>", line 722, in <module>
  File "<frozen site>", line 705, in main
  File "<frozen site>", line 624, in venv
OSError: [Errno 11] Resource deadlock avoided
Fatal Python error: init_import_site: Failed to import the site module
Python runtime state: initialized
Traceback (most recent call last):
  File "<frozen importlib._bootstrap>", line 1371, in _find_and_load
  File "<frozen importlib._bootstrap>", line 1342, in _find_and_load_unlocked
  File "<frozen importlib._bootstrap>", line 938, in _load_unlocked
  File "<frozen importlib._bootstrap>", line 1179, in exec_module
  File "<frozen site>", line 722, in <module>
  File "<frozen site>", line 705, in main
  File "<frozen site>", line 624, in venv
OSError: [Errno 11] Resource deadlock avoided
Fatal Python error: init_import_site: Failed to import the site module
Python runtime state: initialized
Traceback (most recent call last):
  File "<frozen importlib._bootstrap>", line 1371, in _find_and_load
  File "<frozen importlib._bootstrap>", line 1342, in _find_and_load_unlocked
  File "<frozen importlib._bootstrap>", line 938, in _load_unlocked
  File "<frozen importlib._bootstrap>", line 1179, in exec_module
  File "<frozen site>", line 722, in <module>
  File "<frozen site>", line 705, in main
  File "<frozen site>", line 624, in venv
OSError: [Errno 11] Resource deadlock avoided
Fatal Python error: init_import_site: Failed to import the site module
Python runtime state: initialized
Traceback (most recent call last):
  File "<frozen importlib._bootstrap>", line 1371, in _find_and_load
  File "<frozen importlib._bootstrap>", line 1342, in _find_and_load_unlocked
  File "<frozen importlib._bootstrap>", line 938, in _load_unlocked
  File "<frozen importlib._bootstrap>", line 1179, in exec_module
  File "<frozen site>", line 722, in <module>
  File "<frozen site>", line 705, in main
  File "<frozen site>", line 624, in venv
OSError: [Errno 11] Resource deadlock avoided
Fatal Python error: init_import_site: Failed to import the site module
Python runtime state: initialized
Traceback (most recent call last):
  File "<frozen importlib._bootstrap>", line 1371, in _find_and_load
  File "<frozen importlib._bootstrap>", line 1342, in _find_and_load_unlocked
  File "<frozen importlib._bootstrap>", line 938, in _load_unlocked
  File "<frozen importlib._bootstrap>", line 1179, in exec_module
  File "<frozen site>", line 722, in <module>
  File "<frozen site>", line 705, in main
  File "<frozen site>", line 624, in venv
OSError: [Errno 11] Resource deadlock avoided
Fatal Python error: init_import_site: Failed to import the site module
Python runtime state: initialized
Traceback (most recent call last):
  File "<frozen importlib._bootstrap>", line 1371, in _find_and_load
  File "<frozen importlib._bootstrap>", line 1342, in _find_and_load_unlocked
  File "<frozen importlib._bootstrap>", line 938, in _load_unlocked
  File "<frozen importlib._bootstrap>", line 1179, in exec_module
  File "<frozen site>", line 722, in <module>
  File "<frozen site>", line 705, in main
  File "<frozen site>", line 624, in venv
OSError: [Errno 11] Resource deadlock avoided
Fatal Python error: init_import_site: Failed to import the site module
Python runtime state: initialized
Traceback (most recent call last):
  File "<frozen importlib._bootstrap>", line 1371, in _find_and_load
  File "<frozen importlib._bootstrap>", line 1342, in _find_and_load_unlocked
  File "<frozen importlib._bootstrap>", line 938, in _load_unlocked
  File "<frozen importlib._bootstrap>", line 1179, in exec_module
  File "<frozen site>", line 722, in <module>
  File "<frozen site>", line 705, in main
  File "<frozen site>", line 624, in venv
OSError: [Errno 11] Resource deadlock avoided
Fatal Python error: init_import_site: Failed to import the site module
Python runtime state: initialized
Traceback (most recent call last):
  File "<frozen importlib._bootstrap>", line 1371, in _find_and_load
  File "<frozen importlib._bootstrap>", line 1342, in _find_and_load_unlocked
  File "<frozen importlib._bootstrap>", line 938, in _load_unlocked
  File "<frozen importlib._bootstrap>", line 1179, in exec_module
  File "<frozen site>", line 722, in <module>
  File "<frozen site>", line 705, in main
  File "<frozen site>", line 624, in venv
OSError: [Errno 11] Resource deadlock avoided
Fatal Python error: init_import_site: Failed to import the site module
Python runtime state: initialized
Traceback (most recent call last):
  File "<frozen importlib._bootstrap>", line 1371, in _find_and_load
  File "<frozen importlib._bootstrap>", line 1342, in _find_and_load_unlocked
  File "<frozen importlib._bootstrap>", line 938, in _load_unlocked
  File "<frozen importlib._bootstrap>", line 1179, in exec_module
  File "<frozen site>", line 722, in <module>
  File "<frozen site>", line 705, in main
  File "<frozen site>", line 624, in venv
OSError: [Errno 11] Resource deadlock avoided
Fatal Python error: init_import_site: Failed to import the site module
Python runtime state: initialized
Traceback (most recent call last):
  File "<frozen importlib._bootstrap>", line 1371, in _find_and_load
  File "<frozen importlib._bootstrap>", line 1342, in _find_and_load_unlocked
  File "<frozen importlib._bootstrap>", line 938, in _load_unlocked
  File "<frozen importlib._bootstrap>", line 1179, in exec_module
  File "<frozen site>", line 722, in <module>
  File "<frozen site>", line 705, in main
  File "<frozen site>", line 624, in venv
OSError: [Errno 11] Resource deadlock avoided
Fatal Python error: init_import_site: Failed to import the site module
Python runtime state: initialized
Traceback (most recent call last):
  File "<frozen importlib._bootstrap>", line 1371, in _find_and_load
  File "<frozen importlib._bootstrap>", line 1342, in _find_and_load_unlocked
  File "<frozen importlib._bootstrap>", line 938, in _load_unlocked
  File "<frozen importlib._bootstrap>", line 1179, in exec_module
  File "<frozen site>", line 722, in <module>
  File "<frozen site>", line 705, in main
  File "<frozen site>", line 624, in venv
OSError: [Errno 11] Resource deadlock avoided
Fatal Python error: init_import_site: Failed to import the site module
Python runtime state: initialized
Traceback (most recent call last):
  File "<frozen importlib._bootstrap>", line 1371, in _find_and_load
  File "<frozen importlib._bootstrap>", line 1342, in _find_and_load_unlocked
  File "<frozen importlib._bootstrap>", line 938, in _load_unlocked
  File "<frozen importlib._bootstrap>", line 1179, in exec_module
  File "<frozen site>", line 722, in <module>
  File "<frozen site>", line 705, in main
  File "<frozen site>", line 624, in venv
OSError: [Errno 11] Resource deadlock avoided
Fatal Python error: init_import_site: Failed to import the site module
Python runtime state: initialized
Traceback (most recent call last):
  File "<frozen importlib._bootstrap>", line 1371, in _find_and_load
  File "<frozen importlib._bootstrap>", line 1342, in _find_and_load_unlocked
  File "<frozen importlib._bootstrap>", line 938, in _load_unlocked
  File "<frozen importlib._bootstrap>", line 1179, in exec_module
  File "<frozen site>", line 722, in <module>
  File "<frozen site>", line 705, in main
  File "<frozen site>", line 624, in venv
OSError: [Errno 11] Resource deadlock avoided
Fatal Python error: init_import_site: Failed to import the site module
Python runtime state: initialized
Traceback (most recent call last):
  File "<frozen importlib._bootstrap>", line 1371, in _find_and_load
  File "<frozen importlib._bootstrap>", line 1342, in _find_and_load_unlocked
  File "<frozen importlib._bootstrap>", line 938, in _load_unlocked
  File "<frozen importlib._bootstrap>", line 1179, in exec_module
  File "<frozen site>", line 722, in <module>
  File "<frozen site>", line 705, in main
  File "<frozen site>", line 624, in venv
OSError: [Errno 11] Resource deadlock avoided
Fatal Python error: init_import_site: Failed to import the site module
Python runtime state: initialized
Traceback (most recent call last):
  File "<frozen importlib._bootstrap>", line 1371, in _find_and_load
  File "<frozen importlib._bootstrap>", line 1342, in _find_and_load_unlocked
  File "<frozen importlib._bootstrap>", line 938, in _load_unlocked
  File "<frozen importlib._bootstrap>", line 1179, in exec_module
  File "<frozen site>", line 722, in <module>
  File "<frozen site>", line 705, in main
  File "<frozen site>", line 624, in venv
OSError: [Errno 11] Resource deadlock avoided
Fatal Python error: init_import_site: Failed to import the site module
Python runtime state: initialized
Traceback (most recent call last):
  File "<frozen importlib._bootstrap>", line 1371, in _find_and_load
  File "<frozen importlib._bootstrap>", line 1342, in _find_and_load_unlocked
  File "<frozen importlib._bootstrap>", line 938, in _load_unlocked
  File "<frozen importlib._bootstrap>", line 1179, in exec_module
  File "<frozen site>", line 722, in <module>
  File "<frozen site>", line 705, in main
  File "<frozen site>", line 624, in venv
OSError: [Errno 11] Resource deadlock avoided
Fatal Python error: init_import_site: Failed to import the site module
Python runtime state: initialized
Traceback (most recent call last):
  File "<frozen importlib._bootstrap>", line 1371, in _find_and_load
  File "<frozen importlib._bootstrap>", line 1342, in _find_and_load_unlocked
  File "<frozen importlib._bootstrap>", line 938, in _load_unlocked
  File "<frozen importlib._bootstrap>", line 1179, in exec_module
  File "<frozen site>", line 722, in <module>
  File "<frozen site>", line 705, in main
  File "<frozen site>", line 624, in venv
OSError: [Errno 11] Resource deadlock avoided
Fatal Python error: init_import_site: Failed to import the site module
Python runtime state: initialized
Traceback (most recent call last):
  File "<frozen importlib._bootstrap>", line 1371, in _find_and_load
  File "<frozen importlib._bootstrap>", line 1342, in _find_and_load_unlocked
  File "<frozen importlib._bootstrap>", line 938, in _load_unlocked
  File "<frozen importlib._bootstrap>", line 1179, in exec_module
  File "<frozen site>", line 722, in <module>
  File "<frozen site>", line 705, in main
  File "<frozen site>", line 624, in venv
OSError: [Errno 11] Resource deadlock avoided
Fatal Python error: init_import_site: Failed to import the site module
Python runtime state: initialized
Traceback (most recent call last):
  File "<frozen importlib._bootstrap>", line 1371, in _find_and_load
  File "<frozen importlib._bootstrap>", line 1342, in _find_and_load_unlocked
  File "<frozen importlib._bootstrap>", line 938, in _load_unlocked
  File "<frozen importlib._bootstrap>", line 1179, in exec_module
  File "<frozen site>", line 722, in <module>
  File "<frozen site>", line 705, in main
  File "<frozen site>", line 624, in venv
OSError: [Errno 11] Resource deadlock avoided
Fatal Python error: init_import_site: Failed to import the site module
Python runtime state: initialized
Traceback (most recent call last):
  File "<frozen importlib._bootstrap>", line 1371, in _find_and_load
  File "<frozen importlib._bootstrap>", line 1342, in _find_and_load_unlocked
  File "<frozen importlib._bootstrap>", line 938, in _load_unlocked
  File "<frozen importlib._bootstrap>", line 1179, in exec_module
  File "<frozen site>", line 722, in <module>
  File "<frozen site>", line 705, in main
  File "<frozen site>", line 624, in venv
OSError: [Errno 11] Resource deadlock avoided
Fatal Python error: init_import_site: Failed to import the site module
Python runtime state: initialized
Traceback (most recent call last):
  File "<frozen importlib._bootstrap>", line 1371, in _find_and_load
  File "<frozen importlib._bootstrap>", line 1342, in _find_and_load_unlocked
  File "<frozen importlib._bootstrap>", line 938, in _load_unlocked
  File "<frozen importlib._bootstrap>", line 1179, in exec_module
  File "<frozen site>", line 722, in <module>
  File "<frozen site>", line 705, in main
  File "<frozen site>", line 624, in venv
OSError: [Errno 11] Resource deadlock avoided
Fatal Python error: init_import_site: Failed to import the site module
Python runtime state: initialized
Traceback (most recent call last):
  File "<frozen importlib._bootstrap>", line 1371, in _find_and_load
  File "<frozen importlib._bootstrap>", line 1342, in _find_and_load_unlocked
  File "<frozen importlib._bootstrap>", line 938, in _load_unlocked
  File "<frozen importlib._bootstrap>", line 1179, in exec_module
  File "<frozen site>", line 722, in <module>
  File "<frozen site>", line 705, in main
  File "<frozen site>", line 624, in venv
OSError: [Errno 11] Resource deadlock avoided
Fatal Python error: init_import_site: Failed to import the site module
Python runtime state: initialized
Traceback (most recent call last):
  File "<frozen importlib._bootstrap>", line 1371, in _find_and_load
  File "<frozen importlib._bootstrap>", line 1342, in _find_and_load_unlocked
  File "<frozen importlib._bootstrap>", line 938, in _load_unlocked
  File "<frozen importlib._bootstrap>", line 1179, in exec_module
  File "<frozen site>", line 722, in <module>
  File "<frozen site>", line 705, in main
  File "<frozen site>", line 624, in venv
OSError: [Errno 11] Resource deadlock avoided
Fatal Python error: init_import_site: Failed to import the site module
Python runtime state: initialized
Traceback (most recent call last):
  File "<frozen importlib._bootstrap>", line 1371, in _find_and_load
  File "<frozen importlib._bootstrap>", line 1342, in _find_and_load_unlocked
  File "<frozen importlib._bootstrap>", line 938, in _load_unlocked
  File "<frozen importlib._bootstrap>", line 1179, in exec_module
  File "<frozen site>", line 722, in <module>
  File "<frozen site>", line 705, in main
  File "<frozen site>", line 624, in venv
OSError: [Errno 11] Resource deadlock avoided
Fatal Python error: init_import_site: Failed to import the site module
Python runtime state: initialized
Traceback (most recent call last):
  File "<frozen importlib._bootstrap>", line 1371, in _find_and_load
  File "<frozen importlib._bootstrap>", line 1342, in _find_and_load_unlocked
  File "<frozen importlib._bootstrap>", line 938, in _load_unlocked
  File "<frozen importlib._bootstrap>", line 1179, in exec_module
  File "<frozen site>", line 722, in <module>
  File "<frozen site>", line 705, in main
  File "<frozen site>", line 624, in venv
OSError: [Errno 11] Resource deadlock avoided
Fatal Python error: init_import_site: Failed to import the site module
Python runtime state: initialized
Traceback (most recent call last):
  File "<frozen importlib._bootstrap>", line 1371, in _find_and_load
  File "<frozen importlib._bootstrap>", line 1342, in _find_and_load_unlocked
  File "<frozen importlib._bootstrap>", line 938, in _load_unlocked
  File "<frozen importlib._bootstrap>", line 1179, in exec_module
  File "<frozen site>", line 722, in <module>
  File "<frozen site>", line 705, in main
  File "<frozen site>", line 624, in venv
OSError: [Errno 11] Resource deadlock avoided
Fatal Python error: init_import_site: Failed to import the site module
Python runtime state: initialized
Traceback (most recent call last):
  File "<frozen importlib._bootstrap>", line 1371, in _find_and_load
  File "<frozen importlib._bootstrap>", line 1342, in _find_and_load_unlocked
  File "<frozen importlib._bootstrap>", line 938, in _load_unlocked
  File "<frozen importlib._bootstrap>", line 1179, in exec_module
  File "<frozen site>", line 722, in <module>
  File "<frozen site>", line 705, in main
  File "<frozen site>", line 624, in venv
OSError: [Errno 11] Resource deadlock avoided
Fatal Python error: init_import_site: Failed to import the site module
Python runtime state: initialized
Traceback (most recent call last):
  File "<frozen importlib._bootstrap>", line 1371, in _find_and_load
  File "<frozen importlib._bootstrap>", line 1342, in _find_and_load_unlocked
  File "<frozen importlib._bootstrap>", line 938, in _load_unlocked
  File "<frozen importlib._bootstrap>", line 1179, in exec_module
  File "<frozen site>", line 722, in <module>
  File "<frozen site>", line 705, in main
  File "<frozen site>", line 624, in venv
OSError: [Errno 11] Resource deadlock avoided
Fatal Python error: init_import_site: Failed to import the site module
Python runtime state: initialized
Traceback (most recent call last):
  File "<frozen importlib._bootstrap>", line 1371, in _find_and_load
  File "<frozen importlib._bootstrap>", line 1342, in _find_and_load_unlocked
  File "<frozen importlib._bootstrap>", line 938, in _load_unlocked
  File "<frozen importlib._bootstrap>", line 1179, in exec_module
  File "<frozen site>", line 722, in <module>
  File "<frozen site>", line 705, in main
  File "<frozen site>", line 624, in venv
OSError: [Errno 11] Resource deadlock avoided
Fatal Python error: init_import_site: Failed to import the site module
Python runtime state: initialized
Traceback (most recent call last):
  File "<frozen importlib._bootstrap>", line 1371, in _find_and_load
  File "<frozen importlib._bootstrap>", line 1342, in _find_and_load_unlocked
  File "<frozen importlib._bootstrap>", line 938, in _load_unlocked
  File "<frozen importlib._bootstrap>", line 1179, in exec_module
  File "<frozen site>", line 722, in <module>
  File "<frozen site>", line 705, in main
  File "<frozen site>", line 624, in venv
OSError: [Errno 11] Resource deadlock avoided
Fatal Python error: init_import_site: Failed to import the site module
Python runtime state: initialized
Traceback (most recent call last):
  File "<frozen importlib._bootstrap>", line 1371, in _find_and_load
  File "<frozen importlib._bootstrap>", line 1342, in _find_and_load_unlocked
  File "<frozen importlib._bootstrap>", line 938, in _load_unlocked
  File "<frozen importlib._bootstrap>", line 1179, in exec_module
  File "<frozen site>", line 722, in <module>
  File "<frozen site>", line 705, in main
  File "<frozen site>", line 624, in venv
OSError: [Errno 11] Resource deadlock avoided
Fatal Python error: init_import_site: Failed to import the site module
Python runtime state: initialized
Traceback (most recent call last):
  File "<frozen importlib._bootstrap>", line 1371, in _find_and_load
  File "<frozen importlib._bootstrap>", line 1342, in _find_and_load_unlocked
  File "<frozen importlib._bootstrap>", line 938, in _load_unlocked
  File "<frozen importlib._bootstrap>", line 1179, in exec_module
  File "<frozen site>", line 722, in <module>
  File "<frozen site>", line 705, in main
  File "<frozen site>", line 624, in venv
OSError: [Errno 11] Resource deadlock avoided
Fatal Python error: init_import_site: Failed to import the site module
Python runtime state: initialized
Traceback (most recent call last):
  File "<frozen importlib._bootstrap>", line 1371, in _find_and_load
  File "<frozen importlib._bootstrap>", line 1342, in _find_and_load_unlocked
  File "<frozen importlib._bootstrap>", line 938, in _load_unlocked
  File "<frozen importlib._bootstrap>", line 1179, in exec_module
  File "<frozen site>", line 722, in <module>
  File "<frozen site>", line 705, in main
  File "<frozen site>", line 624, in venv
OSError: [Errno 11] Resource deadlock avoided
Fatal Python error: init_import_site: Failed to import the site module
Python runtime state: initialized
Traceback (most recent call last):
  File "<frozen importlib._bootstrap>", line 1371, in _find_and_load
  File "<frozen importlib._bootstrap>", line 1342, in _find_and_load_unlocked
  File "<frozen importlib._bootstrap>", line 938, in _load_unlocked
  File "<frozen importlib._bootstrap>", line 1179, in exec_module
  File "<frozen site>", line 722, in <module>
  File "<frozen site>", line 705, in main
  File "<frozen site>", line 624, in venv
OSError: [Errno 11] Resource deadlock avoided
Fatal Python error: init_import_site: Failed to import the site module
Python runtime state: initialized
Traceback (most recent call last):
  File "<frozen importlib._bootstrap>", line 1371, in _find_and_load
  File "<frozen importlib._bootstrap>", line 1342, in _find_and_load_unlocked
  File "<frozen importlib._bootstrap>", line 938, in _load_unlocked
  File "<frozen importlib._bootstrap>", line 1179, in exec_module
  File "<frozen site>", line 722, in <module>
  File "<frozen site>", line 705, in main
  File "<frozen site>", line 624, in venv
OSError: [Errno 11] Resource deadlock avoided
Fatal Python error: init_import_site: Failed to import the site module
Python runtime state: initialized
Traceback (most recent call last):
  File "<frozen importlib._bootstrap>", line 1371, in _find_and_load
  File "<frozen importlib._bootstrap>", line 1342, in _find_and_load_unlocked
  File "<frozen importlib._bootstrap>", line 938, in _load_unlocked
  File "<frozen importlib._bootstrap>", line 1179, in exec_module
  File "<frozen site>", line 722, in <module>
  File "<frozen site>", line 705, in main
  File "<frozen site>", line 624, in venv
OSError: [Errno 11] Resource deadlock avoided
Fatal Python error: init_import_site: Failed to import the site module
Python runtime state: initialized
Traceback (most recent call last):
  File "<frozen importlib._bootstrap>", line 1371, in _find_and_load
  File "<frozen importlib._bootstrap>", line 1342, in _find_and_load_unlocked
  File "<frozen importlib._bootstrap>", line 938, in _load_unlocked
  File "<frozen importlib._bootstrap>", line 1179, in exec_module
  File "<frozen site>", line 722, in <module>
  File "<frozen site>", line 705, in main
  File "<frozen site>", line 624, in venv
OSError: [Errno 11] Resource deadlock avoided
Fatal Python error: init_import_site: Failed to import the site module
Python runtime state: initialized
Traceback (most recent call last):
  File "<frozen importlib._bootstrap>", line 1371, in _find_and_load
  File "<frozen importlib._bootstrap>", line 1342, in _find_and_load_unlocked
  File "<frozen importlib._bootstrap>", line 938, in _load_unlocked
  File "<frozen importlib._bootstrap>", line 1179, in exec_module
  File "<frozen site>", line 722, in <module>
  File "<frozen site>", line 705, in main
  File "<frozen site>", line 624, in venv
OSError: [Errno 11] Resource deadlock avoided
Fatal Python error: init_import_site: Failed to import the site module
Python runtime state: initialized
Traceback (most recent call last):
  File "<frozen importlib._bootstrap>", line 1371, in _find_and_load
  File "<frozen importlib._bootstrap>", line 1342, in _find_and_load_unlocked
  File "<frozen importlib._bootstrap>", line 938, in _load_unlocked
  File "<frozen importlib._bootstrap>", line 1179, in exec_module
  File "<frozen site>", line 722, in <module>
  File "<frozen site>", line 705, in main
  File "<frozen site>", line 624, in venv
OSError: [Errno 11] Resource deadlock avoided
Fatal Python error: init_import_site: Failed to import the site module
Python runtime state: initialized
Traceback (most recent call last):
  File "<frozen importlib._bootstrap>", line 1371, in _find_and_load
  File "<frozen importlib._bootstrap>", line 1342, in _find_and_load_unlocked
  File "<frozen importlib._bootstrap>", line 938, in _load_unlocked
  File "<frozen importlib._bootstrap>", line 1179, in exec_module
  File "<frozen site>", line 722, in <module>
  File "<frozen site>", line 705, in main
  File "<frozen site>", line 624, in venv
OSError: [Errno 11] Resource deadlock avoided
Fatal Python error: init_import_site: Failed to import the site module
Python runtime state: initialized
Traceback (most recent call last):
  File "<frozen importlib._bootstrap>", line 1371, in _find_and_load
  File "<frozen importlib._bootstrap>", line 1342, in _find_and_load_unlocked
  File "<frozen importlib._bootstrap>", line 938, in _load_unlocked
  File "<frozen importlib._bootstrap>", line 1179, in exec_module
  File "<frozen site>", line 722, in <module>
  File "<frozen site>", line 705, in main
  File "<frozen site>", line 624, in venv
OSError: [Errno 11] Resource deadlock avoided
Fatal Python error: init_import_site: Failed to import the site module
Python runtime state: initialized
Traceback (most recent call last):
  File "<frozen importlib._bootstrap>", line 1371, in _find_and_load
  File "<frozen importlib._bootstrap>", line 1342, in _find_and_load_unlocked
  File "<frozen importlib._bootstrap>", line 938, in _load_unlocked
  File "<frozen importlib._bootstrap>", line 1179, in exec_module
  File "<frozen site>", line 722, in <module>
  File "<frozen site>", line 705, in main
  File "<frozen site>", line 624, in venv
OSError: [Errno 11] Resource deadlock avoided
Fatal Python error: init_import_site: Failed to import the site module
Python runtime state: initialized
Traceback (most recent call last):
  File "<frozen importlib._bootstrap>", line 1371, in _find_and_load
  File "<frozen importlib._bootstrap>", line 1342, in _find_and_load_unlocked
  File "<frozen importlib._bootstrap>", line 938, in _load_unlocked
  File "<frozen importlib._bootstrap>", line 1179, in exec_module
  File "<frozen site>", line 722, in <module>
  File "<frozen site>", line 705, in main
  File "<frozen site>", line 624, in venv
OSError: [Errno 11] Resource deadlock avoided
Fatal Python error: init_import_site: Failed to import the site module
Python runtime state: initialized
Traceback (most recent call last):
  File "<frozen importlib._bootstrap>", line 1371, in _find_and_load
  File "<frozen importlib._bootstrap>", line 1342, in _find_and_load_unlocked
  File "<frozen importlib._bootstrap>", line 938, in _load_unlocked
  File "<frozen importlib._bootstrap>", line 1179, in exec_module
  File "<frozen site>", line 722, in <module>
  File "<frozen site>", line 705, in main
  File "<frozen site>", line 624, in venv
OSError: [Errno 11] Resource deadlock avoided
Fatal Python error: init_import_site: Failed to import the site module
Python runtime state: initialized
Traceback (most recent call last):
  File "<frozen importlib._bootstrap>", line 1371, in _find_and_load
  File "<frozen importlib._bootstrap>", line 1342, in _find_and_load_unlocked
  File "<frozen importlib._bootstrap>", line 938, in _load_unlocked
  File "<frozen importlib._bootstrap>", line 1179, in exec_module
  File "<frozen site>", line 722, in <module>
  File "<frozen site>", line 705, in main
  File "<frozen site>", line 624, in venv
OSError: [Errno 11] Resource deadlock avoided
Fatal Python error: init_import_site: Failed to import the site module
Python runtime state: initialized
Traceback (most recent call last):
  File "<frozen importlib._bootstrap>", line 1371, in _find_and_load
  File "<frozen importlib._bootstrap>", line 1342, in _find_and_load_unlocked
  File "<frozen importlib._bootstrap>", line 938, in _load_unlocked
  File "<frozen importlib._bootstrap>", line 1179, in exec_module
  File "<frozen site>", line 722, in <module>
  File "<frozen site>", line 705, in main
  File "<frozen site>", line 624, in venv
OSError: [Errno 11] Resource deadlock avoided
Fatal Python error: init_import_site: Failed to import the site module
Python runtime state: initialized
Traceback (most recent call last):
  File "<frozen importlib._bootstrap>", line 1371, in _find_and_load
  File "<frozen importlib._bootstrap>", line 1342, in _find_and_load_unlocked
  File "<frozen importlib._bootstrap>", line 938, in _load_unlocked
  File "<frozen importlib._bootstrap>", line 1179, in exec_module
  File "<frozen site>", line 722, in <module>
  File "<frozen site>", line 705, in main
  File "<frozen site>", line 624, in venv
OSError: [Errno 11] Resource deadlock avoided
Fatal Python error: init_import_site: Failed to import the site module
Python runtime state: initialized
Traceback (most recent call last):
  File "<frozen importlib._bootstrap>", line 1371, in _find_and_load
  File "<frozen importlib._bootstrap>", line 1342, in _find_and_load_unlocked
  File "<frozen importlib._bootstrap>", line 938, in _load_unlocked
  File "<frozen importlib._bootstrap>", line 1179, in exec_module
  File "<frozen site>", line 722, in <module>
  File "<frozen site>", line 705, in main
  File "<frozen site>", line 624, in venv
OSError: [Errno 11] Resource deadlock avoided
Fatal Python error: init_import_site: Failed to import the site module
Python runtime state: initialized
Traceback (most recent call last):
  File "<frozen importlib._bootstrap>", line 1371, in _find_and_load
  File "<frozen importlib._bootstrap>", line 1342, in _find_and_load_unlocked
  File "<frozen importlib._bootstrap>", line 938, in _load_unlocked
  File "<frozen importlib._bootstrap>", line 1179, in exec_module
  File "<frozen site>", line 722, in <module>
  File "<frozen site>", line 705, in main
  File "<frozen site>", line 624, in venv
OSError: [Errno 11] Resource deadlock avoided
Fatal Python error: init_import_site: Failed to import the site module
Python runtime state: initialized
Traceback (most recent call last):
  File "<frozen importlib._bootstrap>", line 1371, in _find_and_load
  File "<frozen importlib._bootstrap>", line 1342, in _find_and_load_unlocked
  File "<frozen importlib._bootstrap>", line 938, in _load_unlocked
  File "<frozen importlib._bootstrap>", line 1179, in exec_module
  File "<frozen site>", line 722, in <module>
  File "<frozen site>", line 705, in main
  File "<frozen site>", line 624, in venv
OSError: [Errno 11] Resource deadlock avoided
Fatal Python error: init_import_site: Failed to import the site module
Python runtime state: initialized
Traceback (most recent call last):
  File "<frozen importlib._bootstrap>", line 1371, in _find_and_load
  File "<frozen importlib._bootstrap>", line 1342, in _find_and_load_unlocked
  File "<frozen importlib._bootstrap>", line 938, in _load_unlocked
  File "<frozen importlib._bootstrap>", line 1179, in exec_module
  File "<frozen site>", line 722, in <module>
  File "<frozen site>", line 705, in main
  File "<frozen site>", line 624, in venv
OSError: [Errno 11] Resource deadlock avoided
Fatal Python error: init_import_site: Failed to import the site module
Python runtime state: initialized
Traceback (most recent call last):
  File "<frozen importlib._bootstrap>", line 1371, in _find_and_load
  File "<frozen importlib._bootstrap>", line 1342, in _find_and_load_unlocked
  File "<frozen importlib._bootstrap>", line 938, in _load_unlocked
  File "<frozen importlib._bootstrap>", line 1179, in exec_module
  File "<frozen site>", line 722, in <module>
  File "<frozen site>", line 705, in main
  File "<frozen site>", line 624, in venv
OSError: [Errno 11] Resource deadlock avoided
Fatal Python error: init_import_site: Failed to import the site module
Python runtime state: initialized
Traceback (most recent call last):
  File "<frozen importlib._bootstrap>", line 1371, in _find_and_load
  File "<frozen importlib._bootstrap>", line 1342, in _find_and_load_unlocked
  File "<frozen importlib._bootstrap>", line 938, in _load_unlocked
  File "<frozen importlib._bootstrap>", line 1179, in exec_module
  File "<frozen site>", line 722, in <module>
  File "<frozen site>", line 705, in main
  File "<frozen site>", line 624, in venv
OSError: [Errno 11] Resource deadlock avoided
Fatal Python error: init_import_site: Failed to import the site module
Python runtime state: initialized
Traceback (most recent call last):
  File "<frozen importlib._bootstrap>", line 1371, in _find_and_load
  File "<frozen importlib._bootstrap>", line 1342, in _find_and_load_unlocked
  File "<frozen importlib._bootstrap>", line 938, in _load_unlocked
  File "<frozen importlib._bootstrap>", line 1179, in exec_module
  File "<frozen site>", line 722, in <module>
  File "<frozen site>", line 705, in main
  File "<frozen site>", line 624, in venv
OSError: [Errno 11] Resource deadlock avoided
Fatal Python error: init_import_site: Failed to import the site module
Python runtime state: initialized
Traceback (most recent call last):
  File "<frozen importlib._bootstrap>", line 1371, in _find_and_load
  File "<frozen importlib._bootstrap>", line 1342, in _find_and_load_unlocked
  File "<frozen importlib._bootstrap>", line 938, in _load_unlocked
  File "<frozen importlib._bootstrap>", line 1179, in exec_module
  File "<frozen site>", line 722, in <module>
  File "<frozen site>", line 705, in main
  File "<frozen site>", line 624, in venv
OSError: [Errno 11] Resource deadlock avoided
Fatal Python error: init_import_site: Failed to import the site module
Python runtime state: initialized
Traceback (most recent call last):
  File "<frozen importlib._bootstrap>", line 1371, in _find_and_load
  File "<frozen importlib._bootstrap>", line 1342, in _find_and_load_unlocked
  File "<frozen importlib._bootstrap>", line 938, in _load_unlocked
  File "<frozen importlib._bootstrap>", line 1179, in exec_module
  File "<frozen site>", line 722, in <module>
  File "<frozen site>", line 705, in main
  File "<frozen site>", line 624, in venv
OSError: [Errno 11] Resource deadlock avoided
Fatal Python error: init_import_site: Failed to import the site module
Python runtime state: initialized
Traceback (most recent call last):
  File "<frozen importlib._bootstrap>", line 1371, in _find_and_load
  File "<frozen importlib._bootstrap>", line 1342, in _find_and_load_unlocked
  File "<frozen importlib._bootstrap>", line 938, in _load_unlocked
  File "<frozen importlib._bootstrap>", line 1179, in exec_module
  File "<frozen site>", line 722, in <module>
  File "<frozen site>", line 705, in main
  File "<frozen site>", line 624, in venv
OSError: [Errno 11] Resource deadlock avoided
Fatal Python error: init_import_site: Failed to import the site module
Python runtime state: initialized
Traceback (most recent call last):
  File "<frozen importlib._bootstrap>", line 1371, in _find_and_load
  File "<frozen importlib._bootstrap>", line 1342, in _find_and_load_unlocked
  File "<frozen importlib._bootstrap>", line 938, in _load_unlocked
  File "<frozen importlib._bootstrap>", line 1179, in exec_module
  File "<frozen site>", line 722, in <module>
  File "<frozen site>", line 705, in main
  File "<frozen site>", line 624, in venv
OSError: [Errno 11] Resource deadlock avoided
Fatal Python error: init_import_site: Failed to import the site module
Python runtime state: initialized
Traceback (most recent call last):
  File "<frozen importlib._bootstrap>", line 1371, in _find_and_load
  File "<frozen importlib._bootstrap>", line 1342, in _find_and_load_unlocked
  File "<frozen importlib._bootstrap>", line 938, in _load_unlocked
  File "<frozen importlib._bootstrap>", line 1179, in exec_module
  File "<frozen site>", line 722, in <module>
  File "<frozen site>", line 705, in main
  File "<frozen site>", line 624, in venv
OSError: [Errno 11] Resource deadlock avoided
Fatal Python error: init_import_site: Failed to import the site module
Python runtime state: initialized
Traceback (most recent call last):
  File "<frozen importlib._bootstrap>", line 1371, in _find_and_load
  File "<frozen importlib._bootstrap>", line 1342, in _find_and_load_unlocked
  File "<frozen importlib._bootstrap>", line 938, in _load_unlocked
  File "<frozen importlib._bootstrap>", line 1179, in exec_module
  File "<frozen site>", line 722, in <module>
  File "<frozen site>", line 705, in main
  File "<frozen site>", line 624, in venv
OSError: [Errno 11] Resource deadlock avoided
Fatal Python error: init_import_site: Failed to import the site module
Python runtime state: initialized
Traceback (most recent call last):
  File "<frozen importlib._bootstrap>", line 1371, in _find_and_load
  File "<frozen importlib._bootstrap>", line 1342, in _find_and_load_unlocked
  File "<frozen importlib._bootstrap>", line 938, in _load_unlocked
  File "<frozen importlib._bootstrap>", line 1179, in exec_module
  File "<frozen site>", line 722, in <module>
  File "<frozen site>", line 705, in main
  File "<frozen site>", line 624, in venv
OSError: [Errno 11] Resource deadlock avoided
Fatal Python error: init_import_site: Failed to import the site module
Python runtime state: initialized
Traceback (most recent call last):
  File "<frozen importlib._bootstrap>", line 1371, in _find_and_load
  File "<frozen importlib._bootstrap>", line 1342, in _find_and_load_unlocked
  File "<frozen importlib._bootstrap>", line 938, in _load_unlocked
  File "<frozen importlib._bootstrap>", line 1179, in exec_module
  File "<frozen site>", line 722, in <module>
  File "<frozen site>", line 705, in main
  File "<frozen site>", line 624, in venv
OSError: [Errno 11] Resource deadlock avoided
Fatal Python error: init_import_site: Failed to import the site module
Python runtime state: initialized
Traceback (most recent call last):
  File "<frozen importlib._bootstrap>", line 1371, in _find_and_load
  File "<frozen importlib._bootstrap>", line 1342, in _find_and_load_unlocked
  File "<frozen importlib._bootstrap>", line 938, in _load_unlocked
  File "<frozen importlib._bootstrap>", line 1179, in exec_module
  File "<frozen site>", line 722, in <module>
  File "<frozen site>", line 705, in main
  File "<frozen site>", line 624, in venv
OSError: [Errno 11] Resource deadlock avoided
Fatal Python error: init_import_site: Failed to import the site module
Python runtime state: initialized
Traceback (most recent call last):
  File "<frozen importlib._bootstrap>", line 1371, in _find_and_load
  File "<frozen importlib._bootstrap>", line 1342, in _find_and_load_unlocked
  File "<frozen importlib._bootstrap>", line 938, in _load_unlocked
  File "<frozen importlib._bootstrap>", line 1179, in exec_module
  File "<frozen site>", line 722, in <module>
  File "<frozen site>", line 705, in main
  File "<frozen site>", line 624, in venv
OSError: [Errno 11] Resource deadlock avoided
Fatal Python error: init_import_site: Failed to import the site module
Python runtime state: initialized
Traceback (most recent call last):
  File "<frozen importlib._bootstrap>", line 1371, in _find_and_load
  File "<frozen importlib._bootstrap>", line 1342, in _find_and_load_unlocked
  File "<frozen importlib._bootstrap>", line 938, in _load_unlocked
  File "<frozen importlib._bootstrap>", line 1179, in exec_module
  File "<frozen site>", line 722, in <module>
  File "<frozen site>", line 705, in main
  File "<frozen site>", line 624, in venv
OSError: [Errno 11] Resource deadlock avoided
Fatal Python error: init_import_site: Failed to import the site module
Python runtime state: initialized
Traceback (most recent call last):
  File "<frozen importlib._bootstrap>", line 1371, in _find_and_load
  File "<frozen importlib._bootstrap>", line 1342, in _find_and_load_unlocked
  File "<frozen importlib._bootstrap>", line 938, in _load_unlocked
  File "<frozen importlib._bootstrap>", line 1179, in exec_module
  File "<frozen site>", line 722, in <module>
  File "<frozen site>", line 705, in main
  File "<frozen site>", line 624, in venv
OSError: [Errno 11] Resource deadlock avoided
Fatal Python error: init_import_site: Failed to import the site module
Python runtime state: initialized
Traceback (most recent call last):
  File "<frozen importlib._bootstrap>", line 1371, in _find_and_load
  File "<frozen importlib._bootstrap>", line 1342, in _find_and_load_unlocked
  File "<frozen importlib._bootstrap>", line 938, in _load_unlocked
  File "<frozen importlib._bootstrap>", line 1179, in exec_module
  File "<frozen site>", line 722, in <module>
  File "<frozen site>", line 705, in main
  File "<frozen site>", line 624, in venv
OSError: [Errno 11] Resource deadlock avoided
Fatal Python error: init_import_site: Failed to import the site module
Python runtime state: initialized
Traceback (most recent call last):
  File "<frozen importlib._bootstrap>", line 1371, in _find_and_load
  File "<frozen importlib._bootstrap>", line 1342, in _find_and_load_unlocked
  File "<frozen importlib._bootstrap>", line 938, in _load_unlocked
  File "<frozen importlib._bootstrap>", line 1179, in exec_module
  File "<frozen site>", line 722, in <module>
  File "<frozen site>", line 705, in main
  File "<frozen site>", line 624, in venv
OSError: [Errno 11] Resource deadlock avoided
Fatal Python error: init_import_site: Failed to import the site module
Python runtime state: initialized
Traceback (most recent call last):
  File "<frozen importlib._bootstrap>", line 1371, in _find_and_load
  File "<frozen importlib._bootstrap>", line 1342, in _find_and_load_unlocked
  File "<frozen importlib._bootstrap>", line 938, in _load_unlocked
  File "<frozen importlib._bootstrap>", line 1179, in exec_module
  File "<frozen site>", line 722, in <module>
  File "<frozen site>", line 705, in main
  File "<frozen site>", line 624, in venv
OSError: [Errno 11] Resource deadlock avoided
Fatal Python error: init_import_site: Failed to import the site module
Python runtime state: initialized
Traceback (most recent call last):
  File "<frozen importlib._bootstrap>", line 1371, in _find_and_load
  File "<frozen importlib._bootstrap>", line 1342, in _find_and_load_unlocked
  File "<frozen importlib._bootstrap>", line 938, in _load_unlocked
  File "<frozen importlib._bootstrap>", line 1179, in exec_module
  File "<frozen site>", line 722, in <module>
  File "<frozen site>", line 705, in main
  File "<frozen site>", line 624, in venv
OSError: [Errno 11] Resource deadlock avoided
Fatal Python error: init_import_site: Failed to import the site module
Python runtime state: initialized
Traceback (most recent call last):
  File "<frozen importlib._bootstrap>", line 1371, in _find_and_load
  File "<frozen importlib._bootstrap>", line 1342, in _find_and_load_unlocked
  File "<frozen importlib._bootstrap>", line 938, in _load_unlocked
  File "<frozen importlib._bootstrap>", line 1179, in exec_module
  File "<frozen site>", line 722, in <module>
  File "<frozen site>", line 705, in main
  File "<frozen site>", line 624, in venv
OSError: [Errno 11] Resource deadlock avoided
Fatal Python error: init_import_site: Failed to import the site module
Python runtime state: initialized
Traceback (most recent call last):
  File "<frozen importlib._bootstrap>", line 1371, in _find_and_load
  File "<frozen importlib._bootstrap>", line 1342, in _find_and_load_unlocked
  File "<frozen importlib._bootstrap>", line 938, in _load_unlocked
  File "<frozen importlib._bootstrap>", line 1179, in exec_module
  File "<frozen site>", line 722, in <module>
  File "<frozen site>", line 705, in main
  File "<frozen site>", line 624, in venv
OSError: [Errno 11] Resource deadlock avoided
Fatal Python error: init_import_site: Failed to import the site module
Python runtime state: initialized
Traceback (most recent call last):
  File "<frozen importlib._bootstrap>", line 1371, in _find_and_load
  File "<frozen importlib._bootstrap>", line 1342, in _find_and_load_unlocked
  File "<frozen importlib._bootstrap>", line 938, in _load_unlocked
  File "<frozen importlib._bootstrap>", line 1179, in exec_module
  File "<frozen site>", line 722, in <module>
  File "<frozen site>", line 705, in main
  File "<frozen site>", line 624, in venv
OSError: [Errno 11] Resource deadlock avoided
Fatal Python error: init_import_site: Failed to import the site module
Python runtime state: initialized
Traceback (most recent call last):
  File "<frozen importlib._bootstrap>", line 1371, in _find_and_load
  File "<frozen importlib._bootstrap>", line 1342, in _find_and_load_unlocked
  File "<frozen importlib._bootstrap>", line 938, in _load_unlocked
  File "<frozen importlib._bootstrap>", line 1179, in exec_module
  File "<frozen site>", line 722, in <module>
  File "<frozen site>", line 705, in main
  File "<frozen site>", line 624, in venv
OSError: [Errno 11] Resource deadlock avoided
Fatal Python error: init_import_site: Failed to import the site module
Python runtime state: initialized
Traceback (most recent call last):
  File "<frozen importlib._bootstrap>", line 1371, in _find_and_load
  File "<frozen importlib._bootstrap>", line 1342, in _find_and_load_unlocked
  File "<frozen importlib._bootstrap>", line 938, in _load_unlocked
  File "<frozen importlib._bootstrap>", line 1179, in exec_module
  File "<frozen site>", line 722, in <module>
  File "<frozen site>", line 705, in main
  File "<frozen site>", line 624, in venv
OSError: [Errno 11] Resource deadlock avoided
Fatal Python error: init_import_site: Failed to import the site module
Python runtime state: initialized
Traceback (most recent call last):
  File "<frozen importlib._bootstrap>", line 1371, in _find_and_load
  File "<frozen importlib._bootstrap>", line 1342, in _find_and_load_unlocked
  File "<frozen importlib._bootstrap>", line 938, in _load_unlocked
  File "<frozen importlib._bootstrap>", line 1179, in exec_module
  File "<frozen site>", line 722, in <module>
  File "<frozen site>", line 705, in main
  File "<frozen site>", line 624, in venv
OSError: [Errno 11] Resource deadlock avoided
Fatal Python error: init_import_site: Failed to import the site module
Python runtime state: initialized
Traceback (most recent call last):
  File "<frozen importlib._bootstrap>", line 1371, in _find_and_load
  File "<frozen importlib._bootstrap>", line 1342, in _find_and_load_unlocked
  File "<frozen importlib._bootstrap>", line 938, in _load_unlocked
  File "<frozen importlib._bootstrap>", line 1179, in exec_module
  File "<frozen site>", line 722, in <module>
  File "<frozen site>", line 705, in main
  File "<frozen site>", line 624, in venv
OSError: [Errno 11] Resource deadlock avoided
Fatal Python error: init_import_site: Failed to import the site module
Python runtime state: initialized
Traceback (most recent call last):
  File "<frozen importlib._bootstrap>", line 1371, in _find_and_load
  File "<frozen importlib._bootstrap>", line 1342, in _find_and_load_unlocked
  File "<frozen importlib._bootstrap>", line 938, in _load_unlocked
  File "<frozen importlib._bootstrap>", line 1179, in exec_module
  File "<frozen site>", line 722, in <module>
  File "<frozen site>", line 705, in main
  File "<frozen site>", line 624, in venv
OSError: [Errno 11] Resource deadlock avoided
Fatal Python error: init_import_site: Failed to import the site module
Python runtime state: initialized
Traceback (most recent call last):
  File "<frozen importlib._bootstrap>", line 1371, in _find_and_load
  File "<frozen importlib._bootstrap>", line 1342, in _find_and_load_unlocked
  File "<frozen importlib._bootstrap>", line 938, in _load_unlocked
  File "<frozen importlib._bootstrap>", line 1179, in exec_module
  File "<frozen site>", line 722, in <module>
  File "<frozen site>", line 705, in main
  File "<frozen site>", line 624, in venv
OSError: [Errno 11] Resource deadlock avoided
Fatal Python error: init_import_site: Failed to import the site module
Python runtime state: initialized
Traceback (most recent call last):
  File "<frozen importlib._bootstrap>", line 1371, in _find_and_load
  File "<frozen importlib._bootstrap>", line 1342, in _find_and_load_unlocked
  File "<frozen importlib._bootstrap>", line 938, in _load_unlocked
  File "<frozen importlib._bootstrap>", line 1179, in exec_module
  File "<frozen site>", line 722, in <module>
  File "<frozen site>", line 705, in main
  File "<frozen site>", line 624, in venv
OSError: [Errno 11] Resource deadlock avoided
Fatal Python error: init_import_site: Failed to import the site module
Python runtime state: initialized
Traceback (most recent call last):
  File "<frozen importlib._bootstrap>", line 1371, in _find_and_load
  File "<frozen importlib._bootstrap>", line 1342, in _find_and_load_unlocked
  File "<frozen importlib._bootstrap>", line 938, in _load_unlocked
  File "<frozen importlib._bootstrap>", line 1179, in exec_module
  File "<frozen site>", line 722, in <module>
  File "<frozen site>", line 705, in main
  File "<frozen site>", line 624, in venv
OSError: [Errno 11] Resource deadlock avoided
Fatal Python error: init_import_site: Failed to import the site module
Python runtime state: initialized
Traceback (most recent call last):
  File "<frozen importlib._bootstrap>", line 1371, in _find_and_load
  File "<frozen importlib._bootstrap>", line 1342, in _find_and_load_unlocked
  File "<frozen importlib._bootstrap>", line 938, in _load_unlocked
  File "<frozen importlib._bootstrap>", line 1179, in exec_module
  File "<frozen site>", line 722, in <module>
  File "<frozen site>", line 705, in main
  File "<frozen site>", line 624, in venv
OSError: [Errno 11] Resource deadlock avoided
Fatal Python error: init_import_site: Failed to import the site module
Python runtime state: initialized
Traceback (most recent call last):
  File "<frozen importlib._bootstrap>", line 1371, in _find_and_load
  File "<frozen importlib._bootstrap>", line 1342, in _find_and_load_unlocked
  File "<frozen importlib._bootstrap>", line 938, in _load_unlocked
  File "<frozen importlib._bootstrap>", line 1179, in exec_module
  File "<frozen site>", line 722, in <module>
  File "<frozen site>", line 705, in main
  File "<frozen site>", line 624, in venv
OSError: [Errno 11] Resource deadlock avoided
Fatal Python error: init_import_site: Failed to import the site module
Python runtime state: initialized
Traceback (most recent call last):
  File "<frozen importlib._bootstrap>", line 1371, in _find_and_load
  File "<frozen importlib._bootstrap>", line 1342, in _find_and_load_unlocked
  File "<frozen importlib._bootstrap>", line 938, in _load_unlocked
  File "<frozen importlib._bootstrap>", line 1179, in exec_module
  File "<frozen site>", line 722, in <module>
  File "<frozen site>", line 705, in main
  File "<frozen site>", line 624, in venv
OSError: [Errno 11] Resource deadlock avoided
Fatal Python error: init_import_site: Failed to import the site module
Python runtime state: initialized
Traceback (most recent call last):
  File "<frozen importlib._bootstrap>", line 1371, in _find_and_load
  File "<frozen importlib._bootstrap>", line 1342, in _find_and_load_unlocked
  File "<frozen importlib._bootstrap>", line 938, in _load_unlocked
  File "<frozen importlib._bootstrap>", line 1179, in exec_module
  File "<frozen site>", line 722, in <module>
  File "<frozen site>", line 705, in main
  File "<frozen site>", line 624, in venv
OSError: [Errno 11] Resource deadlock avoided
Fatal Python error: init_import_site: Failed to import the site module
Python runtime state: initialized
Traceback (most recent call last):
  File "<frozen importlib._bootstrap>", line 1371, in _find_and_load
  File "<frozen importlib._bootstrap>", line 1342, in _find_and_load_unlocked
  File "<frozen importlib._bootstrap>", line 938, in _load_unlocked
  File "<frozen importlib._bootstrap>", line 1179, in exec_module
  File "<frozen site>", line 722, in <module>
  File "<frozen site>", line 705, in main
  File "<frozen site>", line 624, in venv
OSError: [Errno 11] Resource deadlock avoided
Fatal Python error: init_import_site: Failed to import the site module
Python runtime state: initialized
Traceback (most recent call last):
  File "<frozen importlib._bootstrap>", line 1371, in _find_and_load
  File "<frozen importlib._bootstrap>", line 1342, in _find_and_load_unlocked
  File "<frozen importlib._bootstrap>", line 938, in _load_unlocked
  File "<frozen importlib._bootstrap>", line 1179, in exec_module
  File "<frozen site>", line 722, in <module>
  File "<frozen site>", line 705, in main
  File "<frozen site>", line 624, in venv
OSError: [Errno 11] Resource deadlock avoided
Fatal Python error: init_import_site: Failed to import the site module
Python runtime state: initialized
Traceback (most recent call last):
  File "<frozen importlib._bootstrap>", line 1371, in _find_and_load
  File "<frozen importlib._bootstrap>", line 1342, in _find_and_load_unlocked
  File "<frozen importlib._bootstrap>", line 938, in _load_unlocked
  File "<frozen importlib._bootstrap>", line 1179, in exec_module
  File "<frozen site>", line 722, in <module>
  File "<frozen site>", line 705, in main
  File "<frozen site>", line 624, in venv
OSError: [Errno 11] Resource deadlock avoided
Fatal Python error: init_import_site: Failed to import the site module
Python runtime state: initialized
Traceback (most recent call last):
  File "<frozen importlib._bootstrap>", line 1371, in _find_and_load
  File "<frozen importlib._bootstrap>", line 1342, in _find_and_load_unlocked
  File "<frozen importlib._bootstrap>", line 938, in _load_unlocked
  File "<frozen importlib._bootstrap>", line 1179, in exec_module
  File "<frozen site>", line 722, in <module>
  File "<frozen site>", line 705, in main
  File "<frozen site>", line 624, in venv
OSError: [Errno 11] Resource deadlock avoided
Fatal Python error: init_import_site: Failed to import the site module
Python runtime state: initialized
Traceback (most recent call last):
  File "<frozen importlib._bootstrap>", line 1371, in _find_and_load
  File "<frozen importlib._bootstrap>", line 1342, in _find_and_load_unlocked
  File "<frozen importlib._bootstrap>", line 938, in _load_unlocked
  File "<frozen importlib._bootstrap>", line 1179, in exec_module
  File "<frozen site>", line 722, in <module>
  File "<frozen site>", line 705, in main
  File "<frozen site>", line 624, in venv
OSError: [Errno 11] Resource deadlock avoided
Fatal Python error: init_import_site: Failed to import the site module
Python runtime state: initialized
Traceback (most recent call last):
  File "<frozen importlib._bootstrap>", line 1371, in _find_and_load
  File "<frozen importlib._bootstrap>", line 1342, in _find_and_load_unlocked
  File "<frozen importlib._bootstrap>", line 938, in _load_unlocked
  File "<frozen importlib._bootstrap>", line 1179, in exec_module
  File "<frozen site>", line 722, in <module>
  File "<frozen site>", line 705, in main
  File "<frozen site>", line 624, in venv
OSError: [Errno 11] Resource deadlock avoided
Fatal Python error: init_import_site: Failed to import the site module
Python runtime state: initialized
Traceback (most recent call last):
  File "<frozen importlib._bootstrap>", line 1371, in _find_and_load
  File "<frozen importlib._bootstrap>", line 1342, in _find_and_load_unlocked
  File "<frozen importlib._bootstrap>", line 938, in _load_unlocked
  File "<frozen importlib._bootstrap>", line 1179, in exec_module
  File "<frozen site>", line 722, in <module>
  File "<frozen site>", line 705, in main
  File "<frozen site>", line 624, in venv
OSError: [Errno 11] Resource deadlock avoided
Fatal Python error: init_import_site: Failed to import the site module
Python runtime state: initialized
Traceback (most recent call last):
  File "<frozen importlib._bootstrap>", line 1371, in _find_and_load
  File "<frozen importlib._bootstrap>", line 1342, in _find_and_load_unlocked
  File "<frozen importlib._bootstrap>", line 938, in _load_unlocked
  File "<frozen importlib._bootstrap>", line 1179, in exec_module
  File "<frozen site>", line 722, in <module>
  File "<frozen site>", line 705, in main
  File "<frozen site>", line 624, in venv
OSError: [Errno 11] Resource deadlock avoided
Fatal Python error: init_import_site: Failed to import the site module
Python runtime state: initialized
Traceback (most recent call last):
  File "<frozen importlib._bootstrap>", line 1371, in _find_and_load
  File "<frozen importlib._bootstrap>", line 1342, in _find_and_load_unlocked
  File "<frozen importlib._bootstrap>", line 938, in _load_unlocked
  File "<frozen importlib._bootstrap>", line 1179, in exec_module
  File "<frozen site>", line 722, in <module>
  File "<frozen site>", line 705, in main
  File "<frozen site>", line 624, in venv
OSError: [Errno 11] Resource deadlock avoided
Fatal Python error: init_import_site: Failed to import the site module
Python runtime state: initialized
Traceback (most recent call last):
  File "<frozen importlib._bootstrap>", line 1371, in _find_and_load
  File "<frozen importlib._bootstrap>", line 1342, in _find_and_load_unlocked
  File "<frozen importlib._bootstrap>", line 938, in _load_unlocked
  File "<frozen importlib._bootstrap>", line 1179, in exec_module
  File "<frozen site>", line 722, in <module>
  File "<frozen site>", line 705, in main
  File "<frozen site>", line 624, in venv
OSError: [Errno 11] Resource deadlock avoided
Fatal Python error: init_import_site: Failed to import the site module
Python runtime state: initialized
Traceback (most recent call last):
  File "<frozen importlib._bootstrap>", line 1371, in _find_and_load
  File "<frozen importlib._bootstrap>", line 1342, in _find_and_load_unlocked
  File "<frozen importlib._bootstrap>", line 938, in _load_unlocked
  File "<frozen importlib._bootstrap>", line 1179, in exec_module
  File "<frozen site>", line 722, in <module>
  File "<frozen site>", line 705, in main
  File "<frozen site>", line 624, in venv
OSError: [Errno 11] Resource deadlock avoided
Fatal Python error: init_import_site: Failed to import the site module
Python runtime state: initialized
Traceback (most recent call last):
  File "<frozen importlib._bootstrap>", line 1371, in _find_and_load
  File "<frozen importlib._bootstrap>", line 1342, in _find_and_load_unlocked
  File "<frozen importlib._bootstrap>", line 938, in _load_unlocked
  File "<frozen importlib._bootstrap>", line 1179, in exec_module
  File "<frozen site>", line 722, in <module>
  File "<frozen site>", line 705, in main
  File "<frozen site>", line 624, in venv
OSError: [Errno 11] Resource deadlock avoided
Fatal Python error: init_import_site: Failed to import the site module
Python runtime state: initialized
Traceback (most recent call last):
  File "<frozen importlib._bootstrap>", line 1371, in _find_and_load
  File "<frozen importlib._bootstrap>", line 1342, in _find_and_load_unlocked
  File "<frozen importlib._bootstrap>", line 938, in _load_unlocked
  File "<frozen importlib._bootstrap>", line 1179, in exec_module
  File "<frozen site>", line 722, in <module>
  File "<frozen site>", line 705, in main
  File "<frozen site>", line 624, in venv
OSError: [Errno 11] Resource deadlock avoided
Fatal Python error: init_import_site: Failed to import the site module
Python runtime state: initialized
Traceback (most recent call last):
  File "<frozen importlib._bootstrap>", line 1371, in _find_and_load
  File "<frozen importlib._bootstrap>", line 1342, in _find_and_load_unlocked
  File "<frozen importlib._bootstrap>", line 938, in _load_unlocked
  File "<frozen importlib._bootstrap>", line 1179, in exec_module
  File "<frozen site>", line 722, in <module>
  File "<frozen site>", line 705, in main
  File "<frozen site>", line 624, in venv
OSError: [Errno 11] Resource deadlock avoided
Fatal Python error: init_import_site: Failed to import the site module
Python runtime state: initialized
Traceback (most recent call last):
  File "<frozen importlib._bootstrap>", line 1371, in _find_and_load
  File "<frozen importlib._bootstrap>", line 1342, in _find_and_load_unlocked
  File "<frozen importlib._bootstrap>", line 938, in _load_unlocked
  File "<frozen importlib._bootstrap>", line 1179, in exec_module
  File "<frozen site>", line 722, in <module>
  File "<frozen site>", line 705, in main
  File "<frozen site>", line 624, in venv
OSError: [Errno 11] Resource deadlock avoided
Fatal Python error: init_import_site: Failed to import the site module
Python runtime state: initialized
Traceback (most recent call last):
  File "<frozen importlib._bootstrap>", line 1371, in _find_and_load
  File "<frozen importlib._bootstrap>", line 1342, in _find_and_load_unlocked
  File "<frozen importlib._bootstrap>", line 938, in _load_unlocked
  File "<frozen importlib._bootstrap>", line 1179, in exec_module
  File "<frozen site>", line 722, in <module>
  File "<frozen site>", line 705, in main
  File "<frozen site>", line 624, in venv
OSError: [Errno 11] Resource deadlock avoided
Fatal Python error: init_import_site: Failed to import the site module
Python runtime state: initialized
Traceback (most recent call last):
  File "<frozen importlib._bootstrap>", line 1371, in _find_and_load
  File "<frozen importlib._bootstrap>", line 1342, in _find_and_load_unlocked
  File "<frozen importlib._bootstrap>", line 938, in _load_unlocked
  File "<frozen importlib._bootstrap>", line 1179, in exec_module
  File "<frozen site>", line 722, in <module>
  File "<frozen site>", line 705, in main
  File "<frozen site>", line 624, in venv
OSError: [Errno 11] Resource deadlock avoided
Fatal Python error: init_import_site: Failed to import the site module
Python runtime state: initialized
Traceback (most recent call last):
  File "<frozen importlib._bootstrap>", line 1371, in _find_and_load
  File "<frozen importlib._bootstrap>", line 1342, in _find_and_load_unlocked
  File "<frozen importlib._bootstrap>", line 938, in _load_unlocked
  File "<frozen importlib._bootstrap>", line 1179, in exec_module
  File "<frozen site>", line 722, in <module>
  File "<frozen site>", line 705, in main
  File "<frozen site>", line 624, in venv
OSError: [Errno 11] Resource deadlock avoided
Fatal Python error: init_import_site: Failed to import the site module
Python runtime state: initialized
Traceback (most recent call last):
  File "<frozen importlib._bootstrap>", line 1371, in _find_and_load
  File "<frozen importlib._bootstrap>", line 1342, in _find_and_load_unlocked
  File "<frozen importlib._bootstrap>", line 938, in _load_unlocked
  File "<frozen importlib._bootstrap>", line 1179, in exec_module
  File "<frozen site>", line 722, in <module>
  File "<frozen site>", line 705, in main
  File "<frozen site>", line 624, in venv
OSError: [Errno 11] Resource deadlock avoided
Fatal Python error: init_import_site: Failed to import the site module
Python runtime state: initialized
Traceback (most recent call last):
  File "<frozen importlib._bootstrap>", line 1371, in _find_and_load
  File "<frozen importlib._bootstrap>", line 1342, in _find_and_load_unlocked
  File "<frozen importlib._bootstrap>", line 938, in _load_unlocked
  File "<frozen importlib._bootstrap>", line 1179, in exec_module
  File "<frozen site>", line 722, in <module>
  File "<frozen site>", line 705, in main
  File "<frozen site>", line 624, in venv
OSError: [Errno 11] Resource deadlock avoided
Fatal Python error: init_import_site: Failed to import the site module
Python runtime state: initialized
Traceback (most recent call last):
  File "<frozen importlib._bootstrap>", line 1371, in _find_and_load
  File "<frozen importlib._bootstrap>", line 1342, in _find_and_load_unlocked
  File "<frozen importlib._bootstrap>", line 938, in _load_unlocked
  File "<frozen importlib._bootstrap>", line 1179, in exec_module
  File "<frozen site>", line 722, in <module>
  File "<frozen site>", line 705, in main
  File "<frozen site>", line 624, in venv
OSError: [Errno 11] Resource deadlock avoided
Fatal Python error: init_import_site: Failed to import the site module
Python runtime state: initialized
Traceback (most recent call last):
  File "<frozen importlib._bootstrap>", line 1371, in _find_and_load
  File "<frozen importlib._bootstrap>", line 1342, in _find_and_load_unlocked
  File "<frozen importlib._bootstrap>", line 938, in _load_unlocked
  File "<frozen importlib._bootstrap>", line 1179, in exec_module
  File "<frozen site>", line 722, in <module>
  File "<frozen site>", line 705, in main
  File "<frozen site>", line 624, in venv
OSError: [Errno 11] Resource deadlock avoided
Fatal Python error: init_import_site: Failed to import the site module
Python runtime state: initialized
Traceback (most recent call last):
  File "<frozen importlib._bootstrap>", line 1371, in _find_and_load
  File "<frozen importlib._bootstrap>", line 1342, in _find_and_load_unlocked
  File "<frozen importlib._bootstrap>", line 938, in _load_unlocked
  File "<frozen importlib._bootstrap>", line 1179, in exec_module
  File "<frozen site>", line 722, in <module>
  File "<frozen site>", line 705, in main
  File "<frozen site>", line 624, in venv
OSError: [Errno 11] Resource deadlock avoided
Fatal Python error: init_import_site: Failed to import the site module
Python runtime state: initialized
Traceback (most recent call last):
  File "<frozen importlib._bootstrap>", line 1371, in _find_and_load
  File "<frozen importlib._bootstrap>", line 1342, in _find_and_load_unlocked
  File "<frozen importlib._bootstrap>", line 938, in _load_unlocked
  File "<frozen importlib._bootstrap>", line 1179, in exec_module
  File "<frozen site>", line 722, in <module>
  File "<frozen site>", line 705, in main
  File "<frozen site>", line 624, in venv
OSError: [Errno 11] Resource deadlock avoided
Fatal Python error: init_import_site: Failed to import the site module
Python runtime state: initialized
Traceback (most recent call last):
  File "<frozen importlib._bootstrap>", line 1371, in _find_and_load
  File "<frozen importlib._bootstrap>", line 1342, in _find_and_load_unlocked
  File "<frozen importlib._bootstrap>", line 938, in _load_unlocked
  File "<frozen importlib._bootstrap>", line 1179, in exec_module
  File "<frozen site>", line 722, in <module>
  File "<frozen site>", line 705, in main
  File "<frozen site>", line 624, in venv
OSError: [Errno 11] Resource deadlock avoided
Fatal Python error: init_import_site: Failed to import the site module
Python runtime state: initialized
Traceback (most recent call last):
  File "<frozen importlib._bootstrap>", line 1371, in _find_and_load
  File "<frozen importlib._bootstrap>", line 1342, in _find_and_load_unlocked
  File "<frozen importlib._bootstrap>", line 938, in _load_unlocked
  File "<frozen importlib._bootstrap>", line 1179, in exec_module
  File "<frozen site>", line 722, in <module>
  File "<frozen site>", line 705, in main
  File "<frozen site>", line 624, in venv
OSError: [Errno 11] Resource deadlock avoided
Fatal Python error: init_import_site: Failed to import the site module
Python runtime state: initialized
Traceback (most recent call last):
  File "<frozen importlib._bootstrap>", line 1371, in _find_and_load
  File "<frozen importlib._bootstrap>", line 1342, in _find_and_load_unlocked
  File "<frozen importlib._bootstrap>", line 938, in _load_unlocked
  File "<frozen importlib._bootstrap>", line 1179, in exec_module
  File "<frozen site>", line 722, in <module>
  File "<frozen site>", line 705, in main
  File "<frozen site>", line 624, in venv
OSError: [Errno 11] Resource deadlock avoided
Fatal Python error: init_import_site: Failed to import the site module
Python runtime state: initialized
Traceback (most recent call last):
  File "<frozen importlib._bootstrap>", line 1371, in _find_and_load
  File "<frozen importlib._bootstrap>", line 1342, in _find_and_load_unlocked
  File "<frozen importlib._bootstrap>", line 938, in _load_unlocked
  File "<frozen importlib._bootstrap>", line 1179, in exec_module
  File "<frozen site>", line 722, in <module>
  File "<frozen site>", line 705, in main
  File "<frozen site>", line 624, in venv
OSError: [Errno 11] Resource deadlock avoided
Fatal Python error: init_import_site: Failed to import the site module
Python runtime state: initialized
Traceback (most recent call last):
  File "<frozen importlib._bootstrap>", line 1371, in _find_and_load
  File "<frozen importlib._bootstrap>", line 1342, in _find_and_load_unlocked
  File "<frozen importlib._bootstrap>", line 938, in _load_unlocked
  File "<frozen importlib._bootstrap>", line 1179, in exec_module
  File "<frozen site>", line 722, in <module>
  File "<frozen site>", line 705, in main
  File "<frozen site>", line 624, in venv
OSError: [Errno 11] Resource deadlock avoided
Fatal Python error: init_import_site: Failed to import the site module
Python runtime state: initialized
Traceback (most recent call last):
  File "<frozen importlib._bootstrap>", line 1371, in _find_and_load
  File "<frozen importlib._bootstrap>", line 1342, in _find_and_load_unlocked
  File "<frozen importlib._bootstrap>", line 938, in _load_unlocked
  File "<frozen importlib._bootstrap>", line 1179, in exec_module
  File "<frozen site>", line 722, in <module>
  File "<frozen site>", line 705, in main
  File "<frozen site>", line 624, in venv
OSError: [Errno 11] Resource deadlock avoided
Fatal Python error: init_import_site: Failed to import the site module
Python runtime state: initialized
Traceback (most recent call last):
  File "<frozen importlib._bootstrap>", line 1371, in _find_and_load
  File "<frozen importlib._bootstrap>", line 1342, in _find_and_load_unlocked
  File "<frozen importlib._bootstrap>", line 938, in _load_unlocked
  File "<frozen importlib._bootstrap>", line 1179, in exec_module
  File "<frozen site>", line 722, in <module>
  File "<frozen site>", line 705, in main
  File "<frozen site>", line 624, in venv
OSError: [Errno 11] Resource deadlock avoided
Fatal Python error: init_import_site: Failed to import the site module
Python runtime state: initialized
Traceback (most recent call last):
  File "<frozen importlib._bootstrap>", line 1371, in _find_and_load
  File "<frozen importlib._bootstrap>", line 1342, in _find_and_load_unlocked
  File "<frozen importlib._bootstrap>", line 938, in _load_unlocked
  File "<frozen importlib._bootstrap>", line 1179, in exec_module
  File "<frozen site>", line 722, in <module>
  File "<frozen site>", line 705, in main
  File "<frozen site>", line 624, in venv
OSError: [Errno 11] Resource deadlock avoided
Fatal Python error: init_import_site: Failed to import the site module
Python runtime state: initialized
Traceback (most recent call last):
  File "<frozen importlib._bootstrap>", line 1371, in _find_and_load
  File "<frozen importlib._bootstrap>", line 1342, in _find_and_load_unlocked
  File "<frozen importlib._bootstrap>", line 938, in _load_unlocked
  File "<frozen importlib._bootstrap>", line 1179, in exec_module
  File "<frozen site>", line 722, in <module>
  File "<frozen site>", line 705, in main
  File "<frozen site>", line 624, in venv
OSError: [Errno 11] Resource deadlock avoided
Fatal Python error: init_import_site: Failed to import the site module
Python runtime state: initialized
Traceback (most recent call last):
  File "<frozen importlib._bootstrap>", line 1371, in _find_and_load
  File "<frozen importlib._bootstrap>", line 1342, in _find_and_load_unlocked
  File "<frozen importlib._bootstrap>", line 938, in _load_unlocked
  File "<frozen importlib._bootstrap>", line 1179, in exec_module
  File "<frozen site>", line 722, in <module>
  File "<frozen site>", line 705, in main
  File "<frozen site>", line 624, in venv
OSError: [Errno 11] Resource deadlock avoided
Fatal Python error: init_import_site: Failed to import the site module
Python runtime state: initialized
Traceback (most recent call last):
  File "<frozen importlib._bootstrap>", line 1371, in _find_and_load
  File "<frozen importlib._bootstrap>", line 1342, in _find_and_load_unlocked
  File "<frozen importlib._bootstrap>", line 938, in _load_unlocked
  File "<frozen importlib._bootstrap>", line 1179, in exec_module
  File "<frozen site>", line 722, in <module>
  File "<frozen site>", line 705, in main
  File "<frozen site>", line 624, in venv
OSError: [Errno 11] Resource deadlock avoided
Fatal Python error: init_import_site: Failed to import the site module
Python runtime state: initialized
Traceback (most recent call last):
  File "<frozen importlib._bootstrap>", line 1371, in _find_and_load
  File "<frozen importlib._bootstrap>", line 1342, in _find_and_load_unlocked
  File "<frozen importlib._bootstrap>", line 938, in _load_unlocked
  File "<frozen importlib._bootstrap>", line 1179, in exec_module
  File "<frozen site>", line 722, in <module>
  File "<frozen site>", line 705, in main
  File "<frozen site>", line 624, in venv
OSError: [Errno 11] Resource deadlock avoided
Fatal Python error: init_import_site: Failed to import the site module
Python runtime state: initialized
Traceback (most recent call last):
  File "<frozen importlib._bootstrap>", line 1371, in _find_and_load
  File "<frozen importlib._bootstrap>", line 1342, in _find_and_load_unlocked
  File "<frozen importlib._bootstrap>", line 938, in _load_unlocked
  File "<frozen importlib._bootstrap>", line 1179, in exec_module
  File "<frozen site>", line 722, in <module>
  File "<frozen site>", line 705, in main
  File "<frozen site>", line 624, in venv
OSError: [Errno 11] Resource deadlock avoided
Fatal Python error: init_import_site: Failed to import the site module
Python runtime state: initialized
Traceback (most recent call last):
  File "<frozen importlib._bootstrap>", line 1371, in _find_and_load
  File "<frozen importlib._bootstrap>", line 1342, in _find_and_load_unlocked
  File "<frozen importlib._bootstrap>", line 938, in _load_unlocked
  File "<frozen importlib._bootstrap>", line 1179, in exec_module
  File "<frozen site>", line 722, in <module>
  File "<frozen site>", line 705, in main
  File "<frozen site>", line 624, in venv
OSError: [Errno 11] Resource deadlock avoided
Fatal Python error: init_import_site: Failed to import the site module
Python runtime state: initialized
Traceback (most recent call last):
  File "<frozen importlib._bootstrap>", line 1371, in _find_and_load
  File "<frozen importlib._bootstrap>", line 1342, in _find_and_load_unlocked
  File "<frozen importlib._bootstrap>", line 938, in _load_unlocked
  File "<frozen importlib._bootstrap>", line 1179, in exec_module
  File "<frozen site>", line 722, in <module>
  File "<frozen site>", line 705, in main
  File "<frozen site>", line 624, in venv
OSError: [Errno 11] Resource deadlock avoided
Fatal Python error: init_import_site: Failed to import the site module
Python runtime state: initialized
Traceback (most recent call last):
  File "<frozen importlib._bootstrap>", line 1371, in _find_and_load
  File "<frozen importlib._bootstrap>", line 1342, in _find_and_load_unlocked
  File "<frozen importlib._bootstrap>", line 938, in _load_unlocked
  File "<frozen importlib._bootstrap>", line 1179, in exec_module
  File "<frozen site>", line 722, in <module>
  File "<frozen site>", line 705, in main
  File "<frozen site>", line 624, in venv
OSError: [Errno 11] Resource deadlock avoided
Fatal Python error: init_import_site: Failed to import the site module
Python runtime state: initialized
Traceback (most recent call last):
  File "<frozen importlib._bootstrap>", line 1371, in _find_and_load
  File "<frozen importlib._bootstrap>", line 1342, in _find_and_load_unlocked
  File "<frozen importlib._bootstrap>", line 938, in _load_unlocked
  File "<frozen importlib._bootstrap>", line 1179, in exec_module
  File "<frozen site>", line 722, in <module>
  File "<frozen site>", line 705, in main
  File "<frozen site>", line 624, in venv
OSError: [Errno 11] Resource deadlock avoided
Fatal Python error: init_import_site: Failed to import the site module
Python runtime state: initialized
Traceback (most recent call last):
  File "<frozen importlib._bootstrap>", line 1371, in _find_and_load
  File "<frozen importlib._bootstrap>", line 1342, in _find_and_load_unlocked
  File "<frozen importlib._bootstrap>", line 938, in _load_unlocked
  File "<frozen importlib._bootstrap>", line 1179, in exec_module
  File "<frozen site>", line 722, in <module>
  File "<frozen site>", line 705, in main
  File "<frozen site>", line 624, in venv
OSError: [Errno 11] Resource deadlock avoided
Fatal Python error: init_import_site: Failed to import the site module
Python runtime state: initialized
Traceback (most recent call last):
  File "<frozen importlib._bootstrap>", line 1371, in _find_and_load
  File "<frozen importlib._bootstrap>", line 1342, in _find_and_load_unlocked
  File "<frozen importlib._bootstrap>", line 938, in _load_unlocked
  File "<frozen importlib._bootstrap>", line 1179, in exec_module
  File "<frozen site>", line 722, in <module>
  File "<frozen site>", line 705, in main
  File "<frozen site>", line 624, in venv
OSError: [Errno 11] Resource deadlock avoided
Fatal Python error: init_import_site: Failed to import the site module
Python runtime state: initialized
Traceback (most recent call last):
  File "<frozen importlib._bootstrap>", line 1371, in _find_and_load
  File "<frozen importlib._bootstrap>", line 1342, in _find_and_load_unlocked
  File "<frozen importlib._bootstrap>", line 938, in _load_unlocked
  File "<frozen importlib._bootstrap>", line 1179, in exec_module
  File "<frozen site>", line 722, in <module>
  File "<frozen site>", line 705, in main
  File "<frozen site>", line 624, in venv
OSError: [Errno 11] Resource deadlock avoided
Fatal Python error: init_import_site: Failed to import the site module
Python runtime state: initialized
Traceback (most recent call last):
  File "<frozen importlib._bootstrap>", line 1371, in _find_and_load
  File "<frozen importlib._bootstrap>", line 1342, in _find_and_load_unlocked
  File "<frozen importlib._bootstrap>", line 938, in _load_unlocked
  File "<frozen importlib._bootstrap>", line 1179, in exec_module
  File "<frozen site>", line 722, in <module>
  File "<frozen site>", line 705, in main
  File "<frozen site>", line 624, in venv
OSError: [Errno 11] Resource deadlock avoided
Fatal Python error: init_import_site: Failed to import the site module
Python runtime state: initialized
Traceback (most recent call last):
  File "<frozen importlib._bootstrap>", line 1371, in _find_and_load
  File "<frozen importlib._bootstrap>", line 1342, in _find_and_load_unlocked
  File "<frozen importlib._bootstrap>", line 938, in _load_unlocked
  File "<frozen importlib._bootstrap>", line 1179, in exec_module
  File "<frozen site>", line 722, in <module>
  File "<frozen site>", line 705, in main
  File "<frozen site>", line 624, in venv
OSError: [Errno 11] Resource deadlock avoided
Fatal Python error: init_import_site: Failed to import the site module
Python runtime state: initialized
Traceback (most recent call last):
  File "<frozen importlib._bootstrap>", line 1371, in _find_and_load
  File "<frozen importlib._bootstrap>", line 1342, in _find_and_load_unlocked
  File "<frozen importlib._bootstrap>", line 938, in _load_unlocked
  File "<frozen importlib._bootstrap>", line 1179, in exec_module
  File "<frozen site>", line 722, in <module>
  File "<frozen site>", line 705, in main
  File "<frozen site>", line 624, in venv
OSError: [Errno 11] Resource deadlock avoided
Fatal Python error: init_import_site: Failed to import the site module
Python runtime state: initialized
Traceback (most recent call last):
  File "<frozen importlib._bootstrap>", line 1371, in _find_and_load
  File "<frozen importlib._bootstrap>", line 1342, in _find_and_load_unlocked
  File "<frozen importlib._bootstrap>", line 938, in _load_unlocked
  File "<frozen importlib._bootstrap>", line 1179, in exec_module
  File "<frozen site>", line 722, in <module>
  File "<frozen site>", line 705, in main
  File "<frozen site>", line 624, in venv
OSError: [Errno 11] Resource deadlock avoided
Fatal Python error: init_import_site: Failed to import the site module
Python runtime state: initialized
Traceback (most recent call last):
  File "<frozen importlib._bootstrap>", line 1371, in _find_and_load
  File "<frozen importlib._bootstrap>", line 1342, in _find_and_load_unlocked
  File "<frozen importlib._bootstrap>", line 938, in _load_unlocked
  File "<frozen importlib._bootstrap>", line 1179, in exec_module
  File "<frozen site>", line 722, in <module>
  File "<frozen site>", line 705, in main
  File "<frozen site>", line 624, in venv
OSError: [Errno 11] Resource deadlock avoided
Fatal Python error: init_import_site: Failed to import the site module
Python runtime state: initialized
Traceback (most recent call last):
  File "<frozen importlib._bootstrap>", line 1371, in _find_and_load
  File "<frozen importlib._bootstrap>", line 1342, in _find_and_load_unlocked
  File "<frozen importlib._bootstrap>", line 938, in _load_unlocked
  File "<frozen importlib._bootstrap>", line 1179, in exec_module
  File "<frozen site>", line 722, in <module>
  File "<frozen site>", line 705, in main
  File "<frozen site>", line 624, in venv
OSError: [Errno 11] Resource deadlock avoided
Fatal Python error: init_import_site: Failed to import the site module
Python runtime state: initialized
Traceback (most recent call last):
  File "<frozen importlib._bootstrap>", line 1371, in _find_and_load
  File "<frozen importlib._bootstrap>", line 1342, in _find_and_load_unlocked
  File "<frozen importlib._bootstrap>", line 938, in _load_unlocked
  File "<frozen importlib._bootstrap>", line 1179, in exec_module
  File "<frozen site>", line 722, in <module>
  File "<frozen site>", line 705, in main
  File "<frozen site>", line 624, in venv
OSError: [Errno 11] Resource deadlock avoided
Fatal Python error: init_import_site: Failed to import the site module
Python runtime state: initialized
Traceback (most recent call last):
  File "<frozen importlib._bootstrap>", line 1371, in _find_and_load
  File "<frozen importlib._bootstrap>", line 1342, in _find_and_load_unlocked
  File "<frozen importlib._bootstrap>", line 938, in _load_unlocked
  File "<frozen importlib._bootstrap>", line 1179, in exec_module
  File "<frozen site>", line 722, in <module>
  File "<frozen site>", line 705, in main
  File "<frozen site>", line 624, in venv
OSError: [Errno 11] Resource deadlock avoided
Fatal Python error: init_import_site: Failed to import the site module
Python runtime state: initialized
Traceback (most recent call last):
  File "<frozen importlib._bootstrap>", line 1371, in _find_and_load
  File "<frozen importlib._bootstrap>", line 1342, in _find_and_load_unlocked
  File "<frozen importlib._bootstrap>", line 938, in _load_unlocked
  File "<frozen importlib._bootstrap>", line 1179, in exec_module
  File "<frozen site>", line 722, in <module>
  File "<frozen site>", line 705, in main
  File "<frozen site>", line 624, in venv
OSError: [Errno 11] Resource deadlock avoided
Fatal Python error: init_import_site: Failed to import the site module
Python runtime state: initialized
Traceback (most recent call last):
  File "<frozen importlib._bootstrap>", line 1371, in _find_and_load
  File "<frozen importlib._bootstrap>", line 1342, in _find_and_load_unlocked
  File "<frozen importlib._bootstrap>", line 938, in _load_unlocked
  File "<frozen importlib._bootstrap>", line 1179, in exec_module
  File "<frozen site>", line 722, in <module>
  File "<frozen site>", line 705, in main
  File "<frozen site>", line 624, in venv
OSError: [Errno 11] Resource deadlock avoided
Fatal Python error: init_import_site: Failed to import the site module
Python runtime state: initialized
Traceback (most recent call last):
  File "<frozen importlib._bootstrap>", line 1371, in _find_and_load
  File "<frozen importlib._bootstrap>", line 1342, in _find_and_load_unlocked
  File "<frozen importlib._bootstrap>", line 938, in _load_unlocked
  File "<frozen importlib._bootstrap>", line 1179, in exec_module
  File "<frozen site>", line 722, in <module>
  File "<frozen site>", line 705, in main
  File "<frozen site>", line 624, in venv
OSError: [Errno 11] Resource deadlock avoided
Fatal Python error: init_import_site: Failed to import the site module
Python runtime state: initialized
Traceback (most recent call last):
  File "<frozen importlib._bootstrap>", line 1371, in _find_and_load
  File "<frozen importlib._bootstrap>", line 1342, in _find_and_load_unlocked
  File "<frozen importlib._bootstrap>", line 938, in _load_unlocked
  File "<frozen importlib._bootstrap>", line 1179, in exec_module
  File "<frozen site>", line 722, in <module>
  File "<frozen site>", line 705, in main
  File "<frozen site>", line 624, in venv
OSError: [Errno 11] Resource deadlock avoided
Fatal Python error: init_import_site: Failed to import the site module
Python runtime state: initialized
Traceback (most recent call last):
  File "<frozen importlib._bootstrap>", line 1371, in _find_and_load
  File "<frozen importlib._bootstrap>", line 1342, in _find_and_load_unlocked
  File "<frozen importlib._bootstrap>", line 938, in _load_unlocked
  File "<frozen importlib._bootstrap>", line 1179, in exec_module
  File "<frozen site>", line 722, in <module>
  File "<frozen site>", line 705, in main
  File "<frozen site>", line 624, in venv
OSError: [Errno 11] Resource deadlock avoided
Fatal Python error: init_import_site: Failed to import the site module
Python runtime state: initialized
Traceback (most recent call last):
  File "<frozen importlib._bootstrap>", line 1371, in _find_and_load
  File "<frozen importlib._bootstrap>", line 1342, in _find_and_load_unlocked
  File "<frozen importlib._bootstrap>", line 938, in _load_unlocked
  File "<frozen importlib._bootstrap>", line 1179, in exec_module
  File "<frozen site>", line 722, in <module>
  File "<frozen site>", line 705, in main
  File "<frozen site>", line 624, in venv
OSError: [Errno 11] Resource deadlock avoided
Fatal Python error: init_import_site: Failed to import the site module
Python runtime state: initialized
Traceback (most recent call last):
  File "<frozen importlib._bootstrap>", line 1371, in _find_and_load
  File "<frozen importlib._bootstrap>", line 1342, in _find_and_load_unlocked
  File "<frozen importlib._bootstrap>", line 938, in _load_unlocked
  File "<frozen importlib._bootstrap>", line 1179, in exec_module
  File "<frozen site>", line 722, in <module>
  File "<frozen site>", line 705, in main
  File "<frozen site>", line 624, in venv
OSError: [Errno 11] Resource deadlock avoided
Fatal Python error: init_import_site: Failed to import the site module
Python runtime state: initialized
Traceback (most recent call last):
  File "<frozen importlib._bootstrap>", line 1371, in _find_and_load
  File "<frozen importlib._bootstrap>", line 1342, in _find_and_load_unlocked
  File "<frozen importlib._bootstrap>", line 938, in _load_unlocked
  File "<frozen importlib._bootstrap>", line 1179, in exec_module
  File "<frozen site>", line 722, in <module>
  File "<frozen site>", line 705, in main
  File "<frozen site>", line 624, in venv
OSError: [Errno 11] Resource deadlock avoided
Fatal Python error: init_import_site: Failed to import the site module
Python runtime state: initialized
Traceback (most recent call last):
  File "<frozen importlib._bootstrap>", line 1371, in _find_and_load
  File "<frozen importlib._bootstrap>", line 1342, in _find_and_load_unlocked
  File "<frozen importlib._bootstrap>", line 938, in _load_unlocked
  File "<frozen importlib._bootstrap>", line 1179, in exec_module
  File "<frozen site>", line 722, in <module>
  File "<frozen site>", line 705, in main
  File "<frozen site>", line 624, in venv
OSError: [Errno 11] Resource deadlock avoided
Fatal Python error: init_import_site: Failed to import the site module
Python runtime state: initialized
Traceback (most recent call last):
  File "<frozen importlib._bootstrap>", line 1371, in _find_and_load
  File "<frozen importlib._bootstrap>", line 1342, in _find_and_load_unlocked
  File "<frozen importlib._bootstrap>", line 938, in _load_unlocked
  File "<frozen importlib._bootstrap>", line 1179, in exec_module
  File "<frozen site>", line 722, in <module>
  File "<frozen site>", line 705, in main
  File "<frozen site>", line 624, in venv
OSError: [Errno 11] Resource deadlock avoided
Fatal Python error: init_import_site: Failed to import the site module
Python runtime state: initialized
Traceback (most recent call last):
  File "<frozen importlib._bootstrap>", line 1371, in _find_and_load
  File "<frozen importlib._bootstrap>", line 1342, in _find_and_load_unlocked
  File "<frozen importlib._bootstrap>", line 938, in _load_unlocked
  File "<frozen importlib._bootstrap>", line 1179, in exec_module
  File "<frozen site>", line 722, in <module>
  File "<frozen site>", line 705, in main
  File "<frozen site>", line 624, in venv
OSError: [Errno 11] Resource deadlock avoided
Fatal Python error: init_import_site: Failed to import the site module
Python runtime state: initialized
Traceback (most recent call last):
  File "<frozen importlib._bootstrap>", line 1371, in _find_and_load
  File "<frozen importlib._bootstrap>", line 1342, in _find_and_load_unlocked
  File "<frozen importlib._bootstrap>", line 938, in _load_unlocked
  File "<frozen importlib._bootstrap>", line 1179, in exec_module
  File "<frozen site>", line 722, in <module>
  File "<frozen site>", line 705, in main
  File "<frozen site>", line 624, in venv
OSError: [Errno 11] Resource deadlock avoided
Fatal Python error: init_import_site: Failed to import the site module
Python runtime state: initialized
Traceback (most recent call last):
  File "<frozen importlib._bootstrap>", line 1371, in _find_and_load
  File "<frozen importlib._bootstrap>", line 1342, in _find_and_load_unlocked
  File "<frozen importlib._bootstrap>", line 938, in _load_unlocked
  File "<frozen importlib._bootstrap>", line 1179, in exec_module
  File "<frozen site>", line 722, in <module>
  File "<frozen site>", line 705, in main
  File "<frozen site>", line 624, in venv
OSError: [Errno 11] Resource deadlock avoided
Fatal Python error: init_import_site: Failed to import the site module
Python runtime state: initialized
Traceback (most recent call last):
  File "<frozen importlib._bootstrap>", line 1371, in _find_and_load
  File "<frozen importlib._bootstrap>", line 1342, in _find_and_load_unlocked
  File "<frozen importlib._bootstrap>", line 938, in _load_unlocked
  File "<frozen importlib._bootstrap>", line 1179, in exec_module
  File "<frozen site>", line 722, in <module>
  File "<frozen site>", line 705, in main
  File "<frozen site>", line 624, in venv
OSError: [Errno 11] Resource deadlock avoided
Fatal Python error: init_import_site: Failed to import the site module
Python runtime state: initialized
Traceback (most recent call last):
  File "<frozen importlib._bootstrap>", line 1371, in _find_and_load
  File "<frozen importlib._bootstrap>", line 1342, in _find_and_load_unlocked
  File "<frozen importlib._bootstrap>", line 938, in _load_unlocked
  File "<frozen importlib._bootstrap>", line 1179, in exec_module
  File "<frozen site>", line 722, in <module>
  File "<frozen site>", line 705, in main
  File "<frozen site>", line 624, in venv
OSError: [Errno 11] Resource deadlock avoided
Fatal Python error: init_import_site: Failed to import the site module
Python runtime state: initialized
Traceback (most recent call last):
  File "<frozen importlib._bootstrap>", line 1371, in _find_and_load
  File "<frozen importlib._bootstrap>", line 1342, in _find_and_load_unlocked
  File "<frozen importlib._bootstrap>", line 938, in _load_unlocked
  File "<frozen importlib._bootstrap>", line 1179, in exec_module
  File "<frozen site>", line 722, in <module>
  File "<frozen site>", line 705, in main
  File "<frozen site>", line 624, in venv
OSError: [Errno 11] Resource deadlock avoided
Fatal Python error: init_import_site: Failed to import the site module
Python runtime state: initialized
Traceback (most recent call last):
  File "<frozen importlib._bootstrap>", line 1371, in _find_and_load
  File "<frozen importlib._bootstrap>", line 1342, in _find_and_load_unlocked
  File "<frozen importlib._bootstrap>", line 938, in _load_unlocked
  File "<frozen importlib._bootstrap>", line 1179, in exec_module
  File "<frozen site>", line 722, in <module>
  File "<frozen site>", line 705, in main
  File "<frozen site>", line 624, in venv
OSError: [Errno 11] Resource deadlock avoided
Fatal Python error: init_import_site: Failed to import the site module
Python runtime state: initialized
Traceback (most recent call last):
  File "<frozen importlib._bootstrap>", line 1371, in _find_and_load
  File "<frozen importlib._bootstrap>", line 1342, in _find_and_load_unlocked
  File "<frozen importlib._bootstrap>", line 938, in _load_unlocked
  File "<frozen importlib._bootstrap>", line 1179, in exec_module
  File "<frozen site>", line 722, in <module>
  File "<frozen site>", line 705, in main
  File "<frozen site>", line 624, in venv
OSError: [Errno 11] Resource deadlock avoided
Fatal Python error: init_import_site: Failed to import the site module
Python runtime state: initialized
Traceback (most recent call last):
  File "<frozen importlib._bootstrap>", line 1371, in _find_and_load
  File "<frozen importlib._bootstrap>", line 1342, in _find_and_load_unlocked
  File "<frozen importlib._bootstrap>", line 938, in _load_unlocked
  File "<frozen importlib._bootstrap>", line 1179, in exec_module
  File "<frozen site>", line 722, in <module>
  File "<frozen site>", line 705, in main
  File "<frozen site>", line 624, in venv
OSError: [Errno 11] Resource deadlock avoided
Fatal Python error: init_import_site: Failed to import the site module
Python runtime state: initialized
Traceback (most recent call last):
  File "<frozen importlib._bootstrap>", line 1371, in _find_and_load
  File "<frozen importlib._bootstrap>", line 1342, in _find_and_load_unlocked
  File "<frozen importlib._bootstrap>", line 938, in _load_unlocked
  File "<frozen importlib._bootstrap>", line 1179, in exec_module
  File "<frozen site>", line 722, in <module>
  File "<frozen site>", line 705, in main
  File "<frozen site>", line 624, in venv
OSError: [Errno 11] Resource deadlock avoided
Fatal Python error: init_import_site: Failed to import the site module
Python runtime state: initialized
Traceback (most recent call last):
  File "<frozen importlib._bootstrap>", line 1371, in _find_and_load
  File "<frozen importlib._bootstrap>", line 1342, in _find_and_load_unlocked
  File "<frozen importlib._bootstrap>", line 938, in _load_unlocked
  File "<frozen importlib._bootstrap>", line 1179, in exec_module
  File "<frozen site>", line 722, in <module>
  File "<frozen site>", line 705, in main
  File "<frozen site>", line 624, in venv
OSError: [Errno 11] Resource deadlock avoided
Fatal Python error: init_import_site: Failed to import the site module
Python runtime state: initialized
Traceback (most recent call last):
  File "<frozen importlib._bootstrap>", line 1371, in _find_and_load
  File "<frozen importlib._bootstrap>", line 1342, in _find_and_load_unlocked
  File "<frozen importlib._bootstrap>", line 938, in _load_unlocked
  File "<frozen importlib._bootstrap>", line 1179, in exec_module
  File "<frozen site>", line 722, in <module>
  File "<frozen site>", line 705, in main
  File "<frozen site>", line 624, in venv
OSError: [Errno 11] Resource deadlock avoided
Fatal Python error: init_import_site: Failed to import the site module
Python runtime state: initialized
Traceback (most recent call last):
  File "<frozen importlib._bootstrap>", line 1371, in _find_and_load
  File "<frozen importlib._bootstrap>", line 1342, in _find_and_load_unlocked
  File "<frozen importlib._bootstrap>", line 938, in _load_unlocked
  File "<frozen importlib._bootstrap>", line 1179, in exec_module
  File "<frozen site>", line 722, in <module>
  File "<frozen site>", line 705, in main
  File "<frozen site>", line 624, in venv
OSError: [Errno 11] Resource deadlock avoided
Fatal Python error: init_import_site: Failed to import the site module
Python runtime state: initialized
Traceback (most recent call last):
  File "<frozen importlib._bootstrap>", line 1371, in _find_and_load
  File "<frozen importlib._bootstrap>", line 1342, in _find_and_load_unlocked
  File "<frozen importlib._bootstrap>", line 938, in _load_unlocked
  File "<frozen importlib._bootstrap>", line 1179, in exec_module
  File "<frozen site>", line 722, in <module>
  File "<frozen site>", line 705, in main
  File "<frozen site>", line 624, in venv
OSError: [Errno 11] Resource deadlock avoided
Fatal Python error: init_import_site: Failed to import the site module
Python runtime state: initialized
Traceback (most recent call last):
  File "<frozen importlib._bootstrap>", line 1371, in _find_and_load
  File "<frozen importlib._bootstrap>", line 1342, in _find_and_load_unlocked
  File "<frozen importlib._bootstrap>", line 938, in _load_unlocked
  File "<frozen importlib._bootstrap>", line 1179, in exec_module
  File "<frozen site>", line 722, in <module>
  File "<frozen site>", line 705, in main
  File "<frozen site>", line 624, in venv
OSError: [Errno 11] Resource deadlock avoided
Fatal Python error: init_import_site: Failed to import the site module
Python runtime state: initialized
Traceback (most recent call last):
  File "<frozen importlib._bootstrap>", line 1371, in _find_and_load
  File "<frozen importlib._bootstrap>", line 1342, in _find_and_load_unlocked
  File "<frozen importlib._bootstrap>", line 938, in _load_unlocked
  File "<frozen importlib._bootstrap>", line 1179, in exec_module
  File "<frozen site>", line 722, in <module>
  File "<frozen site>", line 705, in main
  File "<frozen site>", line 624, in venv
OSError: [Errno 11] Resource deadlock avoided
Fatal Python error: init_import_site: Failed to import the site module
Python runtime state: initialized
Traceback (most recent call last):
  File "<frozen importlib._bootstrap>", line 1371, in _find_and_load
  File "<frozen importlib._bootstrap>", line 1342, in _find_and_load_unlocked
  File "<frozen importlib._bootstrap>", line 938, in _load_unlocked
  File "<frozen importlib._bootstrap>", line 1179, in exec_module
  File "<frozen site>", line 722, in <module>
  File "<frozen site>", line 705, in main
  File "<frozen site>", line 624, in venv
OSError: [Errno 11] Resource deadlock avoided
Fatal Python error: init_import_site: Failed to import the site module
Python runtime state: initialized
Traceback (most recent call last):
  File "<frozen importlib._bootstrap>", line 1371, in _find_and_load
  File "<frozen importlib._bootstrap>", line 1342, in _find_and_load_unlocked
  File "<frozen importlib._bootstrap>", line 938, in _load_unlocked
  File "<frozen importlib._bootstrap>", line 1179, in exec_module
  File "<frozen site>", line 722, in <module>
  File "<frozen site>", line 705, in main
  File "<frozen site>", line 624, in venv
OSError: [Errno 11] Resource deadlock avoided
Fatal Python error: init_import_site: Failed to import the site module
Python runtime state: initialized
Traceback (most recent call last):
  File "<frozen importlib._bootstrap>", line 1371, in _find_and_load
  File "<frozen importlib._bootstrap>", line 1342, in _find_and_load_unlocked
  File "<frozen importlib._bootstrap>", line 938, in _load_unlocked
  File "<frozen importlib._bootstrap>", line 1179, in exec_module
  File "<frozen site>", line 722, in <module>
  File "<frozen site>", line 705, in main
  File "<frozen site>", line 624, in venv
OSError: [Errno 11] Resource deadlock avoided
Fatal Python error: init_import_site: Failed to import the site module
Python runtime state: initialized
Traceback (most recent call last):
  File "<frozen importlib._bootstrap>", line 1371, in _find_and_load
  File "<frozen importlib._bootstrap>", line 1342, in _find_and_load_unlocked
  File "<frozen importlib._bootstrap>", line 938, in _load_unlocked
  File "<frozen importlib._bootstrap>", line 1179, in exec_module
  File "<frozen site>", line 722, in <module>
  File "<frozen site>", line 705, in main
  File "<frozen site>", line 624, in venv
OSError: [Errno 11] Resource deadlock avoided
Fatal Python error: init_import_site: Failed to import the site module
Python runtime state: initialized
Traceback (most recent call last):
  File "<frozen importlib._bootstrap>", line 1371, in _find_and_load
  File "<frozen importlib._bootstrap>", line 1342, in _find_and_load_unlocked
  File "<frozen importlib._bootstrap>", line 938, in _load_unlocked
  File "<frozen importlib._bootstrap>", line 1179, in exec_module
  File "<frozen site>", line 722, in <module>
  File "<frozen site>", line 705, in main
  File "<frozen site>", line 624, in venv
OSError: [Errno 11] Resource deadlock avoided
Fatal Python error: init_import_site: Failed to import the site module
Python runtime state: initialized
Traceback (most recent call last):
  File "<frozen importlib._bootstrap>", line 1371, in _find_and_load
  File "<frozen importlib._bootstrap>", line 1342, in _find_and_load_unlocked
  File "<frozen importlib._bootstrap>", line 938, in _load_unlocked
  File "<frozen importlib._bootstrap>", line 1179, in exec_module
  File "<frozen site>", line 722, in <module>
  File "<frozen site>", line 705, in main
  File "<frozen site>", line 624, in venv
OSError: [Errno 11] Resource deadlock avoided
Fatal Python error: init_import_site: Failed to import the site module
Python runtime state: initialized
Traceback (most recent call last):
  File "<frozen importlib._bootstrap>", line 1371, in _find_and_load
  File "<frozen importlib._bootstrap>", line 1342, in _find_and_load_unlocked
  File "<frozen importlib._bootstrap>", line 938, in _load_unlocked
  File "<frozen importlib._bootstrap>", line 1179, in exec_module
  File "<frozen site>", line 722, in <module>
  File "<frozen site>", line 705, in main
  File "<frozen site>", line 624, in venv
OSError: [Errno 11] Resource deadlock avoided
Fatal Python error: init_import_site: Failed to import the site module
Python runtime state: initialized
Traceback (most recent call last):
  File "<frozen importlib._bootstrap>", line 1371, in _find_and_load
  File "<frozen importlib._bootstrap>", line 1342, in _find_and_load_unlocked
  File "<frozen importlib._bootstrap>", line 938, in _load_unlocked
  File "<frozen importlib._bootstrap>", line 1179, in exec_module
  File "<frozen site>", line 722, in <module>
  File "<frozen site>", line 705, in main
  File "<frozen site>", line 624, in venv
OSError: [Errno 11] Resource deadlock avoided
Fatal Python error: init_import_site: Failed to import the site module
Python runtime state: initialized
Traceback (most recent call last):
  File "<frozen importlib._bootstrap>", line 1371, in _find_and_load
  File "<frozen importlib._bootstrap>", line 1342, in _find_and_load_unlocked
  File "<frozen importlib._bootstrap>", line 938, in _load_unlocked
  File "<frozen importlib._bootstrap>", line 1179, in exec_module
  File "<frozen site>", line 722, in <module>
  File "<frozen site>", line 705, in main
  File "<frozen site>", line 624, in venv
OSError: [Errno 11] Resource deadlock avoided
Fatal Python error: init_import_site: Failed to import the site module
Python runtime state: initialized
Traceback (most recent call last):
  File "<frozen importlib._bootstrap>", line 1371, in _find_and_load
  File "<frozen importlib._bootstrap>", line 1342, in _find_and_load_unlocked
  File "<frozen importlib._bootstrap>", line 938, in _load_unlocked
  File "<frozen importlib._bootstrap>", line 1179, in exec_module
  File "<frozen site>", line 722, in <module>
  File "<frozen site>", line 705, in main
  File "<frozen site>", line 624, in venv
OSError: [Errno 11] Resource deadlock avoided
Fatal Python error: init_import_site: Failed to import the site module
Python runtime state: initialized
Traceback (most recent call last):
  File "<frozen importlib._bootstrap>", line 1371, in _find_and_load
  File "<frozen importlib._bootstrap>", line 1342, in _find_and_load_unlocked
  File "<frozen importlib._bootstrap>", line 938, in _load_unlocked
  File "<frozen importlib._bootstrap>", line 1179, in exec_module
  File "<frozen site>", line 722, in <module>
  File "<frozen site>", line 705, in main
  File "<frozen site>", line 624, in venv
OSError: [Errno 11] Resource deadlock avoided
Fatal Python error: init_import_site: Failed to import the site module
Python runtime state: initialized
Traceback (most recent call last):
  File "<frozen importlib._bootstrap>", line 1371, in _find_and_load
  File "<frozen importlib._bootstrap>", line 1342, in _find_and_load_unlocked
  File "<frozen importlib._bootstrap>", line 938, in _load_unlocked
  File "<frozen importlib._bootstrap>", line 1179, in exec_module
  File "<frozen site>", line 722, in <module>
  File "<frozen site>", line 705, in main
  File "<frozen site>", line 624, in venv
OSError: [Errno 11] Resource deadlock avoided
Fatal Python error: init_import_site: Failed to import the site module
Python runtime state: initialized
Traceback (most recent call last):
  File "<frozen importlib._bootstrap>", line 1371, in _find_and_load
  File "<frozen importlib._bootstrap>", line 1342, in _find_and_load_unlocked
  File "<frozen importlib._bootstrap>", line 938, in _load_unlocked
  File "<frozen importlib._bootstrap>", line 1179, in exec_module
  File "<frozen site>", line 722, in <module>
  File "<frozen site>", line 705, in main
  File "<frozen site>", line 624, in venv
OSError: [Errno 11] Resource deadlock avoided
Fatal Python error: init_import_site: Failed to import the site module
Python runtime state: initialized
Traceback (most recent call last):
  File "<frozen importlib._bootstrap>", line 1371, in _find_and_load
  File "<frozen importlib._bootstrap>", line 1342, in _find_and_load_unlocked
  File "<frozen importlib._bootstrap>", line 938, in _load_unlocked
  File "<frozen importlib._bootstrap>", line 1179, in exec_module
  File "<frozen site>", line 722, in <module>
  File "<frozen site>", line 705, in main
  File "<frozen site>", line 624, in venv
OSError: [Errno 11] Resource deadlock avoided
Fatal Python error: init_import_site: Failed to import the site module
Python runtime state: initialized
Traceback (most recent call last):
  File "<frozen importlib._bootstrap>", line 1371, in _find_and_load
  File "<frozen importlib._bootstrap>", line 1342, in _find_and_load_unlocked
  File "<frozen importlib._bootstrap>", line 938, in _load_unlocked
  File "<frozen importlib._bootstrap>", line 1179, in exec_module
  File "<frozen site>", line 722, in <module>
  File "<frozen site>", line 705, in main
  File "<frozen site>", line 624, in venv
OSError: [Errno 11] Resource deadlock avoided
Fatal Python error: init_import_site: Failed to import the site module
Python runtime state: initialized
Traceback (most recent call last):
  File "<frozen importlib._bootstrap>", line 1371, in _find_and_load
  File "<frozen importlib._bootstrap>", line 1342, in _find_and_load_unlocked
  File "<frozen importlib._bootstrap>", line 938, in _load_unlocked
  File "<frozen importlib._bootstrap>", line 1179, in exec_module
  File "<frozen site>", line 722, in <module>
  File "<frozen site>", line 705, in main
  File "<frozen site>", line 624, in venv
OSError: [Errno 11] Resource deadlock avoided
Fatal Python error: init_import_site: Failed to import the site module
Python runtime state: initialized
Traceback (most recent call last):
  File "<frozen importlib._bootstrap>", line 1371, in _find_and_load
  File "<frozen importlib._bootstrap>", line 1342, in _find_and_load_unlocked
  File "<frozen importlib._bootstrap>", line 938, in _load_unlocked
  File "<frozen importlib._bootstrap>", line 1179, in exec_module
  File "<frozen site>", line 722, in <module>
  File "<frozen site>", line 705, in main
  File "<frozen site>", line 624, in venv
OSError: [Errno 11] Resource deadlock avoided
Fatal Python error: init_import_site: Failed to import the site module
Python runtime state: initialized
Traceback (most recent call last):
  File "<frozen importlib._bootstrap>", line 1371, in _find_and_load
  File "<frozen importlib._bootstrap>", line 1342, in _find_and_load_unlocked
  File "<frozen importlib._bootstrap>", line 938, in _load_unlocked
  File "<frozen importlib._bootstrap>", line 1179, in exec_module
  File "<frozen site>", line 722, in <module>
  File "<frozen site>", line 705, in main
  File "<frozen site>", line 624, in venv
OSError: [Errno 11] Resource deadlock avoided
Fatal Python error: init_import_site: Failed to import the site module
Python runtime state: initialized
Traceback (most recent call last):
  File "<frozen importlib._bootstrap>", line 1371, in _find_and_load
  File "<frozen importlib._bootstrap>", line 1342, in _find_and_load_unlocked
  File "<frozen importlib._bootstrap>", line 938, in _load_unlocked
  File "<frozen importlib._bootstrap>", line 1179, in exec_module
  File "<frozen site>", line 722, in <module>
  File "<frozen site>", line 705, in main
  File "<frozen site>", line 624, in venv
OSError: [Errno 11] Resource deadlock avoided
Fatal Python error: init_import_site: Failed to import the site module
Python runtime state: initialized
Traceback (most recent call last):
  File "<frozen importlib._bootstrap>", line 1371, in _find_and_load
  File "<frozen importlib._bootstrap>", line 1342, in _find_and_load_unlocked
  File "<frozen importlib._bootstrap>", line 938, in _load_unlocked
  File "<frozen importlib._bootstrap>", line 1179, in exec_module
  File "<frozen site>", line 722, in <module>
  File "<frozen site>", line 705, in main
  File "<frozen site>", line 624, in venv
OSError: [Errno 11] Resource deadlock avoided
Fatal Python error: init_import_site: Failed to import the site module
Python runtime state: initialized
Traceback (most recent call last):
  File "<frozen importlib._bootstrap>", line 1371, in _find_and_load
  File "<frozen importlib._bootstrap>", line 1342, in _find_and_load_unlocked
  File "<frozen importlib._bootstrap>", line 938, in _load_unlocked
  File "<frozen importlib._bootstrap>", line 1179, in exec_module
  File "<frozen site>", line 722, in <module>
  File "<frozen site>", line 705, in main
  File "<frozen site>", line 624, in venv
OSError: [Errno 11] Resource deadlock avoided
Fatal Python error: init_import_site: Failed to import the site module
Python runtime state: initialized
Traceback (most recent call last):
  File "<frozen importlib._bootstrap>", line 1371, in _find_and_load
  File "<frozen importlib._bootstrap>", line 1342, in _find_and_load_unlocked
  File "<frozen importlib._bootstrap>", line 938, in _load_unlocked
  File "<frozen importlib._bootstrap>", line 1179, in exec_module
  File "<frozen site>", line 722, in <module>
  File "<frozen site>", line 705, in main
  File "<frozen site>", line 624, in venv
OSError: [Errno 11] Resource deadlock avoided
Fatal Python error: init_import_site: Failed to import the site module
Python runtime state: initialized
Traceback (most recent call last):
  File "<frozen importlib._bootstrap>", line 1371, in _find_and_load
  File "<frozen importlib._bootstrap>", line 1342, in _find_and_load_unlocked
  File "<frozen importlib._bootstrap>", line 938, in _load_unlocked
  File "<frozen importlib._bootstrap>", line 1179, in exec_module
  File "<frozen site>", line 722, in <module>
  File "<frozen site>", line 705, in main
  File "<frozen site>", line 624, in venv
OSError: [Errno 11] Resource deadlock avoided
Fatal Python error: init_import_site: Failed to import the site module
Python runtime state: initialized
Traceback (most recent call last):
  File "<frozen importlib._bootstrap>", line 1371, in _find_and_load
  File "<frozen importlib._bootstrap>", line 1342, in _find_and_load_unlocked
  File "<frozen importlib._bootstrap>", line 938, in _load_unlocked
  File "<frozen importlib._bootstrap>", line 1179, in exec_module
  File "<frozen site>", line 722, in <module>
  File "<frozen site>", line 705, in main
  File "<frozen site>", line 624, in venv
OSError: [Errno 11] Resource deadlock avoided
Fatal Python error: init_import_site: Failed to import the site module
Python runtime state: initialized
Traceback (most recent call last):
  File "<frozen importlib._bootstrap>", line 1371, in _find_and_load
  File "<frozen importlib._bootstrap>", line 1342, in _find_and_load_unlocked
  File "<frozen importlib._bootstrap>", line 938, in _load_unlocked
  File "<frozen importlib._bootstrap>", line 1179, in exec_module
  File "<frozen site>", line 722, in <module>
  File "<frozen site>", line 705, in main
  File "<frozen site>", line 624, in venv
OSError: [Errno 11] Resource deadlock avoided
Fatal Python error: init_import_site: Failed to import the site module
Python runtime state: initialized
Traceback (most recent call last):
  File "<frozen importlib._bootstrap>", line 1371, in _find_and_load
  File "<frozen importlib._bootstrap>", line 1342, in _find_and_load_unlocked
  File "<frozen importlib._bootstrap>", line 938, in _load_unlocked
  File "<frozen importlib._bootstrap>", line 1179, in exec_module
  File "<frozen site>", line 722, in <module>
  File "<frozen site>", line 705, in main
  File "<frozen site>", line 624, in venv
OSError: [Errno 11] Resource deadlock avoided
Fatal Python error: init_import_site: Failed to import the site module
Python runtime state: initialized
Traceback (most recent call last):
  File "<frozen importlib._bootstrap>", line 1371, in _find_and_load
  File "<frozen importlib._bootstrap>", line 1342, in _find_and_load_unlocked
  File "<frozen importlib._bootstrap>", line 938, in _load_unlocked
  File "<frozen importlib._bootstrap>", line 1179, in exec_module
  File "<frozen site>", line 722, in <module>
  File "<frozen site>", line 705, in main
  File "<frozen site>", line 624, in venv
OSError: [Errno 11] Resource deadlock avoided
Fatal Python error: init_import_site: Failed to import the site module
Python runtime state: initialized
Traceback (most recent call last):
  File "<frozen importlib._bootstrap>", line 1371, in _find_and_load
  File "<frozen importlib._bootstrap>", line 1342, in _find_and_load_unlocked
  File "<frozen importlib._bootstrap>", line 938, in _load_unlocked
  File "<frozen importlib._bootstrap>", line 1179, in exec_module
  File "<frozen site>", line 722, in <module>
  File "<frozen site>", line 705, in main
  File "<frozen site>", line 624, in venv
OSError: [Errno 11] Resource deadlock avoided
Fatal Python error: init_import_site: Failed to import the site module
Python runtime state: initialized
Traceback (most recent call last):
  File "<frozen importlib._bootstrap>", line 1371, in _find_and_load
  File "<frozen importlib._bootstrap>", line 1342, in _find_and_load_unlocked
  File "<frozen importlib._bootstrap>", line 938, in _load_unlocked
  File "<frozen importlib._bootstrap>", line 1179, in exec_module
  File "<frozen site>", line 722, in <module>
  File "<frozen site>", line 705, in main
  File "<frozen site>", line 624, in venv
OSError: [Errno 11] Resource deadlock avoided
Fatal Python error: init_import_site: Failed to import the site module
Python runtime state: initialized
Traceback (most recent call last):
  File "<frozen importlib._bootstrap>", line 1371, in _find_and_load
  File "<frozen importlib._bootstrap>", line 1342, in _find_and_load_unlocked
  File "<frozen importlib._bootstrap>", line 938, in _load_unlocked
  File "<frozen importlib._bootstrap>", line 1179, in exec_module
  File "<frozen site>", line 722, in <module>
  File "<frozen site>", line 705, in main
  File "<frozen site>", line 624, in venv
OSError: [Errno 11] Resource deadlock avoided
Fatal Python error: init_import_site: Failed to import the site module
Python runtime state: initialized
Traceback (most recent call last):
  File "<frozen importlib._bootstrap>", line 1371, in _find_and_load
  File "<frozen importlib._bootstrap>", line 1342, in _find_and_load_unlocked
  File "<frozen importlib._bootstrap>", line 938, in _load_unlocked
  File "<frozen importlib._bootstrap>", line 1179, in exec_module
  File "<frozen site>", line 722, in <module>
  File "<frozen site>", line 705, in main
  File "<frozen site>", line 624, in venv
OSError: [Errno 11] Resource deadlock avoided
Fatal Python error: init_import_site: Failed to import the site module
Python runtime state: initialized
Traceback (most recent call last):
  File "<frozen importlib._bootstrap>", line 1371, in _find_and_load
  File "<frozen importlib._bootstrap>", line 1342, in _find_and_load_unlocked
  File "<frozen importlib._bootstrap>", line 938, in _load_unlocked
  File "<frozen importlib._bootstrap>", line 1179, in exec_module
  File "<frozen site>", line 722, in <module>
  File "<frozen site>", line 705, in main
  File "<frozen site>", line 624, in venv
OSError: [Errno 11] Resource deadlock avoided
Fatal Python error: init_import_site: Failed to import the site module
Python runtime state: initialized
Traceback (most recent call last):
  File "<frozen importlib._bootstrap>", line 1371, in _find_and_load
  File "<frozen importlib._bootstrap>", line 1342, in _find_and_load_unlocked
  File "<frozen importlib._bootstrap>", line 938, in _load_unlocked
  File "<frozen importlib._bootstrap>", line 1179, in exec_module
  File "<frozen site>", line 722, in <module>
  File "<frozen site>", line 705, in main
  File "<frozen site>", line 624, in venv
OSError: [Errno 11] Resource deadlock avoided
Fatal Python error: init_import_site: Failed to import the site module
Python runtime state: initialized
Traceback (most recent call last):
  File "<frozen importlib._bootstrap>", line 1371, in _find_and_load
  File "<frozen importlib._bootstrap>", line 1342, in _find_and_load_unlocked
  File "<frozen importlib._bootstrap>", line 938, in _load_unlocked
  File "<frozen importlib._bootstrap>", line 1179, in exec_module
  File "<frozen site>", line 722, in <module>
  File "<frozen site>", line 705, in main
  File "<frozen site>", line 624, in venv
OSError: [Errno 11] Resource deadlock avoided
Fatal Python error: init_import_site: Failed to import the site module
Python runtime state: initialized
Traceback (most recent call last):
  File "<frozen importlib._bootstrap>", line 1371, in _find_and_load
  File "<frozen importlib._bootstrap>", line 1342, in _find_and_load_unlocked
  File "<frozen importlib._bootstrap>", line 938, in _load_unlocked
  File "<frozen importlib._bootstrap>", line 1179, in exec_module
  File "<frozen site>", line 722, in <module>
  File "<frozen site>", line 705, in main
  File "<frozen site>", line 624, in venv
OSError: [Errno 11] Resource deadlock avoided
Fatal Python error: init_import_site: Failed to import the site module
Python runtime state: initialized
Traceback (most recent call last):
  File "<frozen importlib._bootstrap>", line 1371, in _find_and_load
  File "<frozen importlib._bootstrap>", line 1342, in _find_and_load_unlocked
  File "<frozen importlib._bootstrap>", line 938, in _load_unlocked
  File "<frozen importlib._bootstrap>", line 1179, in exec_module
  File "<frozen site>", line 722, in <module>
  File "<frozen site>", line 705, in main
  File "<frozen site>", line 624, in venv
OSError: [Errno 11] Resource deadlock avoided
Fatal Python error: init_import_site: Failed to import the site module
Python runtime state: initialized
Traceback (most recent call last):
  File "<frozen importlib._bootstrap>", line 1371, in _find_and_load
  File "<frozen importlib._bootstrap>", line 1342, in _find_and_load_unlocked
  File "<frozen importlib._bootstrap>", line 938, in _load_unlocked
  File "<frozen importlib._bootstrap>", line 1179, in exec_module
  File "<frozen site>", line 722, in <module>
  File "<frozen site>", line 705, in main
  File "<frozen site>", line 624, in venv
OSError: [Errno 11] Resource deadlock avoided
Fatal Python error: init_import_site: Failed to import the site module
Python runtime state: initialized
Traceback (most recent call last):
  File "<frozen importlib._bootstrap>", line 1371, in _find_and_load
  File "<frozen importlib._bootstrap>", line 1342, in _find_and_load_unlocked
  File "<frozen importlib._bootstrap>", line 938, in _load_unlocked
  File "<frozen importlib._bootstrap>", line 1179, in exec_module
  File "<frozen site>", line 722, in <module>
  File "<frozen site>", line 705, in main
  File "<frozen site>", line 624, in venv
OSError: [Errno 11] Resource deadlock avoided
Fatal Python error: init_import_site: Failed to import the site module
Python runtime state: initialized
Traceback (most recent call last):
  File "<frozen importlib._bootstrap>", line 1371, in _find_and_load
  File "<frozen importlib._bootstrap>", line 1342, in _find_and_load_unlocked
  File "<frozen importlib._bootstrap>", line 938, in _load_unlocked
  File "<frozen importlib._bootstrap>", line 1179, in exec_module
  File "<frozen site>", line 722, in <module>
  File "<frozen site>", line 705, in main
  File "<frozen site>", line 624, in venv
OSError: [Errno 11] Resource deadlock avoided
Fatal Python error: init_import_site: Failed to import the site module
Python runtime state: initialized
Traceback (most recent call last):
  File "<frozen importlib._bootstrap>", line 1371, in _find_and_load
  File "<frozen importlib._bootstrap>", line 1342, in _find_and_load_unlocked
  File "<frozen importlib._bootstrap>", line 938, in _load_unlocked
  File "<frozen importlib._bootstrap>", line 1179, in exec_module
  File "<frozen site>", line 722, in <module>
  File "<frozen site>", line 705, in main
  File "<frozen site>", line 624, in venv
OSError: [Errno 11] Resource deadlock avoided
Fatal Python error: init_import_site: Failed to import the site module
Python runtime state: initialized
Traceback (most recent call last):
  File "<frozen importlib._bootstrap>", line 1371, in _find_and_load
  File "<frozen importlib._bootstrap>", line 1342, in _find_and_load_unlocked
  File "<frozen importlib._bootstrap>", line 938, in _load_unlocked
  File "<frozen importlib._bootstrap>", line 1179, in exec_module
  File "<frozen site>", line 722, in <module>
  File "<frozen site>", line 705, in main
  File "<frozen site>", line 624, in venv
OSError: [Errno 11] Resource deadlock avoided
Fatal Python error: init_import_site: Failed to import the site module
Python runtime state: initialized
Traceback (most recent call last):
  File "<frozen importlib._bootstrap>", line 1371, in _find_and_load
  File "<frozen importlib._bootstrap>", line 1342, in _find_and_load_unlocked
  File "<frozen importlib._bootstrap>", line 938, in _load_unlocked
  File "<frozen importlib._bootstrap>", line 1179, in exec_module
  File "<frozen site>", line 722, in <module>
  File "<frozen site>", line 705, in main
  File "<frozen site>", line 624, in venv
OSError: [Errno 11] Resource deadlock avoided
Fatal Python error: init_import_site: Failed to import the site module
Python runtime state: initialized
Traceback (most recent call last):
  File "<frozen importlib._bootstrap>", line 1371, in _find_and_load
  File "<frozen importlib._bootstrap>", line 1342, in _find_and_load_unlocked
  File "<frozen importlib._bootstrap>", line 938, in _load_unlocked
  File "<frozen importlib._bootstrap>", line 1179, in exec_module
  File "<frozen site>", line 722, in <module>
  File "<frozen site>", line 705, in main
  File "<frozen site>", line 624, in venv
OSError: [Errno 11] Resource deadlock avoided
Fatal Python error: init_import_site: Failed to import the site module
Python runtime state: initialized
Traceback (most recent call last):
  File "<frozen importlib._bootstrap>", line 1371, in _find_and_load
  File "<frozen importlib._bootstrap>", line 1342, in _find_and_load_unlocked
  File "<frozen importlib._bootstrap>", line 938, in _load_unlocked
  File "<frozen importlib._bootstrap>", line 1179, in exec_module
  File "<frozen site>", line 722, in <module>
  File "<frozen site>", line 705, in main
  File "<frozen site>", line 624, in venv
OSError: [Errno 11] Resource deadlock avoided
Fatal Python error: init_import_site: Failed to import the site module
Python runtime state: initialized
Traceback (most recent call last):
  File "<frozen importlib._bootstrap>", line 1371, in _find_and_load
  File "<frozen importlib._bootstrap>", line 1342, in _find_and_load_unlocked
  File "<frozen importlib._bootstrap>", line 938, in _load_unlocked
  File "<frozen importlib._bootstrap>", line 1179, in exec_module
  File "<frozen site>", line 722, in <module>
  File "<frozen site>", line 705, in main
  File "<frozen site>", line 624, in venv
OSError: [Errno 11] Resource deadlock avoided
Fatal Python error: init_import_site: Failed to import the site module
Python runtime state: initialized
Traceback (most recent call last):
  File "<frozen importlib._bootstrap>", line 1371, in _find_and_load
  File "<frozen importlib._bootstrap>", line 1342, in _find_and_load_unlocked
  File "<frozen importlib._bootstrap>", line 938, in _load_unlocked
  File "<frozen importlib._bootstrap>", line 1179, in exec_module
  File "<frozen site>", line 722, in <module>
  File "<frozen site>", line 705, in main
  File "<frozen site>", line 624, in venv
OSError: [Errno 11] Resource deadlock avoided
Fatal Python error: init_import_site: Failed to import the site module
Python runtime state: initialized
Traceback (most recent call last):
  File "<frozen importlib._bootstrap>", line 1371, in _find_and_load
  File "<frozen importlib._bootstrap>", line 1342, in _find_and_load_unlocked
  File "<frozen importlib._bootstrap>", line 938, in _load_unlocked
  File "<frozen importlib._bootstrap>", line 1179, in exec_module
  File "<frozen site>", line 722, in <module>
  File "<frozen site>", line 705, in main
  File "<frozen site>", line 624, in venv
OSError: [Errno 11] Resource deadlock avoided
Fatal Python error: init_import_site: Failed to import the site module
Python runtime state: initialized
Traceback (most recent call last):
  File "<frozen importlib._bootstrap>", line 1371, in _find_and_load
  File "<frozen importlib._bootstrap>", line 1342, in _find_and_load_unlocked
  File "<frozen importlib._bootstrap>", line 938, in _load_unlocked
  File "<frozen importlib._bootstrap>", line 1179, in exec_module
  File "<frozen site>", line 722, in <module>
  File "<frozen site>", line 705, in main
  File "<frozen site>", line 624, in venv
OSError: [Errno 11] Resource deadlock avoided
Fatal Python error: init_import_site: Failed to import the site module
Python runtime state: initialized
Traceback (most recent call last):
  File "<frozen importlib._bootstrap>", line 1371, in _find_and_load
  File "<frozen importlib._bootstrap>", line 1342, in _find_and_load_unlocked
  File "<frozen importlib._bootstrap>", line 938, in _load_unlocked
  File "<frozen importlib._bootstrap>", line 1179, in exec_module
  File "<frozen site>", line 722, in <module>
  File "<frozen site>", line 705, in main
  File "<frozen site>", line 624, in venv
OSError: [Errno 11] Resource deadlock avoided
Fatal Python error: init_import_site: Failed to import the site module
Python runtime state: initialized
Traceback (most recent call last):
  File "<frozen importlib._bootstrap>", line 1371, in _find_and_load
  File "<frozen importlib._bootstrap>", line 1342, in _find_and_load_unlocked
  File "<frozen importlib._bootstrap>", line 938, in _load_unlocked
  File "<frozen importlib._bootstrap>", line 1179, in exec_module
  File "<frozen site>", line 722, in <module>
  File "<frozen site>", line 705, in main
  File "<frozen site>", line 624, in venv
OSError: [Errno 11] Resource deadlock avoided
Fatal Python error: init_import_site: Failed to import the site module
Python runtime state: initialized
Traceback (most recent call last):
  File "<frozen importlib._bootstrap>", line 1371, in _find_and_load
  File "<frozen importlib._bootstrap>", line 1342, in _find_and_load_unlocked
  File "<frozen importlib._bootstrap>", line 938, in _load_unlocked
  File "<frozen importlib._bootstrap>", line 1179, in exec_module
  File "<frozen site>", line 722, in <module>
  File "<frozen site>", line 705, in main
  File "<frozen site>", line 624, in venv
OSError: [Errno 11] Resource deadlock avoided
Fatal Python error: init_import_site: Failed to import the site module
Python runtime state: initialized
Traceback (most recent call last):
  File "<frozen importlib._bootstrap>", line 1371, in _find_and_load
  File "<frozen importlib._bootstrap>", line 1342, in _find_and_load_unlocked
  File "<frozen importlib._bootstrap>", line 938, in _load_unlocked
  File "<frozen importlib._bootstrap>", line 1179, in exec_module
  File "<frozen site>", line 722, in <module>
  File "<frozen site>", line 705, in main
  File "<frozen site>", line 624, in venv
OSError: [Errno 11] Resource deadlock avoided
Fatal Python error: init_import_site: Failed to import the site module
Python runtime state: initialized
Traceback (most recent call last):
  File "<frozen importlib._bootstrap>", line 1371, in _find_and_load
  File "<frozen importlib._bootstrap>", line 1342, in _find_and_load_unlocked
  File "<frozen importlib._bootstrap>", line 938, in _load_unlocked
  File "<frozen importlib._bootstrap>", line 1179, in exec_module
  File "<frozen site>", line 722, in <module>
  File "<frozen site>", line 705, in main
  File "<frozen site>", line 624, in venv
OSError: [Errno 11] Resource deadlock avoided
Fatal Python error: init_import_site: Failed to import the site module
Python runtime state: initialized
Traceback (most recent call last):
  File "<frozen importlib._bootstrap>", line 1371, in _find_and_load
  File "<frozen importlib._bootstrap>", line 1342, in _find_and_load_unlocked
  File "<frozen importlib._bootstrap>", line 938, in _load_unlocked
  File "<frozen importlib._bootstrap>", line 1179, in exec_module
  File "<frozen site>", line 722, in <module>
  File "<frozen site>", line 705, in main
  File "<frozen site>", line 624, in venv
OSError: [Errno 11] Resource deadlock avoided
Fatal Python error: init_import_site: Failed to import the site module
Python runtime state: initialized
Traceback (most recent call last):
  File "<frozen importlib._bootstrap>", line 1371, in _find_and_load
  File "<frozen importlib._bootstrap>", line 1342, in _find_and_load_unlocked
  File "<frozen importlib._bootstrap>", line 938, in _load_unlocked
  File "<frozen importlib._bootstrap>", line 1179, in exec_module
  File "<frozen site>", line 722, in <module>
  File "<frozen site>", line 705, in main
  File "<frozen site>", line 624, in venv
OSError: [Errno 11] Resource deadlock avoided
Fatal Python error: init_import_site: Failed to import the site module
Python runtime state: initialized
Traceback (most recent call last):
  File "<frozen importlib._bootstrap>", line 1371, in _find_and_load
  File "<frozen importlib._bootstrap>", line 1342, in _find_and_load_unlocked
  File "<frozen importlib._bootstrap>", line 938, in _load_unlocked
  File "<frozen importlib._bootstrap>", line 1179, in exec_module
  File "<frozen site>", line 722, in <module>
  File "<frozen site>", line 705, in main
  File "<frozen site>", line 624, in venv
OSError: [Errno 11] Resource deadlock avoided
Fatal Python error: init_import_site: Failed to import the site module
Python runtime state: initialized
Traceback (most recent call last):
  File "<frozen importlib._bootstrap>", line 1371, in _find_and_load
  File "<frozen importlib._bootstrap>", line 1342, in _find_and_load_unlocked
  File "<frozen importlib._bootstrap>", line 938, in _load_unlocked
  File "<frozen importlib._bootstrap>", line 1179, in exec_module
  File "<frozen site>", line 722, in <module>
  File "<frozen site>", line 705, in main
  File "<frozen site>", line 624, in venv
OSError: [Errno 11] Resource deadlock avoided
Fatal Python error: init_import_site: Failed to import the site module
Python runtime state: initialized
Traceback (most recent call last):
  File "<frozen importlib._bootstrap>", line 1371, in _find_and_load
  File "<frozen importlib._bootstrap>", line 1342, in _find_and_load_unlocked
  File "<frozen importlib._bootstrap>", line 938, in _load_unlocked
  File "<frozen importlib._bootstrap>", line 1179, in exec_module
  File "<frozen site>", line 722, in <module>
  File "<frozen site>", line 705, in main
  File "<frozen site>", line 624, in venv
OSError: [Errno 11] Resource deadlock avoided
Fatal Python error: init_import_site: Failed to import the site module
Python runtime state: initialized
Traceback (most recent call last):
  File "<frozen importlib._bootstrap>", line 1371, in _find_and_load
  File "<frozen importlib._bootstrap>", line 1342, in _find_and_load_unlocked
  File "<frozen importlib._bootstrap>", line 938, in _load_unlocked
  File "<frozen importlib._bootstrap>", line 1179, in exec_module
  File "<frozen site>", line 722, in <module>
  File "<frozen site>", line 705, in main
  File "<frozen site>", line 624, in venv
OSError: [Errno 11] Resource deadlock avoided
Fatal Python error: init_import_site: Failed to import the site module
Python runtime state: initialized
Traceback (most recent call last):
  File "<frozen importlib._bootstrap>", line 1371, in _find_and_load
  File "<frozen importlib._bootstrap>", line 1342, in _find_and_load_unlocked
  File "<frozen importlib._bootstrap>", line 938, in _load_unlocked
  File "<frozen importlib._bootstrap>", line 1179, in exec_module
  File "<frozen site>", line 722, in <module>
  File "<frozen site>", line 705, in main
  File "<frozen site>", line 624, in venv
OSError: [Errno 11] Resource deadlock avoided
Fatal Python error: init_import_site: Failed to import the site module
Python runtime state: initialized
Traceback (most recent call last):
  File "<frozen importlib._bootstrap>", line 1371, in _find_and_load
  File "<frozen importlib._bootstrap>", line 1342, in _find_and_load_unlocked
  File "<frozen importlib._bootstrap>", line 938, in _load_unlocked
  File "<frozen importlib._bootstrap>", line 1179, in exec_module
  File "<frozen site>", line 722, in <module>
  File "<frozen site>", line 705, in main
  File "<frozen site>", line 624, in venv
OSError: [Errno 11] Resource deadlock avoided
Fatal Python error: init_import_site: Failed to import the site module
Python runtime state: initialized
Traceback (most recent call last):
  File "<frozen importlib._bootstrap>", line 1371, in _find_and_load
  File "<frozen importlib._bootstrap>", line 1342, in _find_and_load_unlocked
  File "<frozen importlib._bootstrap>", line 938, in _load_unlocked
  File "<frozen importlib._bootstrap>", line 1179, in exec_module
  File "<frozen site>", line 722, in <module>
  File "<frozen site>", line 705, in main
  File "<frozen site>", line 624, in venv
OSError: [Errno 11] Resource deadlock avoided
Fatal Python error: init_import_site: Failed to import the site module
Python runtime state: initialized
Traceback (most recent call last):
  File "<frozen importlib._bootstrap>", line 1371, in _find_and_load
  File "<frozen importlib._bootstrap>", line 1342, in _find_and_load_unlocked
  File "<frozen importlib._bootstrap>", line 938, in _load_unlocked
  File "<frozen importlib._bootstrap>", line 1179, in exec_module
  File "<frozen site>", line 722, in <module>
  File "<frozen site>", line 705, in main
  File "<frozen site>", line 624, in venv
OSError: [Errno 11] Resource deadlock avoided
Fatal Python error: init_import_site: Failed to import the site module
Python runtime state: initialized
Traceback (most recent call last):
  File "<frozen importlib._bootstrap>", line 1371, in _find_and_load
  File "<frozen importlib._bootstrap>", line 1342, in _find_and_load_unlocked
  File "<frozen importlib._bootstrap>", line 938, in _load_unlocked
  File "<frozen importlib._bootstrap>", line 1179, in exec_module
  File "<frozen site>", line 722, in <module>
  File "<frozen site>", line 705, in main
  File "<frozen site>", line 624, in venv
OSError: [Errno 11] Resource deadlock avoided
Fatal Python error: init_import_site: Failed to import the site module
Python runtime state: initialized
Traceback (most recent call last):
  File "<frozen importlib._bootstrap>", line 1371, in _find_and_load
  File "<frozen importlib._bootstrap>", line 1342, in _find_and_load_unlocked
  File "<frozen importlib._bootstrap>", line 938, in _load_unlocked
  File "<frozen importlib._bootstrap>", line 1179, in exec_module
  File "<frozen site>", line 722, in <module>
  File "<frozen site>", line 705, in main
  File "<frozen site>", line 624, in venv
OSError: [Errno 11] Resource deadlock avoided
Fatal Python error: init_import_site: Failed to import the site module
Python runtime state: initialized
Traceback (most recent call last):
  File "<frozen importlib._bootstrap>", line 1371, in _find_and_load
  File "<frozen importlib._bootstrap>", line 1342, in _find_and_load_unlocked
  File "<frozen importlib._bootstrap>", line 938, in _load_unlocked
  File "<frozen importlib._bootstrap>", line 1179, in exec_module
  File "<frozen site>", line 722, in <module>
  File "<frozen site>", line 705, in main
  File "<frozen site>", line 624, in venv
OSError: [Errno 11] Resource deadlock avoided
Fatal Python error: init_import_site: Failed to import the site module
Python runtime state: initialized
Traceback (most recent call last):
  File "<frozen importlib._bootstrap>", line 1371, in _find_and_load
  File "<frozen importlib._bootstrap>", line 1342, in _find_and_load_unlocked
  File "<frozen importlib._bootstrap>", line 938, in _load_unlocked
  File "<frozen importlib._bootstrap>", line 1179, in exec_module
  File "<frozen site>", line 722, in <module>
  File "<frozen site>", line 705, in main
  File "<frozen site>", line 624, in venv
OSError: [Errno 11] Resource deadlock avoided
Fatal Python error: init_import_site: Failed to import the site module
Python runtime state: initialized
Traceback (most recent call last):
  File "<frozen importlib._bootstrap>", line 1371, in _find_and_load
  File "<frozen importlib._bootstrap>", line 1342, in _find_and_load_unlocked
  File "<frozen importlib._bootstrap>", line 938, in _load_unlocked
  File "<frozen importlib._bootstrap>", line 1179, in exec_module
  File "<frozen site>", line 722, in <module>
  File "<frozen site>", line 705, in main
  File "<frozen site>", line 624, in venv
OSError: [Errno 11] Resource deadlock avoided
Fatal Python error: init_import_site: Failed to import the site module
Python runtime state: initialized
Traceback (most recent call last):
  File "<frozen importlib._bootstrap>", line 1371, in _find_and_load
  File "<frozen importlib._bootstrap>", line 1342, in _find_and_load_unlocked
  File "<frozen importlib._bootstrap>", line 938, in _load_unlocked
  File "<frozen importlib._bootstrap>", line 1179, in exec_module
  File "<frozen site>", line 722, in <module>
  File "<frozen site>", line 705, in main
  File "<frozen site>", line 624, in venv
OSError: [Errno 11] Resource deadlock avoided
Fatal Python error: init_import_site: Failed to import the site module
Python runtime state: initialized
Traceback (most recent call last):
  File "<frozen importlib._bootstrap>", line 1371, in _find_and_load
  File "<frozen importlib._bootstrap>", line 1342, in _find_and_load_unlocked
  File "<frozen importlib._bootstrap>", line 938, in _load_unlocked
  File "<frozen importlib._bootstrap>", line 1179, in exec_module
  File "<frozen site>", line 722, in <module>
  File "<frozen site>", line 705, in main
  File "<frozen site>", line 624, in venv
OSError: [Errno 11] Resource deadlock avoided
Fatal Python error: init_import_site: Failed to import the site module
Python runtime state: initialized
Traceback (most recent call last):
  File "<frozen importlib._bootstrap>", line 1371, in _find_and_load
  File "<frozen importlib._bootstrap>", line 1342, in _find_and_load_unlocked
  File "<frozen importlib._bootstrap>", line 938, in _load_unlocked
  File "<frozen importlib._bootstrap>", line 1179, in exec_module
  File "<frozen site>", line 722, in <module>
  File "<frozen site>", line 705, in main
  File "<frozen site>", line 624, in venv
OSError: [Errno 11] Resource deadlock avoided
Fatal Python error: init_import_site: Failed to import the site module
Python runtime state: initialized
Traceback (most recent call last):
  File "<frozen importlib._bootstrap>", line 1371, in _find_and_load
  File "<frozen importlib._bootstrap>", line 1342, in _find_and_load_unlocked
  File "<frozen importlib._bootstrap>", line 938, in _load_unlocked
  File "<frozen importlib._bootstrap>", line 1179, in exec_module
  File "<frozen site>", line 722, in <module>
  File "<frozen site>", line 705, in main
  File "<frozen site>", line 624, in venv
OSError: [Errno 11] Resource deadlock avoided
Fatal Python error: init_import_site: Failed to import the site module
Python runtime state: initialized
Traceback (most recent call last):
  File "<frozen importlib._bootstrap>", line 1371, in _find_and_load
  File "<frozen importlib._bootstrap>", line 1342, in _find_and_load_unlocked
  File "<frozen importlib._bootstrap>", line 938, in _load_unlocked
  File "<frozen importlib._bootstrap>", line 1179, in exec_module
  File "<frozen site>", line 722, in <module>
  File "<frozen site>", line 705, in main
  File "<frozen site>", line 624, in venv
OSError: [Errno 11] Resource deadlock avoided
Fatal Python error: init_import_site: Failed to import the site module
Python runtime state: initialized
Traceback (most recent call last):
  File "<frozen importlib._bootstrap>", line 1371, in _find_and_load
  File "<frozen importlib._bootstrap>", line 1342, in _find_and_load_unlocked
  File "<frozen importlib._bootstrap>", line 938, in _load_unlocked
  File "<frozen importlib._bootstrap>", line 1179, in exec_module
  File "<frozen site>", line 722, in <module>
  File "<frozen site>", line 705, in main
  File "<frozen site>", line 624, in venv
OSError: [Errno 11] Resource deadlock avoided
Fatal Python error: init_import_site: Failed to import the site module
Python runtime state: initialized
Traceback (most recent call last):
  File "<frozen importlib._bootstrap>", line 1371, in _find_and_load
  File "<frozen importlib._bootstrap>", line 1342, in _find_and_load_unlocked
  File "<frozen importlib._bootstrap>", line 938, in _load_unlocked
  File "<frozen importlib._bootstrap>", line 1179, in exec_module
  File "<frozen site>", line 722, in <module>
  File "<frozen site>", line 705, in main
  File "<frozen site>", line 624, in venv
OSError: [Errno 11] Resource deadlock avoided
Fatal Python error: init_import_site: Failed to import the site module
Python runtime state: initialized
Traceback (most recent call last):
  File "<frozen importlib._bootstrap>", line 1371, in _find_and_load
  File "<frozen importlib._bootstrap>", line 1342, in _find_and_load_unlocked
  File "<frozen importlib._bootstrap>", line 938, in _load_unlocked
  File "<frozen importlib._bootstrap>", line 1179, in exec_module
  File "<frozen site>", line 722, in <module>
  File "<frozen site>", line 705, in main
  File "<frozen site>", line 624, in venv
OSError: [Errno 11] Resource deadlock avoided
Fatal Python error: init_import_site: Failed to import the site module
Python runtime state: initialized
Traceback (most recent call last):
  File "<frozen importlib._bootstrap>", line 1371, in _find_and_load
  File "<frozen importlib._bootstrap>", line 1342, in _find_and_load_unlocked
  File "<frozen importlib._bootstrap>", line 938, in _load_unlocked
  File "<frozen importlib._bootstrap>", line 1179, in exec_module
  File "<frozen site>", line 722, in <module>
  File "<frozen site>", line 705, in main
  File "<frozen site>", line 624, in venv
OSError: [Errno 11] Resource deadlock avoided
Fatal Python error: init_import_site: Failed to import the site module
Python runtime state: initialized
Traceback (most recent call last):
  File "<frozen importlib._bootstrap>", line 1371, in _find_and_load
  File "<frozen importlib._bootstrap>", line 1342, in _find_and_load_unlocked
  File "<frozen importlib._bootstrap>", line 938, in _load_unlocked
  File "<frozen importlib._bootstrap>", line 1179, in exec_module
  File "<frozen site>", line 722, in <module>
  File "<frozen site>", line 705, in main
  File "<frozen site>", line 624, in venv
OSError: [Errno 11] Resource deadlock avoided
Fatal Python error: init_import_site: Failed to import the site module
Python runtime state: initialized
Traceback (most recent call last):
  File "<frozen importlib._bootstrap>", line 1371, in _find_and_load
  File "<frozen importlib._bootstrap>", line 1342, in _find_and_load_unlocked
  File "<frozen importlib._bootstrap>", line 938, in _load_unlocked
  File "<frozen importlib._bootstrap>", line 1179, in exec_module
  File "<frozen site>", line 722, in <module>
  File "<frozen site>", line 705, in main
  File "<frozen site>", line 624, in venv
OSError: [Errno 11] Resource deadlock avoided
Fatal Python error: init_import_site: Failed to import the site module
Python runtime state: initialized
Traceback (most recent call last):
  File "<frozen importlib._bootstrap>", line 1371, in _find_and_load
  File "<frozen importlib._bootstrap>", line 1342, in _find_and_load_unlocked
  File "<frozen importlib._bootstrap>", line 938, in _load_unlocked
  File "<frozen importlib._bootstrap>", line 1179, in exec_module
  File "<frozen site>", line 722, in <module>
  File "<frozen site>", line 705, in main
  File "<frozen site>", line 624, in venv
OSError: [Errno 11] Resource deadlock avoided
Fatal Python error: init_import_site: Failed to import the site module
Python runtime state: initialized
Traceback (most recent call last):
  File "<frozen importlib._bootstrap>", line 1371, in _find_and_load
  File "<frozen importlib._bootstrap>", line 1342, in _find_and_load_unlocked
  File "<frozen importlib._bootstrap>", line 938, in _load_unlocked
  File "<frozen importlib._bootstrap>", line 1179, in exec_module
  File "<frozen site>", line 722, in <module>
  File "<frozen site>", line 705, in main
  File "<frozen site>", line 624, in venv
OSError: [Errno 11] Resource deadlock avoided
Fatal Python error: init_import_site: Failed to import the site module
Python runtime state: initialized
Traceback (most recent call last):
  File "<frozen importlib._bootstrap>", line 1371, in _find_and_load
  File "<frozen importlib._bootstrap>", line 1342, in _find_and_load_unlocked
  File "<frozen importlib._bootstrap>", line 938, in _load_unlocked
  File "<frozen importlib._bootstrap>", line 1179, in exec_module
  File "<frozen site>", line 722, in <module>
  File "<frozen site>", line 705, in main
  File "<frozen site>", line 624, in venv
OSError: [Errno 11] Resource deadlock avoided
Fatal Python error: init_import_site: Failed to import the site module
Python runtime state: initialized
Traceback (most recent call last):
  File "<frozen importlib._bootstrap>", line 1371, in _find_and_load
  File "<frozen importlib._bootstrap>", line 1342, in _find_and_load_unlocked
  File "<frozen importlib._bootstrap>", line 938, in _load_unlocked
  File "<frozen importlib._bootstrap>", line 1179, in exec_module
  File "<frozen site>", line 722, in <module>
  File "<frozen site>", line 705, in main
  File "<frozen site>", line 624, in venv
OSError: [Errno 11] Resource deadlock avoided
Fatal Python error: init_import_site: Failed to import the site module
Python runtime state: initialized
Traceback (most recent call last):
  File "<frozen importlib._bootstrap>", line 1371, in _find_and_load
  File "<frozen importlib._bootstrap>", line 1342, in _find_and_load_unlocked
  File "<frozen importlib._bootstrap>", line 938, in _load_unlocked
  File "<frozen importlib._bootstrap>", line 1179, in exec_module
  File "<frozen site>", line 722, in <module>
  File "<frozen site>", line 705, in main
  File "<frozen site>", line 624, in venv
OSError: [Errno 11] Resource deadlock avoided
Fatal Python error: init_import_site: Failed to import the site module
Python runtime state: initialized
Traceback (most recent call last):
  File "<frozen importlib._bootstrap>", line 1371, in _find_and_load
  File "<frozen importlib._bootstrap>", line 1342, in _find_and_load_unlocked
  File "<frozen importlib._bootstrap>", line 938, in _load_unlocked
  File "<frozen importlib._bootstrap>", line 1179, in exec_module
  File "<frozen site>", line 722, in <module>
  File "<frozen site>", line 705, in main
  File "<frozen site>", line 624, in venv
OSError: [Errno 11] Resource deadlock avoided
Fatal Python error: init_import_site: Failed to import the site module
Python runtime state: initialized
Traceback (most recent call last):
  File "<frozen importlib._bootstrap>", line 1371, in _find_and_load
  File "<frozen importlib._bootstrap>", line 1342, in _find_and_load_unlocked
  File "<frozen importlib._bootstrap>", line 938, in _load_unlocked
  File "<frozen importlib._bootstrap>", line 1179, in exec_module
  File "<frozen site>", line 722, in <module>
  File "<frozen site>", line 705, in main
  File "<frozen site>", line 624, in venv
OSError: [Errno 11] Resource deadlock avoided
Fatal Python error: init_import_site: Failed to import the site module
Python runtime state: initialized
Traceback (most recent call last):
  File "<frozen importlib._bootstrap>", line 1371, in _find_and_load
  File "<frozen importlib._bootstrap>", line 1342, in _find_and_load_unlocked
  File "<frozen importlib._bootstrap>", line 938, in _load_unlocked
  File "<frozen importlib._bootstrap>", line 1179, in exec_module
  File "<frozen site>", line 722, in <module>
  File "<frozen site>", line 705, in main
  File "<frozen site>", line 624, in venv
OSError: [Errno 11] Resource deadlock avoided
Fatal Python error: init_import_site: Failed to import the site module
Python runtime state: initialized
Traceback (most recent call last):
  File "<frozen importlib._bootstrap>", line 1371, in _find_and_load
  File "<frozen importlib._bootstrap>", line 1342, in _find_and_load_unlocked
  File "<frozen importlib._bootstrap>", line 938, in _load_unlocked
  File "<frozen importlib._bootstrap>", line 1179, in exec_module
  File "<frozen site>", line 722, in <module>
  File "<frozen site>", line 705, in main
  File "<frozen site>", line 624, in venv
OSError: [Errno 11] Resource deadlock avoided
Fatal Python error: init_import_site: Failed to import the site module
Python runtime state: initialized
Traceback (most recent call last):
  File "<frozen importlib._bootstrap>", line 1371, in _find_and_load
  File "<frozen importlib._bootstrap>", line 1342, in _find_and_load_unlocked
  File "<frozen importlib._bootstrap>", line 938, in _load_unlocked
  File "<frozen importlib._bootstrap>", line 1179, in exec_module
  File "<frozen site>", line 722, in <module>
  File "<frozen site>", line 705, in main
  File "<frozen site>", line 624, in venv
OSError: [Errno 11] Resource deadlock avoided
Fatal Python error: init_import_site: Failed to import the site module
Python runtime state: initialized
Traceback (most recent call last):
  File "<frozen importlib._bootstrap>", line 1371, in _find_and_load
  File "<frozen importlib._bootstrap>", line 1342, in _find_and_load_unlocked
  File "<frozen importlib._bootstrap>", line 938, in _load_unlocked
  File "<frozen importlib._bootstrap>", line 1179, in exec_module
  File "<frozen site>", line 722, in <module>
  File "<frozen site>", line 705, in main
  File "<frozen site>", line 624, in venv
OSError: [Errno 11] Resource deadlock avoided
Fatal Python error: init_import_site: Failed to import the site module
Python runtime state: initialized
Traceback (most recent call last):
  File "<frozen importlib._bootstrap>", line 1371, in _find_and_load
  File "<frozen importlib._bootstrap>", line 1342, in _find_and_load_unlocked
  File "<frozen importlib._bootstrap>", line 938, in _load_unlocked
  File "<frozen importlib._bootstrap>", line 1179, in exec_module
  File "<frozen site>", line 722, in <module>
  File "<frozen site>", line 705, in main
  File "<frozen site>", line 624, in venv
OSError: [Errno 11] Resource deadlock avoided
Fatal Python error: init_import_site: Failed to import the site module
Python runtime state: initialized
Traceback (most recent call last):
  File "<frozen importlib._bootstrap>", line 1371, in _find_and_load
  File "<frozen importlib._bootstrap>", line 1342, in _find_and_load_unlocked
  File "<frozen importlib._bootstrap>", line 938, in _load_unlocked
  File "<frozen importlib._bootstrap>", line 1179, in exec_module
  File "<frozen site>", line 722, in <module>
  File "<frozen site>", line 705, in main
  File "<frozen site>", line 624, in venv
OSError: [Errno 11] Resource deadlock avoided
Fatal Python error: init_import_site: Failed to import the site module
Python runtime state: initialized
Traceback (most recent call last):
  File "<frozen importlib._bootstrap>", line 1371, in _find_and_load
  File "<frozen importlib._bootstrap>", line 1342, in _find_and_load_unlocked
  File "<frozen importlib._bootstrap>", line 938, in _load_unlocked
  File "<frozen importlib._bootstrap>", line 1179, in exec_module
  File "<frozen site>", line 722, in <module>
  File "<frozen site>", line 705, in main
  File "<frozen site>", line 624, in venv
OSError: [Errno 11] Resource deadlock avoided
Fatal Python error: init_import_site: Failed to import the site module
Python runtime state: initialized
Traceback (most recent call last):
  File "<frozen importlib._bootstrap>", line 1371, in _find_and_load
  File "<frozen importlib._bootstrap>", line 1342, in _find_and_load_unlocked
  File "<frozen importlib._bootstrap>", line 938, in _load_unlocked
  File "<frozen importlib._bootstrap>", line 1179, in exec_module
  File "<frozen site>", line 722, in <module>
  File "<frozen site>", line 705, in main
  File "<frozen site>", line 624, in venv
OSError: [Errno 11] Resource deadlock avoided
Fatal Python error: init_import_site: Failed to import the site module
Python runtime state: initialized
Traceback (most recent call last):
  File "<frozen importlib._bootstrap>", line 1371, in _find_and_load
  File "<frozen importlib._bootstrap>", line 1342, in _find_and_load_unlocked
  File "<frozen importlib._bootstrap>", line 938, in _load_unlocked
  File "<frozen importlib._bootstrap>", line 1179, in exec_module
  File "<frozen site>", line 722, in <module>
  File "<frozen site>", line 705, in main
  File "<frozen site>", line 624, in venv
OSError: [Errno 11] Resource deadlock avoided
Fatal Python error: init_import_site: Failed to import the site module
Python runtime state: initialized
Traceback (most recent call last):
  File "<frozen importlib._bootstrap>", line 1371, in _find_and_load
  File "<frozen importlib._bootstrap>", line 1342, in _find_and_load_unlocked
  File "<frozen importlib._bootstrap>", line 938, in _load_unlocked
  File "<frozen importlib._bootstrap>", line 1179, in exec_module
  File "<frozen site>", line 722, in <module>
  File "<frozen site>", line 705, in main
  File "<frozen site>", line 624, in venv
OSError: [Errno 11] Resource deadlock avoided
Fatal Python error: init_import_site: Failed to import the site module
Python runtime state: initialized
Traceback (most recent call last):
  File "<frozen importlib._bootstrap>", line 1371, in _find_and_load
  File "<frozen importlib._bootstrap>", line 1342, in _find_and_load_unlocked
  File "<frozen importlib._bootstrap>", line 938, in _load_unlocked
  File "<frozen importlib._bootstrap>", line 1179, in exec_module
  File "<frozen site>", line 722, in <module>
  File "<frozen site>", line 705, in main
  File "<frozen site>", line 624, in venv
OSError: [Errno 11] Resource deadlock avoided
Fatal Python error: init_import_site: Failed to import the site module
Python runtime state: initialized
Traceback (most recent call last):
  File "<frozen importlib._bootstrap>", line 1371, in _find_and_load
  File "<frozen importlib._bootstrap>", line 1342, in _find_and_load_unlocked
  File "<frozen importlib._bootstrap>", line 938, in _load_unlocked
  File "<frozen importlib._bootstrap>", line 1179, in exec_module
  File "<frozen site>", line 722, in <module>
  File "<frozen site>", line 705, in main
  File "<frozen site>", line 624, in venv
OSError: [Errno 11] Resource deadlock avoided
Fatal Python error: init_import_site: Failed to import the site module
Python runtime state: initialized
Traceback (most recent call last):
  File "<frozen importlib._bootstrap>", line 1371, in _find_and_load
  File "<frozen importlib._bootstrap>", line 1342, in _find_and_load_unlocked
  File "<frozen importlib._bootstrap>", line 938, in _load_unlocked
  File "<frozen importlib._bootstrap>", line 1179, in exec_module
  File "<frozen site>", line 722, in <module>
  File "<frozen site>", line 705, in main
  File "<frozen site>", line 624, in venv
OSError: [Errno 11] Resource deadlock avoided
Fatal Python error: init_import_site: Failed to import the site module
Python runtime state: initialized
Traceback (most recent call last):
  File "<frozen importlib._bootstrap>", line 1371, in _find_and_load
  File "<frozen importlib._bootstrap>", line 1342, in _find_and_load_unlocked
  File "<frozen importlib._bootstrap>", line 938, in _load_unlocked
  File "<frozen importlib._bootstrap>", line 1179, in exec_module
  File "<frozen site>", line 722, in <module>
  File "<frozen site>", line 705, in main
  File "<frozen site>", line 624, in venv
OSError: [Errno 11] Resource deadlock avoided
Fatal Python error: init_import_site: Failed to import the site module
Python runtime state: initialized
Traceback (most recent call last):
  File "<frozen importlib._bootstrap>", line 1371, in _find_and_load
  File "<frozen importlib._bootstrap>", line 1342, in _find_and_load_unlocked
  File "<frozen importlib._bootstrap>", line 938, in _load_unlocked
  File "<frozen importlib._bootstrap>", line 1179, in exec_module
  File "<frozen site>", line 722, in <module>
  File "<frozen site>", line 705, in main
  File "<frozen site>", line 624, in venv
OSError: [Errno 11] Resource deadlock avoided
Fatal Python error: init_import_site: Failed to import the site module
Python runtime state: initialized
Traceback (most recent call last):
  File "<frozen importlib._bootstrap>", line 1371, in _find_and_load
  File "<frozen importlib._bootstrap>", line 1342, in _find_and_load_unlocked
  File "<frozen importlib._bootstrap>", line 938, in _load_unlocked
  File "<frozen importlib._bootstrap>", line 1179, in exec_module
  File "<frozen site>", line 722, in <module>
  File "<frozen site>", line 705, in main
  File "<frozen site>", line 624, in venv
OSError: [Errno 11] Resource deadlock avoided
Fatal Python error: init_import_site: Failed to import the site module
Python runtime state: initialized
Traceback (most recent call last):
  File "<frozen importlib._bootstrap>", line 1371, in _find_and_load
  File "<frozen importlib._bootstrap>", line 1342, in _find_and_load_unlocked
  File "<frozen importlib._bootstrap>", line 938, in _load_unlocked
  File "<frozen importlib._bootstrap>", line 1179, in exec_module
  File "<frozen site>", line 722, in <module>
  File "<frozen site>", line 705, in main
  File "<frozen site>", line 624, in venv
OSError: [Errno 11] Resource deadlock avoided
Fatal Python error: init_import_site: Failed to import the site module
Python runtime state: initialized
Traceback (most recent call last):
  File "<frozen importlib._bootstrap>", line 1371, in _find_and_load
  File "<frozen importlib._bootstrap>", line 1342, in _find_and_load_unlocked
  File "<frozen importlib._bootstrap>", line 938, in _load_unlocked
  File "<frozen importlib._bootstrap>", line 1179, in exec_module
  File "<frozen site>", line 722, in <module>
  File "<frozen site>", line 705, in main
  File "<frozen site>", line 624, in venv
OSError: [Errno 11] Resource deadlock avoided
Fatal Python error: init_import_site: Failed to import the site module
Python runtime state: initialized
Traceback (most recent call last):
  File "<frozen importlib._bootstrap>", line 1371, in _find_and_load
  File "<frozen importlib._bootstrap>", line 1342, in _find_and_load_unlocked
  File "<frozen importlib._bootstrap>", line 938, in _load_unlocked
  File "<frozen importlib._bootstrap>", line 1179, in exec_module
  File "<frozen site>", line 722, in <module>
  File "<frozen site>", line 705, in main
  File "<frozen site>", line 624, in venv
OSError: [Errno 11] Resource deadlock avoided
Fatal Python error: init_import_site: Failed to import the site module
Python runtime state: initialized
Traceback (most recent call last):
  File "<frozen importlib._bootstrap>", line 1371, in _find_and_load
  File "<frozen importlib._bootstrap>", line 1342, in _find_and_load_unlocked
  File "<frozen importlib._bootstrap>", line 938, in _load_unlocked
  File "<frozen importlib._bootstrap>", line 1179, in exec_module
  File "<frozen site>", line 722, in <module>
  File "<frozen site>", line 705, in main
  File "<frozen site>", line 624, in venv
OSError: [Errno 11] Resource deadlock avoided
Fatal Python error: init_import_site: Failed to import the site module
Python runtime state: initialized
Traceback (most recent call last):
  File "<frozen importlib._bootstrap>", line 1371, in _find_and_load
  File "<frozen importlib._bootstrap>", line 1342, in _find_and_load_unlocked
  File "<frozen importlib._bootstrap>", line 938, in _load_unlocked
  File "<frozen importlib._bootstrap>", line 1179, in exec_module
  File "<frozen site>", line 722, in <module>
  File "<frozen site>", line 705, in main
  File "<frozen site>", line 624, in venv
OSError: [Errno 11] Resource deadlock avoided
Fatal Python error: init_import_site: Failed to import the site module
Python runtime state: initialized
Traceback (most recent call last):
  File "<frozen importlib._bootstrap>", line 1371, in _find_and_load
  File "<frozen importlib._bootstrap>", line 1342, in _find_and_load_unlocked
  File "<frozen importlib._bootstrap>", line 938, in _load_unlocked
  File "<frozen importlib._bootstrap>", line 1179, in exec_module
  File "<frozen site>", line 722, in <module>
  File "<frozen site>", line 705, in main
  File "<frozen site>", line 624, in venv
OSError: [Errno 11] Resource deadlock avoided
Fatal Python error: init_import_site: Failed to import the site module
Python runtime state: initialized
Traceback (most recent call last):
  File "<frozen importlib._bootstrap>", line 1371, in _find_and_load
  File "<frozen importlib._bootstrap>", line 1342, in _find_and_load_unlocked
  File "<frozen importlib._bootstrap>", line 938, in _load_unlocked
  File "<frozen importlib._bootstrap>", line 1179, in exec_module
  File "<frozen site>", line 722, in <module>
  File "<frozen site>", line 705, in main
  File "<frozen site>", line 624, in venv
OSError: [Errno 11] Resource deadlock avoided
Fatal Python error: init_import_site: Failed to import the site module
Python runtime state: initialized
Traceback (most recent call last):
  File "<frozen importlib._bootstrap>", line 1371, in _find_and_load
  File "<frozen importlib._bootstrap>", line 1342, in _find_and_load_unlocked
  File "<frozen importlib._bootstrap>", line 938, in _load_unlocked
  File "<frozen importlib._bootstrap>", line 1179, in exec_module
  File "<frozen site>", line 722, in <module>
  File "<frozen site>", line 705, in main
  File "<frozen site>", line 624, in venv
OSError: [Errno 11] Resource deadlock avoided
Fatal Python error: init_import_site: Failed to import the site module
Python runtime state: initialized
Traceback (most recent call last):
  File "<frozen importlib._bootstrap>", line 1371, in _find_and_load
  File "<frozen importlib._bootstrap>", line 1342, in _find_and_load_unlocked
  File "<frozen importlib._bootstrap>", line 938, in _load_unlocked
  File "<frozen importlib._bootstrap>", line 1179, in exec_module
  File "<frozen site>", line 722, in <module>
  File "<frozen site>", line 705, in main
  File "<frozen site>", line 624, in venv
OSError: [Errno 11] Resource deadlock avoided
Fatal Python error: init_import_site: Failed to import the site module
Python runtime state: initialized
Traceback (most recent call last):
  File "<frozen importlib._bootstrap>", line 1371, in _find_and_load
  File "<frozen importlib._bootstrap>", line 1342, in _find_and_load_unlocked
  File "<frozen importlib._bootstrap>", line 938, in _load_unlocked
  File "<frozen importlib._bootstrap>", line 1179, in exec_module
  File "<frozen site>", line 722, in <module>
  File "<frozen site>", line 705, in main
  File "<frozen site>", line 624, in venv
OSError: [Errno 11] Resource deadlock avoided
Fatal Python error: init_import_site: Failed to import the site module
Python runtime state: initialized
Traceback (most recent call last):
  File "<frozen importlib._bootstrap>", line 1371, in _find_and_load
  File "<frozen importlib._bootstrap>", line 1342, in _find_and_load_unlocked
  File "<frozen importlib._bootstrap>", line 938, in _load_unlocked
  File "<frozen importlib._bootstrap>", line 1179, in exec_module
  File "<frozen site>", line 722, in <module>
  File "<frozen site>", line 705, in main
  File "<frozen site>", line 624, in venv
OSError: [Errno 11] Resource deadlock avoided
Fatal Python error: init_import_site: Failed to import the site module
Python runtime state: initialized
Traceback (most recent call last):
  File "<frozen importlib._bootstrap>", line 1371, in _find_and_load
  File "<frozen importlib._bootstrap>", line 1342, in _find_and_load_unlocked
  File "<frozen importlib._bootstrap>", line 938, in _load_unlocked
  File "<frozen importlib._bootstrap>", line 1179, in exec_module
  File "<frozen site>", line 722, in <module>
  File "<frozen site>", line 705, in main
  File "<frozen site>", line 624, in venv
OSError: [Errno 11] Resource deadlock avoided
Fatal Python error: init_import_site: Failed to import the site module
Python runtime state: initialized
Traceback (most recent call last):
  File "<frozen importlib._bootstrap>", line 1371, in _find_and_load
  File "<frozen importlib._bootstrap>", line 1342, in _find_and_load_unlocked
  File "<frozen importlib._bootstrap>", line 938, in _load_unlocked
  File "<frozen importlib._bootstrap>", line 1179, in exec_module
  File "<frozen site>", line 722, in <module>
  File "<frozen site>", line 705, in main
  File "<frozen site>", line 624, in venv
OSError: [Errno 11] Resource deadlock avoided
Fatal Python error: init_import_site: Failed to import the site module
Python runtime state: initialized
Traceback (most recent call last):
  File "<frozen importlib._bootstrap>", line 1371, in _find_and_load
  File "<frozen importlib._bootstrap>", line 1342, in _find_and_load_unlocked
  File "<frozen importlib._bootstrap>", line 938, in _load_unlocked
  File "<frozen importlib._bootstrap>", line 1179, in exec_module
  File "<frozen site>", line 722, in <module>
  File "<frozen site>", line 705, in main
  File "<frozen site>", line 624, in venv
OSError: [Errno 11] Resource deadlock avoided
Fatal Python error: init_import_site: Failed to import the site module
Python runtime state: initialized
Traceback (most recent call last):
  File "<frozen importlib._bootstrap>", line 1371, in _find_and_load
  File "<frozen importlib._bootstrap>", line 1342, in _find_and_load_unlocked
  File "<frozen importlib._bootstrap>", line 938, in _load_unlocked
  File "<frozen importlib._bootstrap>", line 1179, in exec_module
  File "<frozen site>", line 722, in <module>
  File "<frozen site>", line 705, in main
  File "<frozen site>", line 624, in venv
OSError: [Errno 11] Resource deadlock avoided
Fatal Python error: init_import_site: Failed to import the site module
Python runtime state: initialized
Traceback (most recent call last):
  File "<frozen importlib._bootstrap>", line 1371, in _find_and_load
  File "<frozen importlib._bootstrap>", line 1342, in _find_and_load_unlocked
  File "<frozen importlib._bootstrap>", line 938, in _load_unlocked
  File "<frozen importlib._bootstrap>", line 1179, in exec_module
  File "<frozen site>", line 722, in <module>
  File "<frozen site>", line 705, in main
  File "<frozen site>", line 624, in venv
OSError: [Errno 11] Resource deadlock avoided
Fatal Python error: init_import_site: Failed to import the site module
Python runtime state: initialized
Traceback (most recent call last):
  File "<frozen importlib._bootstrap>", line 1371, in _find_and_load
  File "<frozen importlib._bootstrap>", line 1342, in _find_and_load_unlocked
  File "<frozen importlib._bootstrap>", line 938, in _load_unlocked
  File "<frozen importlib._bootstrap>", line 1179, in exec_module
  File "<frozen site>", line 722, in <module>
  File "<frozen site>", line 705, in main
  File "<frozen site>", line 624, in venv
OSError: [Errno 11] Resource deadlock avoided
Fatal Python error: init_import_site: Failed to import the site module
Python runtime state: initialized
Traceback (most recent call last):
  File "<frozen importlib._bootstrap>", line 1371, in _find_and_load
  File "<frozen importlib._bootstrap>", line 1342, in _find_and_load_unlocked
  File "<frozen importlib._bootstrap>", line 938, in _load_unlocked
  File "<frozen importlib._bootstrap>", line 1179, in exec_module
  File "<frozen site>", line 722, in <module>
  File "<frozen site>", line 705, in main
  File "<frozen site>", line 624, in venv
OSError: [Errno 11] Resource deadlock avoided
Fatal Python error: init_import_site: Failed to import the site module
Python runtime state: initialized
Traceback (most recent call last):
  File "<frozen importlib._bootstrap>", line 1371, in _find_and_load
  File "<frozen importlib._bootstrap>", line 1342, in _find_and_load_unlocked
  File "<frozen importlib._bootstrap>", line 938, in _load_unlocked
  File "<frozen importlib._bootstrap>", line 1179, in exec_module
  File "<frozen site>", line 722, in <module>
  File "<frozen site>", line 705, in main
  File "<frozen site>", line 624, in venv
OSError: [Errno 11] Resource deadlock avoided
Fatal Python error: init_import_site: Failed to import the site module
Python runtime state: initialized
Traceback (most recent call last):
  File "<frozen importlib._bootstrap>", line 1371, in _find_and_load
  File "<frozen importlib._bootstrap>", line 1342, in _find_and_load_unlocked
  File "<frozen importlib._bootstrap>", line 938, in _load_unlocked
  File "<frozen importlib._bootstrap>", line 1179, in exec_module
  File "<frozen site>", line 722, in <module>
  File "<frozen site>", line 705, in main
  File "<frozen site>", line 624, in venv
OSError: [Errno 11] Resource deadlock avoided
Fatal Python error: init_import_site: Failed to import the site module
Python runtime state: initialized
Traceback (most recent call last):
  File "<frozen importlib._bootstrap>", line 1371, in _find_and_load
  File "<frozen importlib._bootstrap>", line 1342, in _find_and_load_unlocked
  File "<frozen importlib._bootstrap>", line 938, in _load_unlocked
  File "<frozen importlib._bootstrap>", line 1179, in exec_module
  File "<frozen site>", line 722, in <module>
  File "<frozen site>", line 705, in main
  File "<frozen site>", line 624, in venv
OSError: [Errno 11] Resource deadlock avoided
Fatal Python error: init_import_site: Failed to import the site module
Python runtime state: initialized
Traceback (most recent call last):
  File "<frozen importlib._bootstrap>", line 1371, in _find_and_load
  File "<frozen importlib._bootstrap>", line 1342, in _find_and_load_unlocked
  File "<frozen importlib._bootstrap>", line 938, in _load_unlocked
  File "<frozen importlib._bootstrap>", line 1179, in exec_module
  File "<frozen site>", line 722, in <module>
  File "<frozen site>", line 705, in main
  File "<frozen site>", line 624, in venv
OSError: [Errno 11] Resource deadlock avoided
Fatal Python error: init_import_site: Failed to import the site module
Python runtime state: initialized
Traceback (most recent call last):
  File "<frozen importlib._bootstrap>", line 1371, in _find_and_load
  File "<frozen importlib._bootstrap>", line 1342, in _find_and_load_unlocked
  File "<frozen importlib._bootstrap>", line 938, in _load_unlocked
  File "<frozen importlib._bootstrap>", line 1179, in exec_module
  File "<frozen site>", line 722, in <module>
  File "<frozen site>", line 705, in main
  File "<frozen site>", line 624, in venv
OSError: [Errno 11] Resource deadlock avoided
Fatal Python error: init_import_site: Failed to import the site module
Python runtime state: initialized
Traceback (most recent call last):
  File "<frozen importlib._bootstrap>", line 1371, in _find_and_load
  File "<frozen importlib._bootstrap>", line 1342, in _find_and_load_unlocked
  File "<frozen importlib._bootstrap>", line 938, in _load_unlocked
  File "<frozen importlib._bootstrap>", line 1179, in exec_module
  File "<frozen site>", line 722, in <module>
  File "<frozen site>", line 705, in main
  File "<frozen site>", line 624, in venv
OSError: [Errno 11] Resource deadlock avoided
Fatal Python error: init_import_site: Failed to import the site module
Python runtime state: initialized
Traceback (most recent call last):
  File "<frozen importlib._bootstrap>", line 1371, in _find_and_load
  File "<frozen importlib._bootstrap>", line 1342, in _find_and_load_unlocked
  File "<frozen importlib._bootstrap>", line 938, in _load_unlocked
  File "<frozen importlib._bootstrap>", line 1179, in exec_module
  File "<frozen site>", line 722, in <module>
  File "<frozen site>", line 705, in main
  File "<frozen site>", line 624, in venv
OSError: [Errno 11] Resource deadlock avoided
Fatal Python error: init_import_site: Failed to import the site module
Python runtime state: initialized
Traceback (most recent call last):
  File "<frozen importlib._bootstrap>", line 1371, in _find_and_load
  File "<frozen importlib._bootstrap>", line 1342, in _find_and_load_unlocked
  File "<frozen importlib._bootstrap>", line 938, in _load_unlocked
  File "<frozen importlib._bootstrap>", line 1179, in exec_module
  File "<frozen site>", line 722, in <module>
  File "<frozen site>", line 705, in main
  File "<frozen site>", line 624, in venv
OSError: [Errno 11] Resource deadlock avoided
Fatal Python error: init_import_site: Failed to import the site module
Python runtime state: initialized
Traceback (most recent call last):
  File "<frozen importlib._bootstrap>", line 1371, in _find_and_load
  File "<frozen importlib._bootstrap>", line 1342, in _find_and_load_unlocked
  File "<frozen importlib._bootstrap>", line 938, in _load_unlocked
  File "<frozen importlib._bootstrap>", line 1179, in exec_module
  File "<frozen site>", line 722, in <module>
  File "<frozen site>", line 705, in main
  File "<frozen site>", line 624, in venv
OSError: [Errno 11] Resource deadlock avoided
Fatal Python error: init_import_site: Failed to import the site module
Python runtime state: initialized
Traceback (most recent call last):
  File "<frozen importlib._bootstrap>", line 1371, in _find_and_load
  File "<frozen importlib._bootstrap>", line 1342, in _find_and_load_unlocked
  File "<frozen importlib._bootstrap>", line 938, in _load_unlocked
  File "<frozen importlib._bootstrap>", line 1179, in exec_module
  File "<frozen site>", line 722, in <module>
  File "<frozen site>", line 705, in main
  File "<frozen site>", line 624, in venv
OSError: [Errno 11] Resource deadlock avoided
Fatal Python error: init_import_site: Failed to import the site module
Python runtime state: initialized
Traceback (most recent call last):
  File "<frozen importlib._bootstrap>", line 1371, in _find_and_load
  File "<frozen importlib._bootstrap>", line 1342, in _find_and_load_unlocked
  File "<frozen importlib._bootstrap>", line 938, in _load_unlocked
  File "<frozen importlib._bootstrap>", line 1179, in exec_module
  File "<frozen site>", line 722, in <module>
  File "<frozen site>", line 705, in main
  File "<frozen site>", line 624, in venv
OSError: [Errno 11] Resource deadlock avoided
Fatal Python error: init_import_site: Failed to import the site module
Python runtime state: initialized
Traceback (most recent call last):
  File "<frozen importlib._bootstrap>", line 1371, in _find_and_load
  File "<frozen importlib._bootstrap>", line 1342, in _find_and_load_unlocked
  File "<frozen importlib._bootstrap>", line 938, in _load_unlocked
  File "<frozen importlib._bootstrap>", line 1179, in exec_module
  File "<frozen site>", line 722, in <module>
  File "<frozen site>", line 705, in main
  File "<frozen site>", line 624, in venv
OSError: [Errno 11] Resource deadlock avoided
Fatal Python error: init_import_site: Failed to import the site module
Python runtime state: initialized
Traceback (most recent call last):
  File "<frozen importlib._bootstrap>", line 1371, in _find_and_load
  File "<frozen importlib._bootstrap>", line 1342, in _find_and_load_unlocked
  File "<frozen importlib._bootstrap>", line 938, in _load_unlocked
  File "<frozen importlib._bootstrap>", line 1179, in exec_module
  File "<frozen site>", line 722, in <module>
  File "<frozen site>", line 705, in main
  File "<frozen site>", line 624, in venv
OSError: [Errno 11] Resource deadlock avoided
Fatal Python error: init_import_site: Failed to import the site module
Python runtime state: initialized
Traceback (most recent call last):
  File "<frozen importlib._bootstrap>", line 1371, in _find_and_load
  File "<frozen importlib._bootstrap>", line 1342, in _find_and_load_unlocked
  File "<frozen importlib._bootstrap>", line 938, in _load_unlocked
  File "<frozen importlib._bootstrap>", line 1179, in exec_module
  File "<frozen site>", line 722, in <module>
  File "<frozen site>", line 705, in main
  File "<frozen site>", line 624, in venv
OSError: [Errno 11] Resource deadlock avoided
Fatal Python error: init_import_site: Failed to import the site module
Python runtime state: initialized
Traceback (most recent call last):
  File "<frozen importlib._bootstrap>", line 1371, in _find_and_load
  File "<frozen importlib._bootstrap>", line 1342, in _find_and_load_unlocked
  File "<frozen importlib._bootstrap>", line 938, in _load_unlocked
  File "<frozen importlib._bootstrap>", line 1179, in exec_module
  File "<frozen site>", line 722, in <module>
  File "<frozen site>", line 705, in main
  File "<frozen site>", line 624, in venv
OSError: [Errno 11] Resource deadlock avoided
Fatal Python error: init_import_site: Failed to import the site module
Python runtime state: initialized
Traceback (most recent call last):
  File "<frozen importlib._bootstrap>", line 1371, in _find_and_load
  File "<frozen importlib._bootstrap>", line 1342, in _find_and_load_unlocked
  File "<frozen importlib._bootstrap>", line 938, in _load_unlocked
  File "<frozen importlib._bootstrap>", line 1179, in exec_module
  File "<frozen site>", line 722, in <module>
  File "<frozen site>", line 705, in main
  File "<frozen site>", line 624, in venv
OSError: [Errno 11] Resource deadlock avoided
Fatal Python error: init_import_site: Failed to import the site module
Python runtime state: initialized
Traceback (most recent call last):
  File "<frozen importlib._bootstrap>", line 1371, in _find_and_load
  File "<frozen importlib._bootstrap>", line 1342, in _find_and_load_unlocked
  File "<frozen importlib._bootstrap>", line 938, in _load_unlocked
  File "<frozen importlib._bootstrap>", line 1179, in exec_module
  File "<frozen site>", line 722, in <module>
  File "<frozen site>", line 705, in main
  File "<frozen site>", line 624, in venv
OSError: [Errno 11] Resource deadlock avoided
Fatal Python error: init_import_site: Failed to import the site module
Python runtime state: initialized
Traceback (most recent call last):
  File "<frozen importlib._bootstrap>", line 1371, in _find_and_load
  File "<frozen importlib._bootstrap>", line 1342, in _find_and_load_unlocked
  File "<frozen importlib._bootstrap>", line 938, in _load_unlocked
  File "<frozen importlib._bootstrap>", line 1179, in exec_module
  File "<frozen site>", line 722, in <module>
  File "<frozen site>", line 705, in main
  File "<frozen site>", line 624, in venv
OSError: [Errno 11] Resource deadlock avoided
Fatal Python error: init_import_site: Failed to import the site module
Python runtime state: initialized
Traceback (most recent call last):
  File "<frozen importlib._bootstrap>", line 1371, in _find_and_load
  File "<frozen importlib._bootstrap>", line 1342, in _find_and_load_unlocked
  File "<frozen importlib._bootstrap>", line 938, in _load_unlocked
  File "<frozen importlib._bootstrap>", line 1179, in exec_module
  File "<frozen site>", line 722, in <module>
  File "<frozen site>", line 705, in main
  File "<frozen site>", line 624, in venv
OSError: [Errno 11] Resource deadlock avoided
Fatal Python error: init_import_site: Failed to import the site module
Python runtime state: initialized
Traceback (most recent call last):
  File "<frozen importlib._bootstrap>", line 1371, in _find_and_load
  File "<frozen importlib._bootstrap>", line 1342, in _find_and_load_unlocked
  File "<frozen importlib._bootstrap>", line 938, in _load_unlocked
  File "<frozen importlib._bootstrap>", line 1179, in exec_module
  File "<frozen site>", line 722, in <module>
  File "<frozen site>", line 705, in main
  File "<frozen site>", line 624, in venv
OSError: [Errno 11] Resource deadlock avoided
Fatal Python error: init_import_site: Failed to import the site module
Python runtime state: initialized
Traceback (most recent call last):
  File "<frozen importlib._bootstrap>", line 1371, in _find_and_load
  File "<frozen importlib._bootstrap>", line 1342, in _find_and_load_unlocked
  File "<frozen importlib._bootstrap>", line 938, in _load_unlocked
  File "<frozen importlib._bootstrap>", line 1179, in exec_module
  File "<frozen site>", line 722, in <module>
  File "<frozen site>", line 705, in main
  File "<frozen site>", line 624, in venv
OSError: [Errno 11] Resource deadlock avoided
Fatal Python error: init_import_site: Failed to import the site module
Python runtime state: initialized
Traceback (most recent call last):
  File "<frozen importlib._bootstrap>", line 1371, in _find_and_load
  File "<frozen importlib._bootstrap>", line 1342, in _find_and_load_unlocked
  File "<frozen importlib._bootstrap>", line 938, in _load_unlocked
  File "<frozen importlib._bootstrap>", line 1179, in exec_module
  File "<frozen site>", line 722, in <module>
  File "<frozen site>", line 705, in main
  File "<frozen site>", line 624, in venv
OSError: [Errno 11] Resource deadlock avoided
Fatal Python error: init_import_site: Failed to import the site module
Python runtime state: initialized
Traceback (most recent call last):
  File "<frozen importlib._bootstrap>", line 1371, in _find_and_load
  File "<frozen importlib._bootstrap>", line 1342, in _find_and_load_unlocked
  File "<frozen importlib._bootstrap>", line 938, in _load_unlocked
  File "<frozen importlib._bootstrap>", line 1179, in exec_module
  File "<frozen site>", line 722, in <module>
  File "<frozen site>", line 705, in main
  File "<frozen site>", line 624, in venv
OSError: [Errno 11] Resource deadlock avoided
Fatal Python error: init_import_site: Failed to import the site module
Python runtime state: initialized
Traceback (most recent call last):
  File "<frozen importlib._bootstrap>", line 1371, in _find_and_load
  File "<frozen importlib._bootstrap>", line 1342, in _find_and_load_unlocked
  File "<frozen importlib._bootstrap>", line 938, in _load_unlocked
  File "<frozen importlib._bootstrap>", line 1179, in exec_module
  File "<frozen site>", line 722, in <module>
  File "<frozen site>", line 705, in main
  File "<frozen site>", line 624, in venv
OSError: [Errno 11] Resource deadlock avoided
Fatal Python error: init_import_site: Failed to import the site module
Python runtime state: initialized
Traceback (most recent call last):
  File "<frozen importlib._bootstrap>", line 1371, in _find_and_load
  File "<frozen importlib._bootstrap>", line 1342, in _find_and_load_unlocked
  File "<frozen importlib._bootstrap>", line 938, in _load_unlocked
  File "<frozen importlib._bootstrap>", line 1179, in exec_module
  File "<frozen site>", line 722, in <module>
  File "<frozen site>", line 705, in main
  File "<frozen site>", line 624, in venv
OSError: [Errno 11] Resource deadlock avoided
Fatal Python error: init_import_site: Failed to import the site module
Python runtime state: initialized
Traceback (most recent call last):
  File "<frozen importlib._bootstrap>", line 1371, in _find_and_load
  File "<frozen importlib._bootstrap>", line 1342, in _find_and_load_unlocked
  File "<frozen importlib._bootstrap>", line 938, in _load_unlocked
  File "<frozen importlib._bootstrap>", line 1179, in exec_module
  File "<frozen site>", line 722, in <module>
  File "<frozen site>", line 705, in main
  File "<frozen site>", line 624, in venv
OSError: [Errno 11] Resource deadlock avoided
Fatal Python error: init_import_site: Failed to import the site module
Python runtime state: initialized
Traceback (most recent call last):
  File "<frozen importlib._bootstrap>", line 1371, in _find_and_load
  File "<frozen importlib._bootstrap>", line 1342, in _find_and_load_unlocked
  File "<frozen importlib._bootstrap>", line 938, in _load_unlocked
  File "<frozen importlib._bootstrap>", line 1179, in exec_module
  File "<frozen site>", line 722, in <module>
  File "<frozen site>", line 705, in main
  File "<frozen site>", line 624, in venv
OSError: [Errno 11] Resource deadlock avoided
Fatal Python error: init_import_site: Failed to import the site module
Python runtime state: initialized
Traceback (most recent call last):
  File "<frozen importlib._bootstrap>", line 1371, in _find_and_load
  File "<frozen importlib._bootstrap>", line 1342, in _find_and_load_unlocked
  File "<frozen importlib._bootstrap>", line 938, in _load_unlocked
  File "<frozen importlib._bootstrap>", line 1179, in exec_module
  File "<frozen site>", line 722, in <module>
  File "<frozen site>", line 705, in main
  File "<frozen site>", line 624, in venv
OSError: [Errno 11] Resource deadlock avoided
Fatal Python error: init_import_site: Failed to import the site module
Python runtime state: initialized
Traceback (most recent call last):
  File "<frozen importlib._bootstrap>", line 1371, in _find_and_load
  File "<frozen importlib._bootstrap>", line 1342, in _find_and_load_unlocked
  File "<frozen importlib._bootstrap>", line 938, in _load_unlocked
  File "<frozen importlib._bootstrap>", line 1179, in exec_module
  File "<frozen site>", line 722, in <module>
  File "<frozen site>", line 705, in main
  File "<frozen site>", line 624, in venv
OSError: [Errno 11] Resource deadlock avoided
Fatal Python error: init_import_site: Failed to import the site module
Python runtime state: initialized
Traceback (most recent call last):
  File "<frozen importlib._bootstrap>", line 1371, in _find_and_load
  File "<frozen importlib._bootstrap>", line 1342, in _find_and_load_unlocked
  File "<frozen importlib._bootstrap>", line 938, in _load_unlocked
  File "<frozen importlib._bootstrap>", line 1179, in exec_module
  File "<frozen site>", line 722, in <module>
  File "<frozen site>", line 705, in main
  File "<frozen site>", line 624, in venv
OSError: [Errno 11] Resource deadlock avoided
Fatal Python error: init_import_site: Failed to import the site module
Python runtime state: initialized
Traceback (most recent call last):
  File "<frozen importlib._bootstrap>", line 1371, in _find_and_load
  File "<frozen importlib._bootstrap>", line 1342, in _find_and_load_unlocked
  File "<frozen importlib._bootstrap>", line 938, in _load_unlocked
  File "<frozen importlib._bootstrap>", line 1179, in exec_module
  File "<frozen site>", line 722, in <module>
  File "<frozen site>", line 705, in main
  File "<frozen site>", line 624, in venv
OSError: [Errno 11] Resource deadlock avoided
Fatal Python error: init_import_site: Failed to import the site module
Python runtime state: initialized
Traceback (most recent call last):
  File "<frozen importlib._bootstrap>", line 1371, in _find_and_load
  File "<frozen importlib._bootstrap>", line 1342, in _find_and_load_unlocked
  File "<frozen importlib._bootstrap>", line 938, in _load_unlocked
  File "<frozen importlib._bootstrap>", line 1179, in exec_module
  File "<frozen site>", line 722, in <module>
  File "<frozen site>", line 705, in main
  File "<frozen site>", line 624, in venv
OSError: [Errno 11] Resource deadlock avoided
Fatal Python error: init_import_site: Failed to import the site module
Python runtime state: initialized
Traceback (most recent call last):
  File "<frozen importlib._bootstrap>", line 1371, in _find_and_load
  File "<frozen importlib._bootstrap>", line 1342, in _find_and_load_unlocked
  File "<frozen importlib._bootstrap>", line 938, in _load_unlocked
  File "<frozen importlib._bootstrap>", line 1179, in exec_module
  File "<frozen site>", line 722, in <module>
  File "<frozen site>", line 705, in main
  File "<frozen site>", line 624, in venv
OSError: [Errno 11] Resource deadlock avoided
Fatal Python error: init_import_site: Failed to import the site module
Python runtime state: initialized
Traceback (most recent call last):
  File "<frozen importlib._bootstrap>", line 1371, in _find_and_load
  File "<frozen importlib._bootstrap>", line 1342, in _find_and_load_unlocked
  File "<frozen importlib._bootstrap>", line 938, in _load_unlocked
  File "<frozen importlib._bootstrap>", line 1179, in exec_module
  File "<frozen site>", line 722, in <module>
  File "<frozen site>", line 705, in main
  File "<frozen site>", line 624, in venv
OSError: [Errno 11] Resource deadlock avoided
Fatal Python error: init_import_site: Failed to import the site module
Python runtime state: initialized
Traceback (most recent call last):
  File "<frozen importlib._bootstrap>", line 1371, in _find_and_load
  File "<frozen importlib._bootstrap>", line 1342, in _find_and_load_unlocked
  File "<frozen importlib._bootstrap>", line 938, in _load_unlocked
  File "<frozen importlib._bootstrap>", line 1179, in exec_module
  File "<frozen site>", line 722, in <module>
  File "<frozen site>", line 705, in main
  File "<frozen site>", line 624, in venv
OSError: [Errno 11] Resource deadlock avoided
Fatal Python error: init_import_site: Failed to import the site module
Python runtime state: initialized
Traceback (most recent call last):
  File "<frozen importlib._bootstrap>", line 1371, in _find_and_load
  File "<frozen importlib._bootstrap>", line 1342, in _find_and_load_unlocked
  File "<frozen importlib._bootstrap>", line 938, in _load_unlocked
  File "<frozen importlib._bootstrap>", line 1179, in exec_module
  File "<frozen site>", line 722, in <module>
  File "<frozen site>", line 705, in main
  File "<frozen site>", line 624, in venv
OSError: [Errno 11] Resource deadlock avoided
Fatal Python error: init_import_site: Failed to import the site module
Python runtime state: initialized
Traceback (most recent call last):
  File "<frozen importlib._bootstrap>", line 1371, in _find_and_load
  File "<frozen importlib._bootstrap>", line 1342, in _find_and_load_unlocked
  File "<frozen importlib._bootstrap>", line 938, in _load_unlocked
  File "<frozen importlib._bootstrap>", line 1179, in exec_module
  File "<frozen site>", line 722, in <module>
  File "<frozen site>", line 705, in main
  File "<frozen site>", line 624, in venv
OSError: [Errno 11] Resource deadlock avoided
Fatal Python error: init_import_site: Failed to import the site module
Python runtime state: initialized
Traceback (most recent call last):
  File "<frozen importlib._bootstrap>", line 1371, in _find_and_load
  File "<frozen importlib._bootstrap>", line 1342, in _find_and_load_unlocked
  File "<frozen importlib._bootstrap>", line 938, in _load_unlocked
  File "<frozen importlib._bootstrap>", line 1179, in exec_module
  File "<frozen site>", line 722, in <module>
  File "<frozen site>", line 705, in main
  File "<frozen site>", line 624, in venv
OSError: [Errno 11] Resource deadlock avoided
Fatal Python error: init_import_site: Failed to import the site module
Python runtime state: initialized
Traceback (most recent call last):
  File "<frozen importlib._bootstrap>", line 1371, in _find_and_load
  File "<frozen importlib._bootstrap>", line 1342, in _find_and_load_unlocked
  File "<frozen importlib._bootstrap>", line 938, in _load_unlocked
  File "<frozen importlib._bootstrap>", line 1179, in exec_module
  File "<frozen site>", line 722, in <module>
  File "<frozen site>", line 705, in main
  File "<frozen site>", line 624, in venv
OSError: [Errno 11] Resource deadlock avoided
Fatal Python error: init_import_site: Failed to import the site module
Python runtime state: initialized
Traceback (most recent call last):
  File "<frozen importlib._bootstrap>", line 1371, in _find_and_load
  File "<frozen importlib._bootstrap>", line 1342, in _find_and_load_unlocked
  File "<frozen importlib._bootstrap>", line 938, in _load_unlocked
  File "<frozen importlib._bootstrap>", line 1179, in exec_module
  File "<frozen site>", line 722, in <module>
  File "<frozen site>", line 705, in main
  File "<frozen site>", line 624, in venv
OSError: [Errno 11] Resource deadlock avoided
Fatal Python error: init_import_site: Failed to import the site module
Python runtime state: initialized
Traceback (most recent call last):
  File "<frozen importlib._bootstrap>", line 1371, in _find_and_load
  File "<frozen importlib._bootstrap>", line 1342, in _find_and_load_unlocked
  File "<frozen importlib._bootstrap>", line 938, in _load_unlocked
  File "<frozen importlib._bootstrap>", line 1179, in exec_module
  File "<frozen site>", line 722, in <module>
  File "<frozen site>", line 705, in main
  File "<frozen site>", line 624, in venv
OSError: [Errno 11] Resource deadlock avoided
Fatal Python error: init_import_site: Failed to import the site module
Python runtime state: initialized
Traceback (most recent call last):
  File "<frozen importlib._bootstrap>", line 1371, in _find_and_load
  File "<frozen importlib._bootstrap>", line 1342, in _find_and_load_unlocked
  File "<frozen importlib._bootstrap>", line 938, in _load_unlocked
  File "<frozen importlib._bootstrap>", line 1179, in exec_module
  File "<frozen site>", line 722, in <module>
  File "<frozen site>", line 705, in main
  File "<frozen site>", line 624, in venv
OSError: [Errno 11] Resource deadlock avoided
Fatal Python error: init_import_site: Failed to import the site module
Python runtime state: initialized
Traceback (most recent call last):
  File "<frozen importlib._bootstrap>", line 1371, in _find_and_load
  File "<frozen importlib._bootstrap>", line 1342, in _find_and_load_unlocked
  File "<frozen importlib._bootstrap>", line 938, in _load_unlocked
  File "<frozen importlib._bootstrap>", line 1179, in exec_module
  File "<frozen site>", line 722, in <module>
  File "<frozen site>", line 705, in main
  File "<frozen site>", line 624, in venv
OSError: [Errno 11] Resource deadlock avoided
Fatal Python error: init_import_site: Failed to import the site module
Python runtime state: initialized
Traceback (most recent call last):
  File "<frozen importlib._bootstrap>", line 1371, in _find_and_load
  File "<frozen importlib._bootstrap>", line 1342, in _find_and_load_unlocked
  File "<frozen importlib._bootstrap>", line 938, in _load_unlocked
  File "<frozen importlib._bootstrap>", line 1179, in exec_module
  File "<frozen site>", line 722, in <module>
  File "<frozen site>", line 705, in main
  File "<frozen site>", line 624, in venv
OSError: [Errno 11] Resource deadlock avoided
Fatal Python error: init_import_site: Failed to import the site module
Python runtime state: initialized
Traceback (most recent call last):
  File "<frozen importlib._bootstrap>", line 1371, in _find_and_load
  File "<frozen importlib._bootstrap>", line 1342, in _find_and_load_unlocked
  File "<frozen importlib._bootstrap>", line 938, in _load_unlocked
  File "<frozen importlib._bootstrap>", line 1179, in exec_module
  File "<frozen site>", line 722, in <module>
  File "<frozen site>", line 705, in main
  File "<frozen site>", line 624, in venv
OSError: [Errno 11] Resource deadlock avoided
Fatal Python error: init_import_site: Failed to import the site module
Python runtime state: initialized
Traceback (most recent call last):
  File "<frozen importlib._bootstrap>", line 1371, in _find_and_load
  File "<frozen importlib._bootstrap>", line 1342, in _find_and_load_unlocked
  File "<frozen importlib._bootstrap>", line 938, in _load_unlocked
  File "<frozen importlib._bootstrap>", line 1179, in exec_module
  File "<frozen site>", line 722, in <module>
  File "<frozen site>", line 705, in main
  File "<frozen site>", line 624, in venv
OSError: [Errno 11] Resource deadlock avoided
Fatal Python error: init_import_site: Failed to import the site module
Python runtime state: initialized
Traceback (most recent call last):
  File "<frozen importlib._bootstrap>", line 1371, in _find_and_load
  File "<frozen importlib._bootstrap>", line 1342, in _find_and_load_unlocked
  File "<frozen importlib._bootstrap>", line 938, in _load_unlocked
  File "<frozen importlib._bootstrap>", line 1179, in exec_module
  File "<frozen site>", line 722, in <module>
  File "<frozen site>", line 705, in main
  File "<frozen site>", line 624, in venv
OSError: [Errno 11] Resource deadlock avoided
Fatal Python error: init_import_site: Failed to import the site module
Python runtime state: initialized
Traceback (most recent call last):
  File "<frozen importlib._bootstrap>", line 1371, in _find_and_load
  File "<frozen importlib._bootstrap>", line 1342, in _find_and_load_unlocked
  File "<frozen importlib._bootstrap>", line 938, in _load_unlocked
  File "<frozen importlib._bootstrap>", line 1179, in exec_module
  File "<frozen site>", line 722, in <module>
  File "<frozen site>", line 705, in main
  File "<frozen site>", line 624, in venv
OSError: [Errno 11] Resource deadlock avoided
Fatal Python error: init_import_site: Failed to import the site module
Python runtime state: initialized
Traceback (most recent call last):
  File "<frozen importlib._bootstrap>", line 1371, in _find_and_load
  File "<frozen importlib._bootstrap>", line 1342, in _find_and_load_unlocked
  File "<frozen importlib._bootstrap>", line 938, in _load_unlocked
  File "<frozen importlib._bootstrap>", line 1179, in exec_module
  File "<frozen site>", line 722, in <module>
  File "<frozen site>", line 705, in main
  File "<frozen site>", line 624, in venv
OSError: [Errno 11] Resource deadlock avoided
Fatal Python error: init_import_site: Failed to import the site module
Python runtime state: initialized
Traceback (most recent call last):
  File "<frozen importlib._bootstrap>", line 1371, in _find_and_load
  File "<frozen importlib._bootstrap>", line 1342, in _find_and_load_unlocked
  File "<frozen importlib._bootstrap>", line 938, in _load_unlocked
  File "<frozen importlib._bootstrap>", line 1179, in exec_module
  File "<frozen site>", line 722, in <module>
  File "<frozen site>", line 705, in main
  File "<frozen site>", line 624, in venv
OSError: [Errno 11] Resource deadlock avoided
Fatal Python error: init_import_site: Failed to import the site module
Python runtime state: initialized
Traceback (most recent call last):
  File "<frozen importlib._bootstrap>", line 1371, in _find_and_load
  File "<frozen importlib._bootstrap>", line 1342, in _find_and_load_unlocked
  File "<frozen importlib._bootstrap>", line 938, in _load_unlocked
  File "<frozen importlib._bootstrap>", line 1179, in exec_module
  File "<frozen site>", line 722, in <module>
  File "<frozen site>", line 705, in main
  File "<frozen site>", line 624, in venv
OSError: [Errno 11] Resource deadlock avoided
Fatal Python error: init_import_site: Failed to import the site module
Python runtime state: initialized
Traceback (most recent call last):
  File "<frozen importlib._bootstrap>", line 1371, in _find_and_load
  File "<frozen importlib._bootstrap>", line 1342, in _find_and_load_unlocked
  File "<frozen importlib._bootstrap>", line 938, in _load_unlocked
  File "<frozen importlib._bootstrap>", line 1179, in exec_module
  File "<frozen site>", line 722, in <module>
  File "<frozen site>", line 705, in main
  File "<frozen site>", line 624, in venv
OSError: [Errno 11] Resource deadlock avoided
Fatal Python error: init_import_site: Failed to import the site module
Python runtime state: initialized
Traceback (most recent call last):
  File "<frozen importlib._bootstrap>", line 1371, in _find_and_load
  File "<frozen importlib._bootstrap>", line 1342, in _find_and_load_unlocked
  File "<frozen importlib._bootstrap>", line 938, in _load_unlocked
  File "<frozen importlib._bootstrap>", line 1179, in exec_module
  File "<frozen site>", line 722, in <module>
  File "<frozen site>", line 705, in main
  File "<frozen site>", line 624, in venv
OSError: [Errno 11] Resource deadlock avoided
Fatal Python error: init_import_site: Failed to import the site module
Python runtime state: initialized
Traceback (most recent call last):
  File "<frozen importlib._bootstrap>", line 1371, in _find_and_load
  File "<frozen importlib._bootstrap>", line 1342, in _find_and_load_unlocked
  File "<frozen importlib._bootstrap>", line 938, in _load_unlocked
  File "<frozen importlib._bootstrap>", line 1179, in exec_module
  File "<frozen site>", line 722, in <module>
  File "<frozen site>", line 705, in main
  File "<frozen site>", line 624, in venv
OSError: [Errno 11] Resource deadlock avoided
Fatal Python error: init_import_site: Failed to import the site module
Python runtime state: initialized
Traceback (most recent call last):
  File "<frozen importlib._bootstrap>", line 1371, in _find_and_load
  File "<frozen importlib._bootstrap>", line 1342, in _find_and_load_unlocked
  File "<frozen importlib._bootstrap>", line 938, in _load_unlocked
  File "<frozen importlib._bootstrap>", line 1179, in exec_module
  File "<frozen site>", line 722, in <module>
  File "<frozen site>", line 705, in main
  File "<frozen site>", line 624, in venv
OSError: [Errno 11] Resource deadlock avoided
Fatal Python error: init_import_site: Failed to import the site module
Python runtime state: initialized
Traceback (most recent call last):
  File "<frozen importlib._bootstrap>", line 1371, in _find_and_load
  File "<frozen importlib._bootstrap>", line 1342, in _find_and_load_unlocked
  File "<frozen importlib._bootstrap>", line 938, in _load_unlocked
  File "<frozen importlib._bootstrap>", line 1179, in exec_module
  File "<frozen site>", line 722, in <module>
  File "<frozen site>", line 705, in main
  File "<frozen site>", line 624, in venv
OSError: [Errno 11] Resource deadlock avoided
Fatal Python error: init_import_site: Failed to import the site module
Python runtime state: initialized
Traceback (most recent call last):
  File "<frozen importlib._bootstrap>", line 1371, in _find_and_load
  File "<frozen importlib._bootstrap>", line 1342, in _find_and_load_unlocked
  File "<frozen importlib._bootstrap>", line 938, in _load_unlocked
  File "<frozen importlib._bootstrap>", line 1179, in exec_module
  File "<frozen site>", line 722, in <module>
  File "<frozen site>", line 705, in main
  File "<frozen site>", line 624, in venv
OSError: [Errno 11] Resource deadlock avoided
Fatal Python error: init_import_site: Failed to import the site module
Python runtime state: initialized
Traceback (most recent call last):
  File "<frozen importlib._bootstrap>", line 1371, in _find_and_load
  File "<frozen importlib._bootstrap>", line 1342, in _find_and_load_unlocked
  File "<frozen importlib._bootstrap>", line 938, in _load_unlocked
  File "<frozen importlib._bootstrap>", line 1179, in exec_module
  File "<frozen site>", line 722, in <module>
  File "<frozen site>", line 705, in main
  File "<frozen site>", line 624, in venv
OSError: [Errno 11] Resource deadlock avoided
Fatal Python error: init_import_site: Failed to import the site module
Python runtime state: initialized
Traceback (most recent call last):
  File "<frozen importlib._bootstrap>", line 1371, in _find_and_load
  File "<frozen importlib._bootstrap>", line 1342, in _find_and_load_unlocked
  File "<frozen importlib._bootstrap>", line 938, in _load_unlocked
  File "<frozen importlib._bootstrap>", line 1179, in exec_module
  File "<frozen site>", line 722, in <module>
  File "<frozen site>", line 705, in main
  File "<frozen site>", line 624, in venv
OSError: [Errno 11] Resource deadlock avoided
Fatal Python error: init_import_site: Failed to import the site module
Python runtime state: initialized
Traceback (most recent call last):
  File "<frozen importlib._bootstrap>", line 1371, in _find_and_load
  File "<frozen importlib._bootstrap>", line 1342, in _find_and_load_unlocked
  File "<frozen importlib._bootstrap>", line 938, in _load_unlocked
  File "<frozen importlib._bootstrap>", line 1179, in exec_module
  File "<frozen site>", line 722, in <module>
  File "<frozen site>", line 705, in main
  File "<frozen site>", line 624, in venv
OSError: [Errno 11] Resource deadlock avoided
Fatal Python error: init_import_site: Failed to import the site module
Python runtime state: initialized
Traceback (most recent call last):
  File "<frozen importlib._bootstrap>", line 1371, in _find_and_load
  File "<frozen importlib._bootstrap>", line 1342, in _find_and_load_unlocked
  File "<frozen importlib._bootstrap>", line 938, in _load_unlocked
  File "<frozen importlib._bootstrap>", line 1179, in exec_module
  File "<frozen site>", line 722, in <module>
  File "<frozen site>", line 705, in main
  File "<frozen site>", line 624, in venv
OSError: [Errno 11] Resource deadlock avoided
Fatal Python error: init_import_site: Failed to import the site module
Python runtime state: initialized
Traceback (most recent call last):
  File "<frozen importlib._bootstrap>", line 1371, in _find_and_load
  File "<frozen importlib._bootstrap>", line 1342, in _find_and_load_unlocked
  File "<frozen importlib._bootstrap>", line 938, in _load_unlocked
  File "<frozen importlib._bootstrap>", line 1179, in exec_module
  File "<frozen site>", line 722, in <module>
  File "<frozen site>", line 705, in main
  File "<frozen site>", line 624, in venv
OSError: [Errno 11] Resource deadlock avoided
Fatal Python error: init_import_site: Failed to import the site module
Python runtime state: initialized
Traceback (most recent call last):
  File "<frozen importlib._bootstrap>", line 1371, in _find_and_load
  File "<frozen importlib._bootstrap>", line 1342, in _find_and_load_unlocked
  File "<frozen importlib._bootstrap>", line 938, in _load_unlocked
  File "<frozen importlib._bootstrap>", line 1179, in exec_module
  File "<frozen site>", line 722, in <module>
  File "<frozen site>", line 705, in main
  File "<frozen site>", line 624, in venv
OSError: [Errno 11] Resource deadlock avoided
Fatal Python error: init_import_site: Failed to import the site module
Python runtime state: initialized
Traceback (most recent call last):
  File "<frozen importlib._bootstrap>", line 1371, in _find_and_load
  File "<frozen importlib._bootstrap>", line 1342, in _find_and_load_unlocked
  File "<frozen importlib._bootstrap>", line 938, in _load_unlocked
  File "<frozen importlib._bootstrap>", line 1179, in exec_module
  File "<frozen site>", line 722, in <module>
  File "<frozen site>", line 705, in main
  File "<frozen site>", line 624, in venv
OSError: [Errno 11] Resource deadlock avoided
Fatal Python error: init_import_site: Failed to import the site module
Python runtime state: initialized
Traceback (most recent call last):
  File "<frozen importlib._bootstrap>", line 1371, in _find_and_load
  File "<frozen importlib._bootstrap>", line 1342, in _find_and_load_unlocked
  File "<frozen importlib._bootstrap>", line 938, in _load_unlocked
  File "<frozen importlib._bootstrap>", line 1179, in exec_module
  File "<frozen site>", line 722, in <module>
  File "<frozen site>", line 705, in main
  File "<frozen site>", line 624, in venv
OSError: [Errno 11] Resource deadlock avoided
Fatal Python error: init_import_site: Failed to import the site module
Python runtime state: initialized
Traceback (most recent call last):
  File "<frozen importlib._bootstrap>", line 1371, in _find_and_load
  File "<frozen importlib._bootstrap>", line 1342, in _find_and_load_unlocked
  File "<frozen importlib._bootstrap>", line 938, in _load_unlocked
  File "<frozen importlib._bootstrap>", line 1179, in exec_module
  File "<frozen site>", line 722, in <module>
  File "<frozen site>", line 705, in main
  File "<frozen site>", line 624, in venv
OSError: [Errno 11] Resource deadlock avoided
Fatal Python error: init_import_site: Failed to import the site module
Python runtime state: initialized
Traceback (most recent call last):
  File "<frozen importlib._bootstrap>", line 1371, in _find_and_load
  File "<frozen importlib._bootstrap>", line 1342, in _find_and_load_unlocked
  File "<frozen importlib._bootstrap>", line 938, in _load_unlocked
  File "<frozen importlib._bootstrap>", line 1179, in exec_module
  File "<frozen site>", line 722, in <module>
  File "<frozen site>", line 705, in main
  File "<frozen site>", line 624, in venv
OSError: [Errno 11] Resource deadlock avoided
Fatal Python error: init_import_site: Failed to import the site module
Python runtime state: initialized
Traceback (most recent call last):
  File "<frozen importlib._bootstrap>", line 1371, in _find_and_load
  File "<frozen importlib._bootstrap>", line 1342, in _find_and_load_unlocked
  File "<frozen importlib._bootstrap>", line 938, in _load_unlocked
  File "<frozen importlib._bootstrap>", line 1179, in exec_module
  File "<frozen site>", line 722, in <module>
  File "<frozen site>", line 705, in main
  File "<frozen site>", line 624, in venv
OSError: [Errno 11] Resource deadlock avoided
Fatal Python error: init_import_site: Failed to import the site module
Python runtime state: initialized
Traceback (most recent call last):
  File "<frozen importlib._bootstrap>", line 1371, in _find_and_load
  File "<frozen importlib._bootstrap>", line 1342, in _find_and_load_unlocked
  File "<frozen importlib._bootstrap>", line 938, in _load_unlocked
  File "<frozen importlib._bootstrap>", line 1179, in exec_module
  File "<frozen site>", line 722, in <module>
  File "<frozen site>", line 705, in main
  File "<frozen site>", line 624, in venv
OSError: [Errno 11] Resource deadlock avoided
Fatal Python error: init_import_site: Failed to import the site module
Python runtime state: initialized
Traceback (most recent call last):
  File "<frozen importlib._bootstrap>", line 1371, in _find_and_load
  File "<frozen importlib._bootstrap>", line 1342, in _find_and_load_unlocked
  File "<frozen importlib._bootstrap>", line 938, in _load_unlocked
  File "<frozen importlib._bootstrap>", line 1179, in exec_module
  File "<frozen site>", line 722, in <module>
  File "<frozen site>", line 705, in main
  File "<frozen site>", line 624, in venv
OSError: [Errno 11] Resource deadlock avoided
Fatal Python error: init_import_site: Failed to import the site module
Python runtime state: initialized
Traceback (most recent call last):
  File "<frozen importlib._bootstrap>", line 1371, in _find_and_load
  File "<frozen importlib._bootstrap>", line 1342, in _find_and_load_unlocked
  File "<frozen importlib._bootstrap>", line 938, in _load_unlocked
  File "<frozen importlib._bootstrap>", line 1179, in exec_module
  File "<frozen site>", line 722, in <module>
  File "<frozen site>", line 705, in main
  File "<frozen site>", line 624, in venv
OSError: [Errno 11] Resource deadlock avoided
Fatal Python error: init_import_site: Failed to import the site module
Python runtime state: initialized
Traceback (most recent call last):
  File "<frozen importlib._bootstrap>", line 1371, in _find_and_load
  File "<frozen importlib._bootstrap>", line 1342, in _find_and_load_unlocked
  File "<frozen importlib._bootstrap>", line 938, in _load_unlocked
  File "<frozen importlib._bootstrap>", line 1179, in exec_module
  File "<frozen site>", line 722, in <module>
  File "<frozen site>", line 705, in main
  File "<frozen site>", line 624, in venv
OSError: [Errno 11] Resource deadlock avoided
Fatal Python error: init_import_site: Failed to import the site module
Python runtime state: initialized
Traceback (most recent call last):
  File "<frozen importlib._bootstrap>", line 1371, in _find_and_load
  File "<frozen importlib._bootstrap>", line 1342, in _find_and_load_unlocked
  File "<frozen importlib._bootstrap>", line 938, in _load_unlocked
  File "<frozen importlib._bootstrap>", line 1179, in exec_module
  File "<frozen site>", line 722, in <module>
  File "<frozen site>", line 705, in main
  File "<frozen site>", line 624, in venv
OSError: [Errno 11] Resource deadlock avoided
Fatal Python error: init_import_site: Failed to import the site module
Python runtime state: initialized
Traceback (most recent call last):
  File "<frozen importlib._bootstrap>", line 1371, in _find_and_load
  File "<frozen importlib._bootstrap>", line 1342, in _find_and_load_unlocked
  File "<frozen importlib._bootstrap>", line 938, in _load_unlocked
  File "<frozen importlib._bootstrap>", line 1179, in exec_module
  File "<frozen site>", line 722, in <module>
  File "<frozen site>", line 705, in main
  File "<frozen site>", line 624, in venv
OSError: [Errno 11] Resource deadlock avoided
Fatal Python error: init_import_site: Failed to import the site module
Python runtime state: initialized
Traceback (most recent call last):
  File "<frozen importlib._bootstrap>", line 1371, in _find_and_load
  File "<frozen importlib._bootstrap>", line 1342, in _find_and_load_unlocked
  File "<frozen importlib._bootstrap>", line 938, in _load_unlocked
  File "<frozen importlib._bootstrap>", line 1179, in exec_module
  File "<frozen site>", line 722, in <module>
  File "<frozen site>", line 705, in main
  File "<frozen site>", line 624, in venv
OSError: [Errno 11] Resource deadlock avoided
Fatal Python error: init_import_site: Failed to import the site module
Python runtime state: initialized
Traceback (most recent call last):
  File "<frozen importlib._bootstrap>", line 1371, in _find_and_load
  File "<frozen importlib._bootstrap>", line 1342, in _find_and_load_unlocked
  File "<frozen importlib._bootstrap>", line 938, in _load_unlocked
  File "<frozen importlib._bootstrap>", line 1179, in exec_module
  File "<frozen site>", line 722, in <module>
  File "<frozen site>", line 705, in main
  File "<frozen site>", line 624, in venv
OSError: [Errno 11] Resource deadlock avoided
Fatal Python error: init_import_site: Failed to import the site module
Python runtime state: initialized
Traceback (most recent call last):
  File "<frozen importlib._bootstrap>", line 1371, in _find_and_load
  File "<frozen importlib._bootstrap>", line 1342, in _find_and_load_unlocked
  File "<frozen importlib._bootstrap>", line 938, in _load_unlocked
  File "<frozen importlib._bootstrap>", line 1179, in exec_module
  File "<frozen site>", line 722, in <module>
  File "<frozen site>", line 705, in main
  File "<frozen site>", line 624, in venv
OSError: [Errno 11] Resource deadlock avoided
Fatal Python error: init_import_site: Failed to import the site module
Python runtime state: initialized
Traceback (most recent call last):
  File "<frozen importlib._bootstrap>", line 1371, in _find_and_load
  File "<frozen importlib._bootstrap>", line 1342, in _find_and_load_unlocked
  File "<frozen importlib._bootstrap>", line 938, in _load_unlocked
  File "<frozen importlib._bootstrap>", line 1179, in exec_module
  File "<frozen site>", line 722, in <module>
  File "<frozen site>", line 705, in main
  File "<frozen site>", line 624, in venv
OSError: [Errno 11] Resource deadlock avoided
Fatal Python error: init_import_site: Failed to import the site module
Python runtime state: initialized
Traceback (most recent call last):
  File "<frozen importlib._bootstrap>", line 1371, in _find_and_load
  File "<frozen importlib._bootstrap>", line 1342, in _find_and_load_unlocked
  File "<frozen importlib._bootstrap>", line 938, in _load_unlocked
  File "<frozen importlib._bootstrap>", line 1179, in exec_module
  File "<frozen site>", line 722, in <module>
  File "<frozen site>", line 705, in main
  File "<frozen site>", line 624, in venv
OSError: [Errno 11] Resource deadlock avoided
Fatal Python error: init_import_site: Failed to import the site module
Python runtime state: initialized
Traceback (most recent call last):
  File "<frozen importlib._bootstrap>", line 1371, in _find_and_load
  File "<frozen importlib._bootstrap>", line 1342, in _find_and_load_unlocked
  File "<frozen importlib._bootstrap>", line 938, in _load_unlocked
  File "<frozen importlib._bootstrap>", line 1179, in exec_module
  File "<frozen site>", line 722, in <module>
  File "<frozen site>", line 705, in main
  File "<frozen site>", line 624, in venv
OSError: [Errno 11] Resource deadlock avoided
Fatal Python error: init_import_site: Failed to import the site module
Python runtime state: initialized
Traceback (most recent call last):
  File "<frozen importlib._bootstrap>", line 1371, in _find_and_load
  File "<frozen importlib._bootstrap>", line 1342, in _find_and_load_unlocked
  File "<frozen importlib._bootstrap>", line 938, in _load_unlocked
  File "<frozen importlib._bootstrap>", line 1179, in exec_module
  File "<frozen site>", line 722, in <module>
  File "<frozen site>", line 705, in main
  File "<frozen site>", line 624, in venv
OSError: [Errno 11] Resource deadlock avoided
Fatal Python error: init_import_site: Failed to import the site module
Python runtime state: initialized
Traceback (most recent call last):
  File "<frozen importlib._bootstrap>", line 1371, in _find_and_load
  File "<frozen importlib._bootstrap>", line 1342, in _find_and_load_unlocked
  File "<frozen importlib._bootstrap>", line 938, in _load_unlocked
  File "<frozen importlib._bootstrap>", line 1179, in exec_module
  File "<frozen site>", line 722, in <module>
  File "<frozen site>", line 705, in main
  File "<frozen site>", line 624, in venv
OSError: [Errno 11] Resource deadlock avoided
Fatal Python error: init_import_site: Failed to import the site module
Python runtime state: initialized
Traceback (most recent call last):
  File "<frozen importlib._bootstrap>", line 1371, in _find_and_load
  File "<frozen importlib._bootstrap>", line 1342, in _find_and_load_unlocked
  File "<frozen importlib._bootstrap>", line 938, in _load_unlocked
  File "<frozen importlib._bootstrap>", line 1179, in exec_module
  File "<frozen site>", line 722, in <module>
  File "<frozen site>", line 705, in main
  File "<frozen site>", line 624, in venv
OSError: [Errno 11] Resource deadlock avoided
Fatal Python error: init_import_site: Failed to import the site module
Python runtime state: initialized
Traceback (most recent call last):
  File "<frozen importlib._bootstrap>", line 1371, in _find_and_load
  File "<frozen importlib._bootstrap>", line 1342, in _find_and_load_unlocked
  File "<frozen importlib._bootstrap>", line 938, in _load_unlocked
  File "<frozen importlib._bootstrap>", line 1179, in exec_module
  File "<frozen site>", line 722, in <module>
  File "<frozen site>", line 705, in main
  File "<frozen site>", line 624, in venv
OSError: [Errno 11] Resource deadlock avoided
Fatal Python error: init_import_site: Failed to import the site module
Python runtime state: initialized
Traceback (most recent call last):
  File "<frozen importlib._bootstrap>", line 1371, in _find_and_load
  File "<frozen importlib._bootstrap>", line 1342, in _find_and_load_unlocked
  File "<frozen importlib._bootstrap>", line 938, in _load_unlocked
  File "<frozen importlib._bootstrap>", line 1179, in exec_module
  File "<frozen site>", line 722, in <module>
  File "<frozen site>", line 705, in main
  File "<frozen site>", line 624, in venv
OSError: [Errno 11] Resource deadlock avoided
Fatal Python error: init_import_site: Failed to import the site module
Python runtime state: initialized
Traceback (most recent call last):
  File "<frozen importlib._bootstrap>", line 1371, in _find_and_load
  File "<frozen importlib._bootstrap>", line 1342, in _find_and_load_unlocked
  File "<frozen importlib._bootstrap>", line 938, in _load_unlocked
  File "<frozen importlib._bootstrap>", line 1179, in exec_module
  File "<frozen site>", line 722, in <module>
  File "<frozen site>", line 705, in main
  File "<frozen site>", line 624, in venv
OSError: [Errno 11] Resource deadlock avoided
Fatal Python error: init_import_site: Failed to import the site module
Python runtime state: initialized
Traceback (most recent call last):
  File "<frozen importlib._bootstrap>", line 1371, in _find_and_load
  File "<frozen importlib._bootstrap>", line 1342, in _find_and_load_unlocked
  File "<frozen importlib._bootstrap>", line 938, in _load_unlocked
  File "<frozen importlib._bootstrap>", line 1179, in exec_module
  File "<frozen site>", line 722, in <module>
  File "<frozen site>", line 705, in main
  File "<frozen site>", line 624, in venv
OSError: [Errno 11] Resource deadlock avoided
Fatal Python error: init_import_site: Failed to import the site module
Python runtime state: initialized
Traceback (most recent call last):
  File "<frozen importlib._bootstrap>", line 1371, in _find_and_load
  File "<frozen importlib._bootstrap>", line 1342, in _find_and_load_unlocked
  File "<frozen importlib._bootstrap>", line 938, in _load_unlocked
  File "<frozen importlib._bootstrap>", line 1179, in exec_module
  File "<frozen site>", line 722, in <module>
  File "<frozen site>", line 705, in main
  File "<frozen site>", line 624, in venv
OSError: [Errno 11] Resource deadlock avoided
Fatal Python error: init_import_site: Failed to import the site module
Python runtime state: initialized
Traceback (most recent call last):
  File "<frozen importlib._bootstrap>", line 1371, in _find_and_load
  File "<frozen importlib._bootstrap>", line 1342, in _find_and_load_unlocked
  File "<frozen importlib._bootstrap>", line 938, in _load_unlocked
  File "<frozen importlib._bootstrap>", line 1179, in exec_module
  File "<frozen site>", line 722, in <module>
  File "<frozen site>", line 705, in main
  File "<frozen site>", line 624, in venv
OSError: [Errno 11] Resource deadlock avoided
Fatal Python error: init_import_site: Failed to import the site module
Python runtime state: initialized
Traceback (most recent call last):
  File "<frozen importlib._bootstrap>", line 1371, in _find_and_load
  File "<frozen importlib._bootstrap>", line 1342, in _find_and_load_unlocked
  File "<frozen importlib._bootstrap>", line 938, in _load_unlocked
  File "<frozen importlib._bootstrap>", line 1179, in exec_module
  File "<frozen site>", line 722, in <module>
  File "<frozen site>", line 705, in main
  File "<frozen site>", line 624, in venv
OSError: [Errno 11] Resource deadlock avoided
Fatal Python error: init_import_site: Failed to import the site module
Python runtime state: initialized
Traceback (most recent call last):
  File "<frozen importlib._bootstrap>", line 1371, in _find_and_load
  File "<frozen importlib._bootstrap>", line 1342, in _find_and_load_unlocked
  File "<frozen importlib._bootstrap>", line 938, in _load_unlocked
  File "<frozen importlib._bootstrap>", line 1179, in exec_module
  File "<frozen site>", line 722, in <module>
  File "<frozen site>", line 705, in main
  File "<frozen site>", line 624, in venv
OSError: [Errno 11] Resource deadlock avoided
Fatal Python error: init_import_site: Failed to import the site module
Python runtime state: initialized
Traceback (most recent call last):
  File "<frozen importlib._bootstrap>", line 1371, in _find_and_load
  File "<frozen importlib._bootstrap>", line 1342, in _find_and_load_unlocked
  File "<frozen importlib._bootstrap>", line 938, in _load_unlocked
  File "<frozen importlib._bootstrap>", line 1179, in exec_module
  File "<frozen site>", line 722, in <module>
  File "<frozen site>", line 705, in main
  File "<frozen site>", line 624, in venv
OSError: [Errno 11] Resource deadlock avoided
Fatal Python error: init_import_site: Failed to import the site module
Python runtime state: initialized
Traceback (most recent call last):
  File "<frozen importlib._bootstrap>", line 1371, in _find_and_load
  File "<frozen importlib._bootstrap>", line 1342, in _find_and_load_unlocked
  File "<frozen importlib._bootstrap>", line 938, in _load_unlocked
  File "<frozen importlib._bootstrap>", line 1179, in exec_module
  File "<frozen site>", line 722, in <module>
  File "<frozen site>", line 705, in main
  File "<frozen site>", line 624, in venv
OSError: [Errno 11] Resource deadlock avoided
Fatal Python error: init_import_site: Failed to import the site module
Python runtime state: initialized
Traceback (most recent call last):
  File "<frozen importlib._bootstrap>", line 1371, in _find_and_load
  File "<frozen importlib._bootstrap>", line 1342, in _find_and_load_unlocked
  File "<frozen importlib._bootstrap>", line 938, in _load_unlocked
  File "<frozen importlib._bootstrap>", line 1179, in exec_module
  File "<frozen site>", line 722, in <module>
  File "<frozen site>", line 705, in main
  File "<frozen site>", line 624, in venv
OSError: [Errno 11] Resource deadlock avoided
Fatal Python error: init_import_site: Failed to import the site module
Python runtime state: initialized
Traceback (most recent call last):
  File "<frozen importlib._bootstrap>", line 1371, in _find_and_load
  File "<frozen importlib._bootstrap>", line 1342, in _find_and_load_unlocked
  File "<frozen importlib._bootstrap>", line 938, in _load_unlocked
  File "<frozen importlib._bootstrap>", line 1179, in exec_module
  File "<frozen site>", line 722, in <module>
  File "<frozen site>", line 705, in main
  File "<frozen site>", line 624, in venv
OSError: [Errno 11] Resource deadlock avoided
Fatal Python error: init_import_site: Failed to import the site module
Python runtime state: initialized
Traceback (most recent call last):
  File "<frozen importlib._bootstrap>", line 1371, in _find_and_load
  File "<frozen importlib._bootstrap>", line 1342, in _find_and_load_unlocked
  File "<frozen importlib._bootstrap>", line 938, in _load_unlocked
  File "<frozen importlib._bootstrap>", line 1179, in exec_module
  File "<frozen site>", line 722, in <module>
  File "<frozen site>", line 705, in main
  File "<frozen site>", line 624, in venv
OSError: [Errno 11] Resource deadlock avoided
Fatal Python error: init_import_site: Failed to import the site module
Python runtime state: initialized
Traceback (most recent call last):
  File "<frozen importlib._bootstrap>", line 1371, in _find_and_load
  File "<frozen importlib._bootstrap>", line 1342, in _find_and_load_unlocked
  File "<frozen importlib._bootstrap>", line 938, in _load_unlocked
  File "<frozen importlib._bootstrap>", line 1179, in exec_module
  File "<frozen site>", line 722, in <module>
  File "<frozen site>", line 705, in main
  File "<frozen site>", line 624, in venv
OSError: [Errno 11] Resource deadlock avoided
Fatal Python error: init_import_site: Failed to import the site module
Python runtime state: initialized
Traceback (most recent call last):
  File "<frozen importlib._bootstrap>", line 1371, in _find_and_load
  File "<frozen importlib._bootstrap>", line 1342, in _find_and_load_unlocked
  File "<frozen importlib._bootstrap>", line 938, in _load_unlocked
  File "<frozen importlib._bootstrap>", line 1179, in exec_module
  File "<frozen site>", line 722, in <module>
  File "<frozen site>", line 705, in main
  File "<frozen site>", line 624, in venv
OSError: [Errno 11] Resource deadlock avoided
Fatal Python error: init_import_site: Failed to import the site module
Python runtime state: initialized
Traceback (most recent call last):
  File "<frozen importlib._bootstrap>", line 1371, in _find_and_load
  File "<frozen importlib._bootstrap>", line 1342, in _find_and_load_unlocked
  File "<frozen importlib._bootstrap>", line 938, in _load_unlocked
  File "<frozen importlib._bootstrap>", line 1179, in exec_module
  File "<frozen site>", line 722, in <module>
  File "<frozen site>", line 705, in main
  File "<frozen site>", line 624, in venv
OSError: [Errno 11] Resource deadlock avoided
Fatal Python error: init_import_site: Failed to import the site module
Python runtime state: initialized
Traceback (most recent call last):
  File "<frozen importlib._bootstrap>", line 1371, in _find_and_load
  File "<frozen importlib._bootstrap>", line 1342, in _find_and_load_unlocked
  File "<frozen importlib._bootstrap>", line 938, in _load_unlocked
  File "<frozen importlib._bootstrap>", line 1179, in exec_module
  File "<frozen site>", line 722, in <module>
  File "<frozen site>", line 705, in main
  File "<frozen site>", line 624, in venv
OSError: [Errno 11] Resource deadlock avoided
Fatal Python error: init_import_site: Failed to import the site module
Python runtime state: initialized
Traceback (most recent call last):
  File "<frozen importlib._bootstrap>", line 1371, in _find_and_load
  File "<frozen importlib._bootstrap>", line 1342, in _find_and_load_unlocked
  File "<frozen importlib._bootstrap>", line 938, in _load_unlocked
  File "<frozen importlib._bootstrap>", line 1179, in exec_module
  File "<frozen site>", line 722, in <module>
  File "<frozen site>", line 705, in main
  File "<frozen site>", line 624, in venv
OSError: [Errno 11] Resource deadlock avoided
Fatal Python error: init_import_site: Failed to import the site module
Python runtime state: initialized
Traceback (most recent call last):
  File "<frozen importlib._bootstrap>", line 1371, in _find_and_load
  File "<frozen importlib._bootstrap>", line 1342, in _find_and_load_unlocked
  File "<frozen importlib._bootstrap>", line 938, in _load_unlocked
  File "<frozen importlib._bootstrap>", line 1179, in exec_module
  File "<frozen site>", line 722, in <module>
  File "<frozen site>", line 705, in main
  File "<frozen site>", line 624, in venv
OSError: [Errno 11] Resource deadlock avoided
Fatal Python error: init_import_site: Failed to import the site module
Python runtime state: initialized
Traceback (most recent call last):
  File "<frozen importlib._bootstrap>", line 1371, in _find_and_load
  File "<frozen importlib._bootstrap>", line 1342, in _find_and_load_unlocked
  File "<frozen importlib._bootstrap>", line 938, in _load_unlocked
  File "<frozen importlib._bootstrap>", line 1179, in exec_module
  File "<frozen site>", line 722, in <module>
  File "<frozen site>", line 705, in main
  File "<frozen site>", line 624, in venv
OSError: [Errno 11] Resource deadlock avoided
Fatal Python error: init_import_site: Failed to import the site module
Python runtime state: initialized
Traceback (most recent call last):
  File "<frozen importlib._bootstrap>", line 1371, in _find_and_load
  File "<frozen importlib._bootstrap>", line 1342, in _find_and_load_unlocked
  File "<frozen importlib._bootstrap>", line 938, in _load_unlocked
  File "<frozen importlib._bootstrap>", line 1179, in exec_module
  File "<frozen site>", line 722, in <module>
  File "<frozen site>", line 705, in main
  File "<frozen site>", line 624, in venv
OSError: [Errno 11] Resource deadlock avoided
Fatal Python error: init_import_site: Failed to import the site module
Python runtime state: initialized
Traceback (most recent call last):
  File "<frozen importlib._bootstrap>", line 1371, in _find_and_load
  File "<frozen importlib._bootstrap>", line 1342, in _find_and_load_unlocked
  File "<frozen importlib._bootstrap>", line 938, in _load_unlocked
  File "<frozen importlib._bootstrap>", line 1179, in exec_module
  File "<frozen site>", line 722, in <module>
  File "<frozen site>", line 705, in main
  File "<frozen site>", line 624, in venv
OSError: [Errno 11] Resource deadlock avoided
Fatal Python error: init_import_site: Failed to import the site module
Python runtime state: initialized
Traceback (most recent call last):
  File "<frozen importlib._bootstrap>", line 1371, in _find_and_load
  File "<frozen importlib._bootstrap>", line 1342, in _find_and_load_unlocked
  File "<frozen importlib._bootstrap>", line 938, in _load_unlocked
  File "<frozen importlib._bootstrap>", line 1179, in exec_module
  File "<frozen site>", line 722, in <module>
  File "<frozen site>", line 705, in main
  File "<frozen site>", line 624, in venv
OSError: [Errno 11] Resource deadlock avoided
Fatal Python error: init_import_site: Failed to import the site module
Python runtime state: initialized
Traceback (most recent call last):
  File "<frozen importlib._bootstrap>", line 1371, in _find_and_load
  File "<frozen importlib._bootstrap>", line 1342, in _find_and_load_unlocked
  File "<frozen importlib._bootstrap>", line 938, in _load_unlocked
  File "<frozen importlib._bootstrap>", line 1179, in exec_module
  File "<frozen site>", line 722, in <module>
  File "<frozen site>", line 705, in main
  File "<frozen site>", line 624, in venv
OSError: [Errno 11] Resource deadlock avoided
Fatal Python error: init_import_site: Failed to import the site module
Python runtime state: initialized
Traceback (most recent call last):
  File "<frozen importlib._bootstrap>", line 1371, in _find_and_load
  File "<frozen importlib._bootstrap>", line 1342, in _find_and_load_unlocked
  File "<frozen importlib._bootstrap>", line 938, in _load_unlocked
  File "<frozen importlib._bootstrap>", line 1179, in exec_module
  File "<frozen site>", line 722, in <module>
  File "<frozen site>", line 705, in main
  File "<frozen site>", line 624, in venv
OSError: [Errno 11] Resource deadlock avoided
Fatal Python error: init_import_site: Failed to import the site module
Python runtime state: initialized
Traceback (most recent call last):
  File "<frozen importlib._bootstrap>", line 1371, in _find_and_load
  File "<frozen importlib._bootstrap>", line 1342, in _find_and_load_unlocked
  File "<frozen importlib._bootstrap>", line 938, in _load_unlocked
  File "<frozen importlib._bootstrap>", line 1179, in exec_module
  File "<frozen site>", line 722, in <module>
  File "<frozen site>", line 705, in main
  File "<frozen site>", line 624, in venv
OSError: [Errno 11] Resource deadlock avoided
Fatal Python error: init_import_site: Failed to import the site module
Python runtime state: initialized
Traceback (most recent call last):
  File "<frozen importlib._bootstrap>", line 1371, in _find_and_load
  File "<frozen importlib._bootstrap>", line 1342, in _find_and_load_unlocked
  File "<frozen importlib._bootstrap>", line 938, in _load_unlocked
  File "<frozen importlib._bootstrap>", line 1179, in exec_module
  File "<frozen site>", line 722, in <module>
  File "<frozen site>", line 705, in main
  File "<frozen site>", line 624, in venv
OSError: [Errno 11] Resource deadlock avoided
Fatal Python error: init_import_site: Failed to import the site module
Python runtime state: initialized
Traceback (most recent call last):
  File "<frozen importlib._bootstrap>", line 1371, in _find_and_load
  File "<frozen importlib._bootstrap>", line 1342, in _find_and_load_unlocked
  File "<frozen importlib._bootstrap>", line 938, in _load_unlocked
  File "<frozen importlib._bootstrap>", line 1179, in exec_module
  File "<frozen site>", line 722, in <module>
  File "<frozen site>", line 705, in main
  File "<frozen site>", line 624, in venv
OSError: [Errno 11] Resource deadlock avoided
Fatal Python error: init_import_site: Failed to import the site module
Python runtime state: initialized
Traceback (most recent call last):
  File "<frozen importlib._bootstrap>", line 1371, in _find_and_load
  File "<frozen importlib._bootstrap>", line 1342, in _find_and_load_unlocked
  File "<frozen importlib._bootstrap>", line 938, in _load_unlocked
  File "<frozen importlib._bootstrap>", line 1179, in exec_module
  File "<frozen site>", line 722, in <module>
  File "<frozen site>", line 705, in main
  File "<frozen site>", line 624, in venv
OSError: [Errno 11] Resource deadlock avoided
Fatal Python error: init_import_site: Failed to import the site module
Python runtime state: initialized
Traceback (most recent call last):
  File "<frozen importlib._bootstrap>", line 1371, in _find_and_load
  File "<frozen importlib._bootstrap>", line 1342, in _find_and_load_unlocked
  File "<frozen importlib._bootstrap>", line 938, in _load_unlocked
  File "<frozen importlib._bootstrap>", line 1179, in exec_module
  File "<frozen site>", line 722, in <module>
  File "<frozen site>", line 705, in main
  File "<frozen site>", line 624, in venv
OSError: [Errno 11] Resource deadlock avoided
Fatal Python error: init_import_site: Failed to import the site module
Python runtime state: initialized
Traceback (most recent call last):
  File "<frozen importlib._bootstrap>", line 1371, in _find_and_load
  File "<frozen importlib._bootstrap>", line 1342, in _find_and_load_unlocked
  File "<frozen importlib._bootstrap>", line 938, in _load_unlocked
  File "<frozen importlib._bootstrap>", line 1179, in exec_module
  File "<frozen site>", line 722, in <module>
  File "<frozen site>", line 705, in main
  File "<frozen site>", line 624, in venv
OSError: [Errno 11] Resource deadlock avoided
Fatal Python error: init_import_site: Failed to import the site module
Python runtime state: initialized
Traceback (most recent call last):
  File "<frozen importlib._bootstrap>", line 1371, in _find_and_load
  File "<frozen importlib._bootstrap>", line 1342, in _find_and_load_unlocked
  File "<frozen importlib._bootstrap>", line 938, in _load_unlocked
  File "<frozen importlib._bootstrap>", line 1179, in exec_module
  File "<frozen site>", line 722, in <module>
  File "<frozen site>", line 705, in main
  File "<frozen site>", line 624, in venv
OSError: [Errno 11] Resource deadlock avoided
Fatal Python error: init_import_site: Failed to import the site module
Python runtime state: initialized
Traceback (most recent call last):
  File "<frozen importlib._bootstrap>", line 1371, in _find_and_load
  File "<frozen importlib._bootstrap>", line 1342, in _find_and_load_unlocked
  File "<frozen importlib._bootstrap>", line 938, in _load_unlocked
  File "<frozen importlib._bootstrap>", line 1179, in exec_module
  File "<frozen site>", line 722, in <module>
  File "<frozen site>", line 705, in main
  File "<frozen site>", line 624, in venv
OSError: [Errno 11] Resource deadlock avoided
Fatal Python error: init_import_site: Failed to import the site module
Python runtime state: initialized
Traceback (most recent call last):
  File "<frozen importlib._bootstrap>", line 1371, in _find_and_load
  File "<frozen importlib._bootstrap>", line 1342, in _find_and_load_unlocked
  File "<frozen importlib._bootstrap>", line 938, in _load_unlocked
  File "<frozen importlib._bootstrap>", line 1179, in exec_module
  File "<frozen site>", line 722, in <module>
  File "<frozen site>", line 705, in main
  File "<frozen site>", line 624, in venv
OSError: [Errno 11] Resource deadlock avoided
Fatal Python error: init_import_site: Failed to import the site module
Python runtime state: initialized
Traceback (most recent call last):
  File "<frozen importlib._bootstrap>", line 1371, in _find_and_load
  File "<frozen importlib._bootstrap>", line 1342, in _find_and_load_unlocked
  File "<frozen importlib._bootstrap>", line 938, in _load_unlocked
  File "<frozen importlib._bootstrap>", line 1179, in exec_module
  File "<frozen site>", line 722, in <module>
  File "<frozen site>", line 705, in main
  File "<frozen site>", line 624, in venv
OSError: [Errno 11] Resource deadlock avoided
Fatal Python error: init_import_site: Failed to import the site module
Python runtime state: initialized
Traceback (most recent call last):
  File "<frozen importlib._bootstrap>", line 1371, in _find_and_load
  File "<frozen importlib._bootstrap>", line 1342, in _find_and_load_unlocked
  File "<frozen importlib._bootstrap>", line 938, in _load_unlocked
  File "<frozen importlib._bootstrap>", line 1179, in exec_module
  File "<frozen site>", line 722, in <module>
  File "<frozen site>", line 705, in main
  File "<frozen site>", line 624, in venv
OSError: [Errno 11] Resource deadlock avoided
Fatal Python error: init_import_site: Failed to import the site module
Python runtime state: initialized
Traceback (most recent call last):
  File "<frozen importlib._bootstrap>", line 1371, in _find_and_load
  File "<frozen importlib._bootstrap>", line 1342, in _find_and_load_unlocked
  File "<frozen importlib._bootstrap>", line 938, in _load_unlocked
  File "<frozen importlib._bootstrap>", line 1179, in exec_module
  File "<frozen site>", line 722, in <module>
  File "<frozen site>", line 705, in main
  File "<frozen site>", line 624, in venv
OSError: [Errno 11] Resource deadlock avoided
Fatal Python error: init_import_site: Failed to import the site module
Python runtime state: initialized
Traceback (most recent call last):
  File "<frozen importlib._bootstrap>", line 1371, in _find_and_load
  File "<frozen importlib._bootstrap>", line 1342, in _find_and_load_unlocked
  File "<frozen importlib._bootstrap>", line 938, in _load_unlocked
  File "<frozen importlib._bootstrap>", line 1179, in exec_module
  File "<frozen site>", line 722, in <module>
  File "<frozen site>", line 705, in main
  File "<frozen site>", line 624, in venv
OSError: [Errno 11] Resource deadlock avoided
Fatal Python error: init_import_site: Failed to import the site module
Python runtime state: initialized
Traceback (most recent call last):
  File "<frozen importlib._bootstrap>", line 1371, in _find_and_load
  File "<frozen importlib._bootstrap>", line 1342, in _find_and_load_unlocked
  File "<frozen importlib._bootstrap>", line 938, in _load_unlocked
  File "<frozen importlib._bootstrap>", line 1179, in exec_module
  File "<frozen site>", line 722, in <module>
  File "<frozen site>", line 705, in main
  File "<frozen site>", line 624, in venv
OSError: [Errno 11] Resource deadlock avoided
Fatal Python error: init_import_site: Failed to import the site module
Python runtime state: initialized
Traceback (most recent call last):
  File "<frozen importlib._bootstrap>", line 1371, in _find_and_load
  File "<frozen importlib._bootstrap>", line 1342, in _find_and_load_unlocked
  File "<frozen importlib._bootstrap>", line 938, in _load_unlocked
  File "<frozen importlib._bootstrap>", line 1179, in exec_module
  File "<frozen site>", line 722, in <module>
  File "<frozen site>", line 705, in main
  File "<frozen site>", line 624, in venv
OSError: [Errno 11] Resource deadlock avoided
Fatal Python error: init_import_site: Failed to import the site module
Python runtime state: initialized
Traceback (most recent call last):
  File "<frozen importlib._bootstrap>", line 1371, in _find_and_load
  File "<frozen importlib._bootstrap>", line 1342, in _find_and_load_unlocked
  File "<frozen importlib._bootstrap>", line 938, in _load_unlocked
  File "<frozen importlib._bootstrap>", line 1179, in exec_module
  File "<frozen site>", line 722, in <module>
  File "<frozen site>", line 705, in main
  File "<frozen site>", line 624, in venv
OSError: [Errno 11] Resource deadlock avoided
Fatal Python error: init_import_site: Failed to import the site module
Python runtime state: initialized
Traceback (most recent call last):
  File "<frozen importlib._bootstrap>", line 1371, in _find_and_load
  File "<frozen importlib._bootstrap>", line 1342, in _find_and_load_unlocked
  File "<frozen importlib._bootstrap>", line 938, in _load_unlocked
  File "<frozen importlib._bootstrap>", line 1179, in exec_module
  File "<frozen site>", line 722, in <module>
  File "<frozen site>", line 705, in main
  File "<frozen site>", line 624, in venv
OSError: [Errno 11] Resource deadlock avoided
Fatal Python error: init_import_site: Failed to import the site module
Python runtime state: initialized
Traceback (most recent call last):
  File "<frozen importlib._bootstrap>", line 1371, in _find_and_load
  File "<frozen importlib._bootstrap>", line 1342, in _find_and_load_unlocked
  File "<frozen importlib._bootstrap>", line 938, in _load_unlocked
  File "<frozen importlib._bootstrap>", line 1179, in exec_module
  File "<frozen site>", line 722, in <module>
  File "<frozen site>", line 705, in main
  File "<frozen site>", line 624, in venv
OSError: [Errno 11] Resource deadlock avoided
Fatal Python error: init_import_site: Failed to import the site module
Python runtime state: initialized
Traceback (most recent call last):
  File "<frozen importlib._bootstrap>", line 1371, in _find_and_load
  File "<frozen importlib._bootstrap>", line 1342, in _find_and_load_unlocked
  File "<frozen importlib._bootstrap>", line 938, in _load_unlocked
  File "<frozen importlib._bootstrap>", line 1179, in exec_module
  File "<frozen site>", line 722, in <module>
  File "<frozen site>", line 705, in main
  File "<frozen site>", line 624, in venv
OSError: [Errno 11] Resource deadlock avoided
Fatal Python error: init_import_site: Failed to import the site module
Python runtime state: initialized
Traceback (most recent call last):
  File "<frozen importlib._bootstrap>", line 1371, in _find_and_load
  File "<frozen importlib._bootstrap>", line 1342, in _find_and_load_unlocked
  File "<frozen importlib._bootstrap>", line 938, in _load_unlocked
  File "<frozen importlib._bootstrap>", line 1179, in exec_module
  File "<frozen site>", line 722, in <module>
  File "<frozen site>", line 705, in main
  File "<frozen site>", line 624, in venv
OSError: [Errno 11] Resource deadlock avoided
Fatal Python error: init_import_site: Failed to import the site module
Python runtime state: initialized
Traceback (most recent call last):
  File "<frozen importlib._bootstrap>", line 1371, in _find_and_load
  File "<frozen importlib._bootstrap>", line 1342, in _find_and_load_unlocked
  File "<frozen importlib._bootstrap>", line 938, in _load_unlocked
  File "<frozen importlib._bootstrap>", line 1179, in exec_module
  File "<frozen site>", line 722, in <module>
  File "<frozen site>", line 705, in main
  File "<frozen site>", line 624, in venv
OSError: [Errno 11] Resource deadlock avoided
Fatal Python error: init_import_site: Failed to import the site module
Python runtime state: initialized
Traceback (most recent call last):
  File "<frozen importlib._bootstrap>", line 1371, in _find_and_load
  File "<frozen importlib._bootstrap>", line 1342, in _find_and_load_unlocked
  File "<frozen importlib._bootstrap>", line 938, in _load_unlocked
  File "<frozen importlib._bootstrap>", line 1179, in exec_module
  File "<frozen site>", line 722, in <module>
  File "<frozen site>", line 705, in main
  File "<frozen site>", line 624, in venv
OSError: [Errno 11] Resource deadlock avoided
Fatal Python error: init_import_site: Failed to import the site module
Python runtime state: initialized
Traceback (most recent call last):
  File "<frozen importlib._bootstrap>", line 1371, in _find_and_load
  File "<frozen importlib._bootstrap>", line 1342, in _find_and_load_unlocked
  File "<frozen importlib._bootstrap>", line 938, in _load_unlocked
  File "<frozen importlib._bootstrap>", line 1179, in exec_module
  File "<frozen site>", line 722, in <module>
  File "<frozen site>", line 705, in main
  File "<frozen site>", line 624, in venv
OSError: [Errno 11] Resource deadlock avoided
Fatal Python error: init_import_site: Failed to import the site module
Python runtime state: initialized
Traceback (most recent call last):
  File "<frozen importlib._bootstrap>", line 1371, in _find_and_load
  File "<frozen importlib._bootstrap>", line 1342, in _find_and_load_unlocked
  File "<frozen importlib._bootstrap>", line 938, in _load_unlocked
  File "<frozen importlib._bootstrap>", line 1179, in exec_module
  File "<frozen site>", line 722, in <module>
  File "<frozen site>", line 705, in main
  File "<frozen site>", line 624, in venv
OSError: [Errno 11] Resource deadlock avoided
Fatal Python error: init_import_site: Failed to import the site module
Python runtime state: initialized
Traceback (most recent call last):
  File "<frozen importlib._bootstrap>", line 1371, in _find_and_load
  File "<frozen importlib._bootstrap>", line 1342, in _find_and_load_unlocked
  File "<frozen importlib._bootstrap>", line 938, in _load_unlocked
  File "<frozen importlib._bootstrap>", line 1179, in exec_module
  File "<frozen site>", line 722, in <module>
  File "<frozen site>", line 705, in main
  File "<frozen site>", line 624, in venv
OSError: [Errno 11] Resource deadlock avoided
Fatal Python error: init_import_site: Failed to import the site module
Python runtime state: initialized
Traceback (most recent call last):
  File "<frozen importlib._bootstrap>", line 1371, in _find_and_load
  File "<frozen importlib._bootstrap>", line 1342, in _find_and_load_unlocked
  File "<frozen importlib._bootstrap>", line 938, in _load_unlocked
  File "<frozen importlib._bootstrap>", line 1179, in exec_module
  File "<frozen site>", line 722, in <module>
  File "<frozen site>", line 705, in main
  File "<frozen site>", line 624, in venv
OSError: [Errno 11] Resource deadlock avoided
Fatal Python error: init_import_site: Failed to import the site module
Python runtime state: initialized
Traceback (most recent call last):
  File "<frozen importlib._bootstrap>", line 1371, in _find_and_load
  File "<frozen importlib._bootstrap>", line 1342, in _find_and_load_unlocked
  File "<frozen importlib._bootstrap>", line 938, in _load_unlocked
  File "<frozen importlib._bootstrap>", line 1179, in exec_module
  File "<frozen site>", line 722, in <module>
  File "<frozen site>", line 705, in main
  File "<frozen site>", line 624, in venv
OSError: [Errno 11] Resource deadlock avoided
Traceback (most recent call last):
  File "<frozen runpy>", line 189, in _run_module_as_main
  File "<frozen runpy>", line 148, in _get_module_details
  File "<frozen runpy>", line 112, in _get_module_details
  File "<frozen importlib._bootstrap>", line 1371, in _find_and_load
  File "<frozen importlib._bootstrap>", line 1342, in _find_and_load_unlocked
  File "<frozen importlib._bootstrap>", line 938, in _load_unlocked
  File "<frozen importlib._bootstrap_external>", line 758, in exec_module
  File "<frozen importlib._bootstrap_external>", line 895, in get_code
  File "<frozen importlib._bootstrap_external>", line 954, in get_data
OSError: [Errno 11] Resource deadlock avoided
Traceback (most recent call last):
  File "<frozen runpy>", line 189, in _run_module_as_main
  File "<frozen runpy>", line 148, in _get_module_details
  File "<frozen runpy>", line 112, in _get_module_details
  File "/Users/wondokyeong/Desktop/Penny_Stock/src/penny_stock_radar/__init__.py", line 3, in <module>
    from .config import AppSettings, get_settings
  File "/Users/wondokyeong/Desktop/Penny_Stock/src/penny_stock_radar/config.py", line 6, in <module>
    from pydantic import Field, field_validator
  File "/Users/wondokyeong/Desktop/Penny_Stock/.venv/lib/python3.14/site-packages/pydantic/__init__.py", line 5, in <module>
    from ._migration import getattr_migration
  File "/Users/wondokyeong/Desktop/Penny_Stock/.venv/lib/python3.14/site-packages/pydantic/_migration.py", line 4, in <module>
  File "/Users/wondokyeong/Desktop/Penny_Stock/.venv/lib/python3.14/site-packages/pydantic/warnings.py", line 5, in <module>
  File "/Users/wondokyeong/Desktop/Penny_Stock/.venv/lib/python3.14/site-packages/pydantic/version.py", line 7, in <module>
  File "/Users/wondokyeong/Desktop/Penny_Stock/.venv/lib/python3.14/site-packages/pydantic_core/__init__.py", line 31, in <module>
  File "<frozen importlib._bootstrap>", line 1371, in _find_and_load
  File "<frozen importlib._bootstrap>", line 1342, in _find_and_load_unlocked
  File "<frozen importlib._bootstrap>", line 938, in _load_unlocked
  File "<frozen importlib._bootstrap_external>", line 758, in exec_module
  File "<frozen importlib._bootstrap_external>", line 895, in get_code
  File "<frozen importlib._bootstrap_external>", line 954, in get_data
OSError: [Errno 11] Resource deadlock avoided
Traceback (most recent call last):
  File "<frozen runpy>", line 189, in _run_module_as_main
  File "<frozen runpy>", line 148, in _get_module_details
  File "<frozen runpy>", line 112, in _get_module_details
  File "/Users/wondokyeong/Desktop/Penny_Stock/src/penny_stock_radar/__init__.py", line 3, in <module>
    from .config import AppSettings, get_settings
  File "/Users/wondokyeong/Desktop/Penny_Stock/src/penny_stock_radar/config.py", line 6, in <module>
    from pydantic import Field, field_validator
  File "<frozen importlib._bootstrap>", line 1423, in _handle_fromlist
  File "/Users/wondokyeong/Desktop/Penny_Stock/.venv/lib/python3.14/site-packages/pydantic/__init__.py", line 446, in __getattr__
    module = import_module(module_name, package=package)
  File "/opt/homebrew/Cellar/python@3.14/3.14.0_1/Frameworks/Python.framework/Versions/3.14/lib/python3.14/importlib/__init__.py", line 88, in import_module
    return _bootstrap._gcd_import(name[level:], package, level)
           ~~~~~~~~~~~~~~~~~~~~~~^^^^^^^^^^^^^^^^^^^^^^^^^^^^^^
  File "/Users/wondokyeong/Desktop/Penny_Stock/.venv/lib/python3.14/site-packages/pydantic/fields.py", line 23, in <module>
  File "/Users/wondokyeong/Desktop/Penny_Stock/.venv/lib/python3.14/site-packages/pydantic/types.py", line 35, in <module>
    from ._internal import _fields, _internal_dataclass, _utils, _validators
  File "<frozen importlib._bootstrap>", line 1371, in _find_and_load
  File "<frozen importlib._bootstrap>", line 1342, in _find_and_load_unlocked
  File "<frozen importlib._bootstrap>", line 938, in _load_unlocked
  File "<frozen importlib._bootstrap_external>", line 758, in exec_module
  File "<frozen importlib._bootstrap_external>", line 895, in get_code
  File "<frozen importlib._bootstrap_external>", line 954, in get_data
OSError: [Errno 11] Resource deadlock avoided
Traceback (most recent call last):
  File "<frozen runpy>", line 189, in _run_module_as_main
  File "<frozen runpy>", line 148, in _get_module_details
  File "<frozen runpy>", line 112, in _get_module_details
  File "/Users/wondokyeong/Desktop/Penny_Stock/src/penny_stock_radar/__init__.py", line 3, in <module>
    from .config import AppSettings, get_settings
  File "/Users/wondokyeong/Desktop/Penny_Stock/src/penny_stock_radar/config.py", line 6, in <module>
    from pydantic import Field, field_validator
  File "<frozen importlib._bootstrap>", line 1423, in _handle_fromlist
  File "/Users/wondokyeong/Desktop/Penny_Stock/.venv/lib/python3.14/site-packages/pydantic/__init__.py", line 446, in __getattr__
    module = import_module(module_name, package=package)
  File "/opt/homebrew/Cellar/python@3.14/3.14.0_1/Frameworks/Python.framework/Versions/3.14/lib/python3.14/importlib/__init__.py", line 88, in import_module
    return _bootstrap._gcd_import(name[level:], package, level)
           ~~~~~~~~~~~~~~~~~~~~~~^^^^^^^^^^^^^^^^^^^^^^^^^^^^^^
  File "/Users/wondokyeong/Desktop/Penny_Stock/.venv/lib/python3.14/site-packages/pydantic/fields.py", line 23, in <module>
  File "/Users/wondokyeong/Desktop/Penny_Stock/.venv/lib/python3.14/site-packages/pydantic/types.py", line 39, in <module>
    from .json_schema import JsonSchemaValue
  File "/Users/wondokyeong/Desktop/Penny_Stock/.venv/lib/python3.14/site-packages/pydantic/json_schema.py", line 46, in <module>
  File "<frozen importlib._bootstrap>", line 1371, in _find_and_load
  File "<frozen importlib._bootstrap>", line 1342, in _find_and_load_unlocked
  File "<frozen importlib._bootstrap>", line 938, in _load_unlocked
  File "<frozen importlib._bootstrap_external>", line 758, in exec_module
  File "<frozen importlib._bootstrap_external>", line 895, in get_code
  File "<frozen importlib._bootstrap_external>", line 954, in get_data
OSError: [Errno 11] Resource deadlock avoided
Traceback (most recent call last):
  File "<frozen runpy>", line 189, in _run_module_as_main
  File "<frozen runpy>", line 148, in _get_module_details
  File "<frozen runpy>", line 112, in _get_module_details
  File "/Users/wondokyeong/Desktop/Penny_Stock/src/penny_stock_radar/__init__.py", line 3, in <module>
    from .config import AppSettings, get_settings
  File "/Users/wondokyeong/Desktop/Penny_Stock/src/penny_stock_radar/config.py", line 7, in <module>
    from pydantic_settings import BaseSettings, SettingsConfigDict
  File "/Users/wondokyeong/Desktop/Penny_Stock/.venv/lib/python3.14/site-packages/pydantic_settings/__init__.py", line 2, in <module>
  File "/Users/wondokyeong/Desktop/Penny_Stock/.venv/lib/python3.14/site-packages/pydantic_settings/main.py", line 17, in <module>
  File "/Users/wondokyeong/Desktop/Penny_Stock/.venv/lib/python3.14/site-packages/pydantic/dataclasses.py", line 15, in <module>
  File "/Users/wondokyeong/Desktop/Penny_Stock/.venv/lib/python3.14/site-packages/pydantic/_internal/_dataclasses.py", line 28, in <module>
  File "/Users/wondokyeong/Desktop/Penny_Stock/.venv/lib/python3.14/site-packages/pydantic/_internal/_generate_schema.py", line 106, in <module>
  File "<frozen importlib._bootstrap>", line 1371, in _find_and_load
  File "<frozen importlib._bootstrap>", line 1342, in _find_and_load_unlocked
  File "<frozen importlib._bootstrap>", line 938, in _load_unlocked
  File "<frozen importlib._bootstrap_external>", line 758, in exec_module
  File "<frozen importlib._bootstrap_external>", line 895, in get_code
  File "<frozen importlib._bootstrap_external>", line 954, in get_data
OSError: [Errno 11] Resource deadlock avoided
Traceback (most recent call last):
  File "<frozen runpy>", line 189, in _run_module_as_main
  File "<frozen runpy>", line 148, in _get_module_details
  File "<frozen runpy>", line 112, in _get_module_details
  File "/Users/wondokyeong/Desktop/Penny_Stock/src/penny_stock_radar/__init__.py", line 3, in <module>
    from .config import AppSettings, get_settings
  File "/Users/wondokyeong/Desktop/Penny_Stock/src/penny_stock_radar/config.py", line 7, in <module>
    from pydantic_settings import BaseSettings, SettingsConfigDict
  File "/Users/wondokyeong/Desktop/Penny_Stock/.venv/lib/python3.14/site-packages/pydantic_settings/__init__.py", line 2, in <module>
  File "/Users/wondokyeong/Desktop/Penny_Stock/.venv/lib/python3.14/site-packages/pydantic_settings/main.py", line 21, in <module>
  File "/Users/wondokyeong/Desktop/Penny_Stock/.venv/lib/python3.14/site-packages/pydantic_settings/sources/__init__.py", line 3, in <module>
  File "/Users/wondokyeong/Desktop/Penny_Stock/.venv/lib/python3.14/site-packages/pydantic_settings/sources/base.py", line 23, in <module>
  File "/Users/wondokyeong/Desktop/Penny_Stock/.venv/lib/python3.14/site-packages/pydantic_settings/sources/utils.py", line 11, in <module>
  File "<frozen importlib._bootstrap>", line 1423, in _handle_fromlist
  File "/Users/wondokyeong/Desktop/Penny_Stock/.venv/lib/python3.14/site-packages/pydantic/__init__.py", line 446, in __getattr__
    module = import_module(module_name, package=package)
  File "/opt/homebrew/Cellar/python@3.14/3.14.0_1/Frameworks/Python.framework/Versions/3.14/lib/python3.14/importlib/__init__.py", line 88, in import_module
    return _bootstrap._gcd_import(name[level:], package, level)
           ~~~~~~~~~~~~~~~~~~~~~~^^^^^^^^^^^^^^^^^^^^^^^^^^^^^^
  File "/Users/wondokyeong/Desktop/Penny_Stock/.venv/lib/python3.14/site-packages/pydantic/root_model.py", line 32, in <module>
  File "/Users/wondokyeong/Desktop/Penny_Stock/.venv/lib/python3.14/site-packages/pydantic/_internal/_model_construction.py", line 255, in __new__
  File "/Users/wondokyeong/Desktop/Penny_Stock/.venv/lib/python3.14/site-packages/pydantic/_internal/_model_construction.py", line 671, in complete_model_class
  File "/Users/wondokyeong/Desktop/Penny_Stock/.venv/lib/python3.14/site-packages/pydantic/plugin/_schema_validator.py", line 39, in create_schema_validator
  File "/Users/wondokyeong/Desktop/Penny_Stock/.venv/lib/python3.14/site-packages/pydantic/plugin/_loader.py", line 40, in get_plugins
  File "/opt/homebrew/Cellar/python@3.14/3.14.0_1/Frameworks/Python.framework/Versions/3.14/lib/python3.14/importlib/metadata/__init__.py", line 496, in entry_points
    return EntryPoints._from_text_for(self.read_text('entry_points.txt'), self)
                                      ~~~~~~~~~~~~~~^^^^^^^^^^^^^^^^^^^^
  File "/opt/homebrew/Cellar/python@3.14/3.14.0_1/Frameworks/Python.framework/Versions/3.14/lib/python3.14/importlib/metadata/__init__.py", line 915, in read_text
    return self._path.joinpath(filename).read_text(encoding='utf-8')
           ~~~~~~~~~~~~~~~~~~~~~~~~~~~~~~~~~~~~~~~^^^^^^^^^^^^^^^^^^
  File "/opt/homebrew/Cellar/python@3.14/3.14.0_1/Frameworks/Python.framework/Versions/3.14/lib/python3.14/pathlib/__init__.py", line 793, in read_text
    return f.read()
           ~~~~~~^^
OSError: [Errno 11] Resource deadlock avoided
Traceback (most recent call last):
  File "<frozen runpy>", line 189, in _run_module_as_main
  File "<frozen runpy>", line 148, in _get_module_details
  File "<frozen runpy>", line 112, in _get_module_details
  File "/Users/wondokyeong/Desktop/Penny_Stock/src/penny_stock_radar/__init__.py", line 3, in <module>
    from .config import AppSettings, get_settings
  File "/Users/wondokyeong/Desktop/Penny_Stock/src/penny_stock_radar/config.py", line 7, in <module>
    from pydantic_settings import BaseSettings, SettingsConfigDict
  File "/Users/wondokyeong/Desktop/Penny_Stock/.venv/lib/python3.14/site-packages/pydantic_settings/__init__.py", line 2, in <module>
  File "/Users/wondokyeong/Desktop/Penny_Stock/.venv/lib/python3.14/site-packages/pydantic_settings/main.py", line 21, in <module>
  File "/Users/wondokyeong/Desktop/Penny_Stock/.venv/lib/python3.14/site-packages/pydantic_settings/sources/__init__.py", line 11, in <module>
  File "<frozen importlib._bootstrap>", line 1371, in _find_and_load
  File "<frozen importlib._bootstrap>", line 1342, in _find_and_load_unlocked
  File "<frozen importlib._bootstrap>", line 938, in _load_unlocked
  File "<frozen importlib._bootstrap_external>", line 758, in exec_module
  File "<frozen importlib._bootstrap_external>", line 895, in get_code
  File "<frozen importlib._bootstrap_external>", line 954, in get_data
OSError: [Errno 11] Resource deadlock avoided
Traceback (most recent call last):
  File "<frozen runpy>", line 198, in _run_module_as_main
  File "<frozen runpy>", line 88, in _run_code
  File "/Users/wondokyeong/Desktop/Penny_Stock/src/penny_stock_radar/__main__.py", line 1, in <module>
    from .cli import app
  File "/Users/wondokyeong/Desktop/Penny_Stock/src/penny_stock_radar/cli.py", line 7, in <module>
    import typer
  File "<frozen importlib._bootstrap>", line 1371, in _find_and_load
  File "<frozen importlib._bootstrap>", line 1342, in _find_and_load_unlocked
  File "<frozen importlib._bootstrap>", line 938, in _load_unlocked
  File "<frozen importlib._bootstrap_external>", line 758, in exec_module
  File "<frozen importlib._bootstrap_external>", line 895, in get_code
  File "<frozen importlib._bootstrap_external>", line 954, in get_data
OSError: [Errno 11] Resource deadlock avoided
Traceback (most recent call last):
  File "<frozen runpy>", line 198, in _run_module_as_main
  File "<frozen runpy>", line 88, in _run_code
  File "/Users/wondokyeong/Desktop/Penny_Stock/src/penny_stock_radar/__main__.py", line 1, in <module>
    from .cli import app
  File "/Users/wondokyeong/Desktop/Penny_Stock/src/penny_stock_radar/cli.py", line 7, in <module>
    import typer
  File "/Users/wondokyeong/Desktop/Penny_Stock/.venv/lib/python3.14/site-packages/typer/__init__.py", line 28, in <module>
  File "<frozen importlib._bootstrap>", line 1371, in _find_and_load
  File "<frozen importlib._bootstrap>", line 1342, in _find_and_load_unlocked
  File "<frozen importlib._bootstrap>", line 938, in _load_unlocked
  File "<frozen importlib._bootstrap_external>", line 758, in exec_module
  File "<frozen importlib._bootstrap_external>", line 895, in get_code
  File "<frozen importlib._bootstrap_external>", line 954, in get_data
OSError: [Errno 11] Resource deadlock avoided
Traceback (most recent call last):
  File "<frozen runpy>", line 198, in _run_module_as_main
  File "<frozen runpy>", line 88, in _run_code
  File "/Users/wondokyeong/Desktop/Penny_Stock/src/penny_stock_radar/__main__.py", line 1, in <module>
    from .cli import app
  File "/Users/wondokyeong/Desktop/Penny_Stock/src/penny_stock_radar/cli.py", line 8, in <module>
    from rich.console import Console
  File "<frozen importlib._bootstrap>", line 1371, in _find_and_load
  File "<frozen importlib._bootstrap>", line 1342, in _find_and_load_unlocked
  File "<frozen importlib._bootstrap>", line 938, in _load_unlocked
  File "<frozen importlib._bootstrap_external>", line 758, in exec_module
  File "<frozen importlib._bootstrap_external>", line 895, in get_code
  File "<frozen importlib._bootstrap_external>", line 954, in get_data
OSError: [Errno 11] Resource deadlock avoided
Traceback (most recent call last):
  File "<frozen runpy>", line 198, in _run_module_as_main
  File "<frozen runpy>", line 88, in _run_code
  File "/Users/wondokyeong/Desktop/Penny_Stock/src/penny_stock_radar/__main__.py", line 1, in <module>
    from .cli import app
  File "/Users/wondokyeong/Desktop/Penny_Stock/src/penny_stock_radar/cli.py", line 8, in <module>
    from rich.console import Console
  File "/Users/wondokyeong/Desktop/Penny_Stock/.venv/lib/python3.14/site-packages/rich/console.py", line 49, in <module>
  File "<frozen importlib._bootstrap>", line 1371, in _find_and_load
  File "<frozen importlib._bootstrap>", line 1342, in _find_and_load_unlocked
  File "<frozen importlib._bootstrap>", line 938, in _load_unlocked
  File "<frozen importlib._bootstrap_external>", line 758, in exec_module
  File "<frozen importlib._bootstrap_external>", line 895, in get_code
  File "<frozen importlib._bootstrap_external>", line 954, in get_data
OSError: [Errno 11] Resource deadlock avoided
Traceback (most recent call last):
  File "<frozen runpy>", line 198, in _run_module_as_main
  File "<frozen runpy>", line 88, in _run_code
  File "/Users/wondokyeong/Desktop/Penny_Stock/src/penny_stock_radar/__main__.py", line 1, in <module>
    from .cli import app
  File "/Users/wondokyeong/Desktop/Penny_Stock/src/penny_stock_radar/cli.py", line 8, in <module>
    from rich.console import Console
  File "/Users/wondokyeong/Desktop/Penny_Stock/.venv/lib/python3.14/site-packages/rich/console.py", line 58, in <module>
  File "<frozen importlib._bootstrap>", line 1371, in _find_and_load
  File "<frozen importlib._bootstrap>", line 1342, in _find_and_load_unlocked
  File "<frozen importlib._bootstrap>", line 938, in _load_unlocked
  File "<frozen importlib._bootstrap_external>", line 758, in exec_module
  File "<frozen importlib._bootstrap_external>", line 895, in get_code
  File "<frozen importlib._bootstrap_external>", line 954, in get_data
OSError: [Errno 11] Resource deadlock avoided
Traceback (most recent call last):
  File "<frozen runpy>", line 198, in _run_module_as_main
  File "<frozen runpy>", line 88, in _run_code
  File "/Users/wondokyeong/Desktop/Penny_Stock/src/penny_stock_radar/__main__.py", line 1, in <module>
    from .cli import app
  File "/Users/wondokyeong/Desktop/Penny_Stock/src/penny_stock_radar/cli.py", line 8, in <module>
    from rich.console import Console
  File "/Users/wondokyeong/Desktop/Penny_Stock/.venv/lib/python3.14/site-packages/rich/console.py", line 62, in <module>
  File "/Users/wondokyeong/Desktop/Penny_Stock/.venv/lib/python3.14/site-packages/rich/scope.py", line 5, in <module>
  File "/Users/wondokyeong/Desktop/Penny_Stock/.venv/lib/python3.14/site-packages/rich/panel.py", line 8, in <module>
  File "<frozen importlib._bootstrap>", line 1371, in _find_and_load
  File "<frozen importlib._bootstrap>", line 1342, in _find_and_load_unlocked
  File "<frozen importlib._bootstrap>", line 938, in _load_unlocked
  File "<frozen importlib._bootstrap_external>", line 758, in exec_module
  File "<frozen importlib._bootstrap_external>", line 895, in get_code
  File "<frozen importlib._bootstrap_external>", line 954, in get_data
OSError: [Errno 11] Resource deadlock avoided
Traceback (most recent call last):
  File "<frozen runpy>", line 198, in _run_module_as_main
  File "<frozen runpy>", line 88, in _run_code
  File "/Users/wondokyeong/Desktop/Penny_Stock/src/penny_stock_radar/__main__.py", line 1, in <module>
    from .cli import app
  File "/Users/wondokyeong/Desktop/Penny_Stock/src/penny_stock_radar/cli.py", line 11, in <module>
    from .ai_supervisor import AISupervisor, build_gemini_reviewer
  File "/Users/wondokyeong/Desktop/Penny_Stock/src/penny_stock_radar/ai_supervisor.py", line 14, in <module>
    import httpx
  File "/Users/wondokyeong/Desktop/Penny_Stock/.venv/lib/python3.14/site-packages/httpx/__init__.py", line 2, in <module>
  File "/Users/wondokyeong/Desktop/Penny_Stock/.venv/lib/python3.14/site-packages/httpx/_api.py", line 6, in <module>
  File "/Users/wondokyeong/Desktop/Penny_Stock/.venv/lib/python3.14/site-packages/httpx/_client.py", line 13, in <module>
  File "/Users/wondokyeong/Desktop/Penny_Stock/.venv/lib/python3.14/site-packages/httpx/_auth.py", line 12, in <module>
  File "/Users/wondokyeong/Desktop/Penny_Stock/.venv/lib/python3.14/site-packages/httpx/_models.py", line 34, in <module>
  File "<frozen importlib._bootstrap>", line 1371, in _find_and_load
  File "<frozen importlib._bootstrap>", line 1342, in _find_and_load_unlocked
  File "<frozen importlib._bootstrap>", line 938, in _load_unlocked
  File "<frozen importlib._bootstrap_external>", line 758, in exec_module
  File "<frozen importlib._bootstrap_external>", line 895, in get_code
  File "<frozen importlib._bootstrap_external>", line 954, in get_data
OSError: [Errno 11] Resource deadlock avoided
Traceback (most recent call last):
  File "<frozen runpy>", line 198, in _run_module_as_main
  File "<frozen runpy>", line 88, in _run_code
  File "/Users/wondokyeong/Desktop/Penny_Stock/src/penny_stock_radar/__main__.py", line 1, in <module>
    from .cli import app
  File "/Users/wondokyeong/Desktop/Penny_Stock/src/penny_stock_radar/cli.py", line 11, in <module>
    from .ai_supervisor import AISupervisor, build_gemini_reviewer
  File "/Users/wondokyeong/Desktop/Penny_Stock/src/penny_stock_radar/ai_supervisor.py", line 14, in <module>
    import httpx
  File "/Users/wondokyeong/Desktop/Penny_Stock/.venv/lib/python3.14/site-packages/httpx/__init__.py", line 15, in <module>
  File "<frozen importlib._bootstrap>", line 1371, in _find_and_load
  File "<frozen importlib._bootstrap>", line 1342, in _find_and_load_unlocked
  File "<frozen importlib._bootstrap>", line 938, in _load_unlocked
  File "<frozen importlib._bootstrap_external>", line 758, in exec_module
  File "<frozen importlib._bootstrap_external>", line 895, in get_code
  File "<frozen importlib._bootstrap_external>", line 954, in get_data
OSError: [Errno 11] Resource deadlock avoided
Traceback (most recent call last):
  File "<frozen runpy>", line 198, in _run_module_as_main
  File "<frozen runpy>", line 88, in _run_code
  File "/Users/wondokyeong/Desktop/Penny_Stock/src/penny_stock_radar/__main__.py", line 1, in <module>
    from .cli import app
  File "/Users/wondokyeong/Desktop/Penny_Stock/src/penny_stock_radar/cli.py", line 11, in <module>
    from .ai_supervisor import AISupervisor, build_gemini_reviewer
  File "/Users/wondokyeong/Desktop/Penny_Stock/src/penny_stock_radar/ai_supervisor.py", line 14, in <module>
    import httpx
  File "/Users/wondokyeong/Desktop/Penny_Stock/.venv/lib/python3.14/site-packages/httpx/__init__.py", line 15, in <module>
  File "/Users/wondokyeong/Desktop/Penny_Stock/.venv/lib/python3.14/site-packages/httpx/_main.py", line 14, in <module>
  File "<frozen importlib._bootstrap>", line 1371, in _find_and_load
  File "<frozen importlib._bootstrap>", line 1342, in _find_and_load_unlocked
  File "<frozen importlib._bootstrap>", line 938, in _load_unlocked
  File "<frozen importlib._bootstrap_external>", line 758, in exec_module
  File "<frozen importlib._bootstrap_external>", line 895, in get_code
  File "<frozen importlib._bootstrap_external>", line 954, in get_data
OSError: [Errno 11] Resource deadlock avoided
Traceback (most recent call last):
  File "<frozen runpy>", line 198, in _run_module_as_main
  File "<frozen runpy>", line 88, in _run_code
  File "/Users/wondokyeong/Desktop/Penny_Stock/src/penny_stock_radar/__main__.py", line 1, in <module>
    from .cli import app
  File "/Users/wondokyeong/Desktop/Penny_Stock/src/penny_stock_radar/cli.py", line 11, in <module>
    from .ai_supervisor import AISupervisor, build_gemini_reviewer
  File "/Users/wondokyeong/Desktop/Penny_Stock/src/penny_stock_radar/ai_supervisor.py", line 18, in <module>
    from .services.market_activity import MarketActivityScanner
  File "/Users/wondokyeong/Desktop/Penny_Stock/src/penny_stock_radar/services/market_activity.py", line 21, in <module>
    from ..providers.live_market import LiveMover, LiveSnapshot, build_live_market_provider
  File "/Users/wondokyeong/Desktop/Penny_Stock/src/penny_stock_radar/providers/live_market.py", line 8, in <module>
    import pandas as pd
  File "/Users/wondokyeong/Desktop/Penny_Stock/.venv/lib/python3.14/site-packages/pandas/__init__.py", line 14, in <module>
  File "/Users/wondokyeong/Desktop/Penny_Stock/.venv/lib/python3.14/site-packages/numpy/__init__.py", line 112, in <module>
  File "/Users/wondokyeong/Desktop/Penny_Stock/.venv/lib/python3.14/site-packages/numpy/__config__.py", line 4, in <module>
  File "/Users/wondokyeong/Desktop/Penny_Stock/.venv/lib/python3.14/site-packages/numpy/_core/__init__.py", line 24, in <module>
  File "/Users/wondokyeong/Desktop/Penny_Stock/.venv/lib/python3.14/site-packages/numpy/_core/multiarray.py", line 11, in <module>
  File "<frozen importlib._bootstrap>", line 1371, in _find_and_load
  File "<frozen importlib._bootstrap>", line 1342, in _find_and_load_unlocked
  File "<frozen importlib._bootstrap>", line 938, in _load_unlocked
  File "<frozen importlib._bootstrap_external>", line 758, in exec_module
  File "<frozen importlib._bootstrap_external>", line 895, in get_code
  File "<frozen importlib._bootstrap_external>", line 954, in get_data
OSError: [Errno 11] Resource deadlock avoided
Traceback (most recent call last):
  File "<frozen runpy>", line 198, in _run_module_as_main
  File "<frozen runpy>", line 88, in _run_code
  File "/Users/wondokyeong/Desktop/Penny_Stock/src/penny_stock_radar/__main__.py", line 1, in <module>
    from .cli import app
  File "/Users/wondokyeong/Desktop/Penny_Stock/src/penny_stock_radar/cli.py", line 11, in <module>
    from .ai_supervisor import AISupervisor, build_gemini_reviewer
  File "/Users/wondokyeong/Desktop/Penny_Stock/src/penny_stock_radar/ai_supervisor.py", line 18, in <module>
    from .services.market_activity import MarketActivityScanner
  File "/Users/wondokyeong/Desktop/Penny_Stock/src/penny_stock_radar/services/market_activity.py", line 21, in <module>
    from ..providers.live_market import LiveMover, LiveSnapshot, build_live_market_provider
  File "/Users/wondokyeong/Desktop/Penny_Stock/src/penny_stock_radar/providers/live_market.py", line 8, in <module>
    import pandas as pd
  File "/Users/wondokyeong/Desktop/Penny_Stock/.venv/lib/python3.14/site-packages/pandas/__init__.py", line 14, in <module>
  File "/Users/wondokyeong/Desktop/Penny_Stock/.venv/lib/python3.14/site-packages/numpy/__init__.py", line 112, in <module>
  File "/Users/wondokyeong/Desktop/Penny_Stock/.venv/lib/python3.14/site-packages/numpy/__config__.py", line 4, in <module>
  File "/Users/wondokyeong/Desktop/Penny_Stock/.venv/lib/python3.14/site-packages/numpy/_core/__init__.py", line 111, in <module>
  File "<frozen importlib._bootstrap>", line 1371, in _find_and_load
  File "<frozen importlib._bootstrap>", line 1342, in _find_and_load_unlocked
  File "<frozen importlib._bootstrap>", line 938, in _load_unlocked
  File "<frozen importlib._bootstrap_external>", line 758, in exec_module
  File "<frozen importlib._bootstrap_external>", line 895, in get_code
  File "<frozen importlib._bootstrap_external>", line 954, in get_data
OSError: [Errno 11] Resource deadlock avoided
Traceback (most recent call last):
  File "<frozen runpy>", line 198, in _run_module_as_main
  File "<frozen runpy>", line 88, in _run_code
  File "/Users/wondokyeong/Desktop/Penny_Stock/src/penny_stock_radar/__main__.py", line 1, in <module>
    from .cli import app
  File "/Users/wondokyeong/Desktop/Penny_Stock/src/penny_stock_radar/cli.py", line 11, in <module>
    from .ai_supervisor import AISupervisor, build_gemini_reviewer
  File "/Users/wondokyeong/Desktop/Penny_Stock/src/penny_stock_radar/ai_supervisor.py", line 18, in <module>
    from .services.market_activity import MarketActivityScanner
  File "/Users/wondokyeong/Desktop/Penny_Stock/src/penny_stock_radar/services/market_activity.py", line 21, in <module>
    from ..providers.live_market import LiveMover, LiveSnapshot, build_live_market_provider
  File "/Users/wondokyeong/Desktop/Penny_Stock/src/penny_stock_radar/providers/live_market.py", line 8, in <module>
    import pandas as pd
  File "/Users/wondokyeong/Desktop/Penny_Stock/.venv/lib/python3.14/site-packages/pandas/__init__.py", line 14, in <module>
  File "/Users/wondokyeong/Desktop/Penny_Stock/.venv/lib/python3.14/site-packages/numpy/__init__.py", line 457, in <module>
  File "/Users/wondokyeong/Desktop/Penny_Stock/.venv/lib/python3.14/site-packages/numpy/lib/__init__.py", line 18, in <module>
  File "/Users/wondokyeong/Desktop/Penny_Stock/.venv/lib/python3.14/site-packages/numpy/lib/_arraypad_impl.py", line 10, in <module>
    from numpy.lib._index_tricks_impl import ndindex
  File "/Users/wondokyeong/Desktop/Penny_Stock/.venv/lib/python3.14/site-packages/numpy/lib/_index_tricks_impl.py", line 8, in <module>
  File "/Users/wondokyeong/Desktop/Penny_Stock/.venv/lib/python3.14/site-packages/numpy/matrixlib/__init__.py", line 4, in <module>
  File "/Users/wondokyeong/Desktop/Penny_Stock/.venv/lib/python3.14/site-packages/numpy/matrixlib/defmatrix.py", line 13, in <module>
    from numpy.linalg import matrix_power
  File "/Users/wondokyeong/Desktop/Penny_Stock/.venv/lib/python3.14/site-packages/numpy/linalg/__init__.py", line 87, in <module>
  File "<frozen importlib._bootstrap>", line 1371, in _find_and_load
  File "<frozen importlib._bootstrap>", line 1342, in _find_and_load_unlocked
  File "<frozen importlib._bootstrap>", line 938, in _load_unlocked
  File "<frozen importlib._bootstrap_external>", line 758, in exec_module
  File "<frozen importlib._bootstrap_external>", line 895, in get_code
  File "<frozen importlib._bootstrap_external>", line 954, in get_data
OSError: [Errno 11] Resource deadlock avoided
Traceback (most recent call last):
  File "<frozen runpy>", line 198, in _run_module_as_main
  File "<frozen runpy>", line 88, in _run_code
  File "/Users/wondokyeong/Desktop/Penny_Stock/src/penny_stock_radar/__main__.py", line 1, in <module>
    from .cli import app
  File "/Users/wondokyeong/Desktop/Penny_Stock/src/penny_stock_radar/cli.py", line 11, in <module>
    from .ai_supervisor import AISupervisor, build_gemini_reviewer
  File "/Users/wondokyeong/Desktop/Penny_Stock/src/penny_stock_radar/ai_supervisor.py", line 18, in <module>
    from .services.market_activity import MarketActivityScanner
  File "/Users/wondokyeong/Desktop/Penny_Stock/src/penny_stock_radar/services/market_activity.py", line 21, in <module>
    from ..providers.live_market import LiveMover, LiveSnapshot, build_live_market_provider
  File "/Users/wondokyeong/Desktop/Penny_Stock/src/penny_stock_radar/providers/live_market.py", line 8, in <module>
    import pandas as pd
  File "/Users/wondokyeong/Desktop/Penny_Stock/.venv/lib/python3.14/site-packages/pandas/__init__.py", line 14, in <module>
  File "/Users/wondokyeong/Desktop/Penny_Stock/.venv/lib/python3.14/site-packages/numpy/__init__.py", line 457, in <module>
  File "/Users/wondokyeong/Desktop/Penny_Stock/.venv/lib/python3.14/site-packages/numpy/lib/__init__.py", line 18, in <module>
  File "<frozen importlib._bootstrap>", line 1371, in _find_and_load
  File "<frozen importlib._bootstrap>", line 1342, in _find_and_load_unlocked
  File "<frozen importlib._bootstrap>", line 938, in _load_unlocked
  File "<frozen importlib._bootstrap_external>", line 758, in exec_module
  File "<frozen importlib._bootstrap_external>", line 895, in get_code
  File "<frozen importlib._bootstrap_external>", line 954, in get_data
OSError: [Errno 11] Resource deadlock avoided
Traceback (most recent call last):
  File "<frozen runpy>", line 198, in _run_module_as_main
  File "<frozen runpy>", line 88, in _run_code
  File "/Users/wondokyeong/Desktop/Penny_Stock/src/penny_stock_radar/__main__.py", line 1, in <module>
    from .cli import app
  File "/Users/wondokyeong/Desktop/Penny_Stock/src/penny_stock_radar/cli.py", line 11, in <module>
    from .ai_supervisor import AISupervisor, build_gemini_reviewer
  File "/Users/wondokyeong/Desktop/Penny_Stock/src/penny_stock_radar/ai_supervisor.py", line 18, in <module>
    from .services.market_activity import MarketActivityScanner
  File "/Users/wondokyeong/Desktop/Penny_Stock/src/penny_stock_radar/services/market_activity.py", line 21, in <module>
    from ..providers.live_market import LiveMover, LiveSnapshot, build_live_market_provider
  File "/Users/wondokyeong/Desktop/Penny_Stock/src/penny_stock_radar/providers/live_market.py", line 8, in <module>
    import pandas as pd
  File "/Users/wondokyeong/Desktop/Penny_Stock/.venv/lib/python3.14/site-packages/pandas/__init__.py", line 14, in <module>
  File "/Users/wondokyeong/Desktop/Penny_Stock/.venv/lib/python3.14/site-packages/numpy/__init__.py", line 457, in <module>
  File "/Users/wondokyeong/Desktop/Penny_Stock/.venv/lib/python3.14/site-packages/numpy/lib/__init__.py", line 18, in <module>
  File "/Users/wondokyeong/Desktop/Penny_Stock/.venv/lib/python3.14/site-packages/numpy/lib/scimath.py", line 1, in <module>
  File "<frozen importlib._bootstrap>", line 1371, in _find_and_load
  File "<frozen importlib._bootstrap>", line 1342, in _find_and_load_unlocked
  File "<frozen importlib._bootstrap>", line 938, in _load_unlocked
  File "<frozen importlib._bootstrap_external>", line 758, in exec_module
  File "<frozen importlib._bootstrap_external>", line 895, in get_code
  File "<frozen importlib._bootstrap_external>", line 954, in get_data
OSError: [Errno 11] Resource deadlock avoided
Traceback (most recent call last):
  File "<frozen runpy>", line 198, in _run_module_as_main
  File "<frozen runpy>", line 88, in _run_code
  File "/Users/wondokyeong/Desktop/Penny_Stock/src/penny_stock_radar/__main__.py", line 1, in <module>
    from .cli import app
  File "/Users/wondokyeong/Desktop/Penny_Stock/src/penny_stock_radar/cli.py", line 11, in <module>
    from .ai_supervisor import AISupervisor, build_gemini_reviewer
  File "/Users/wondokyeong/Desktop/Penny_Stock/src/penny_stock_radar/ai_supervisor.py", line 18, in <module>
    from .services.market_activity import MarketActivityScanner
  File "/Users/wondokyeong/Desktop/Penny_Stock/src/penny_stock_radar/services/market_activity.py", line 21, in <module>
    from ..providers.live_market import LiveMover, LiveSnapshot, build_live_market_provider
  File "/Users/wondokyeong/Desktop/Penny_Stock/src/penny_stock_radar/providers/live_market.py", line 8, in <module>
    import pandas as pd
  File "/Users/wondokyeong/Desktop/Penny_Stock/.venv/lib/python3.14/site-packages/pandas/__init__.py", line 26, in <module>
  File "/Users/wondokyeong/Desktop/Penny_Stock/.venv/lib/python3.14/site-packages/pandas/compat/__init__.py", line 28, in <module>
  File "/Users/wondokyeong/Desktop/Penny_Stock/.venv/lib/python3.14/site-packages/pandas/compat/numpy/__init__.py", line 6, in <module>
    from pandas.util.version import Version
  File "<frozen importlib._bootstrap>", line 1371, in _find_and_load
  File "<frozen importlib._bootstrap>", line 1342, in _find_and_load_unlocked
  File "<frozen importlib._bootstrap>", line 938, in _load_unlocked
  File "<frozen importlib._bootstrap_external>", line 758, in exec_module
  File "<frozen importlib._bootstrap_external>", line 895, in get_code
  File "<frozen importlib._bootstrap_external>", line 954, in get_data
OSError: [Errno 11] Resource deadlock avoided
Traceback (most recent call last):
  File "<frozen runpy>", line 198, in _run_module_as_main
  File "<frozen runpy>", line 88, in _run_code
  File "/Users/wondokyeong/Desktop/Penny_Stock/src/penny_stock_radar/__main__.py", line 1, in <module>
    from .cli import app
  File "/Users/wondokyeong/Desktop/Penny_Stock/src/penny_stock_radar/cli.py", line 11, in <module>
    from .ai_supervisor import AISupervisor, build_gemini_reviewer
  File "/Users/wondokyeong/Desktop/Penny_Stock/src/penny_stock_radar/ai_supervisor.py", line 18, in <module>
    from .services.market_activity import MarketActivityScanner
  File "/Users/wondokyeong/Desktop/Penny_Stock/src/penny_stock_radar/services/market_activity.py", line 21, in <module>
    from ..providers.live_market import LiveMover, LiveSnapshot, build_live_market_provider
  File "/Users/wondokyeong/Desktop/Penny_Stock/src/penny_stock_radar/providers/live_market.py", line 8, in <module>
    import pandas as pd
  File "/Users/wondokyeong/Desktop/Penny_Stock/.venv/lib/python3.14/site-packages/pandas/__init__.py", line 47, in <module>
  File "<frozen importlib._bootstrap>", line 1371, in _find_and_load
  File "<frozen importlib._bootstrap>", line 1342, in _find_and_load_unlocked
  File "<frozen importlib._bootstrap>", line 938, in _load_unlocked
  File "<frozen importlib._bootstrap_external>", line 758, in exec_module
  File "<frozen importlib._bootstrap_external>", line 895, in get_code
  File "<frozen importlib._bootstrap_external>", line 954, in get_data
OSError: [Errno 11] Resource deadlock avoided
Traceback (most recent call last):
  File "<frozen runpy>", line 198, in _run_module_as_main
  File "<frozen runpy>", line 88, in _run_code
  File "/Users/wondokyeong/Desktop/Penny_Stock/src/penny_stock_radar/__main__.py", line 1, in <module>
    from .cli import app
  File "/Users/wondokyeong/Desktop/Penny_Stock/src/penny_stock_radar/cli.py", line 11, in <module>
    from .ai_supervisor import AISupervisor, build_gemini_reviewer
  File "/Users/wondokyeong/Desktop/Penny_Stock/src/penny_stock_radar/ai_supervisor.py", line 18, in <module>
    from .services.market_activity import MarketActivityScanner
  File "/Users/wondokyeong/Desktop/Penny_Stock/src/penny_stock_radar/services/market_activity.py", line 21, in <module>
    from ..providers.live_market import LiveMover, LiveSnapshot, build_live_market_provider
  File "/Users/wondokyeong/Desktop/Penny_Stock/src/penny_stock_radar/providers/live_market.py", line 8, in <module>
    import pandas as pd
  File "/Users/wondokyeong/Desktop/Penny_Stock/.venv/lib/python3.14/site-packages/pandas/__init__.py", line 49, in <module>
  File "/Users/wondokyeong/Desktop/Penny_Stock/.venv/lib/python3.14/site-packages/pandas/core/api.py", line 1, in <module>
    from pandas._libs import (
    ...<4 lines>...
    )
  File "/Users/wondokyeong/Desktop/Penny_Stock/.venv/lib/python3.14/site-packages/pandas/_libs/__init__.py", line 18, in <module>
  File "pandas/_libs/interval.pyx", line 1, in init pandas._libs.interval
  File "pandas/_libs/hashtable.pyx", line 1, in init pandas._libs.hashtable
  File "pandas/_libs/missing.pyx", line 1, in init pandas._libs.missing
  File "/Users/wondokyeong/Desktop/Penny_Stock/.venv/lib/python3.14/site-packages/pandas/_libs/tslibs/__init__.py", line 40, in <module>
  File "pandas/_libs/tslibs/conversion.pyx", line 1, in init pandas._libs.tslibs.conversion
  File "pandas/_libs/tslibs/parsing.pyx", line 46, in init pandas._libs.tslibs.parsing
  File "/Users/wondokyeong/Desktop/Penny_Stock/.venv/lib/python3.14/site-packages/dateutil/parser/__init__.py", line 8, in <module>
  File "<frozen importlib._bootstrap>", line 1371, in _find_and_load
  File "<frozen importlib._bootstrap>", line 1342, in _find_and_load_unlocked
  File "<frozen importlib._bootstrap>", line 938, in _load_unlocked
  File "<frozen importlib._bootstrap_external>", line 758, in exec_module
  File "<frozen importlib._bootstrap_external>", line 895, in get_code
  File "<frozen importlib._bootstrap_external>", line 954, in get_data
OSError: [Errno 11] Resource deadlock avoided
Traceback (most recent call last):
  File "<frozen runpy>", line 198, in _run_module_as_main
  File "<frozen runpy>", line 88, in _run_code
  File "/Users/wondokyeong/Desktop/Penny_Stock/src/penny_stock_radar/__main__.py", line 1, in <module>
    from .cli import app
  File "/Users/wondokyeong/Desktop/Penny_Stock/src/penny_stock_radar/cli.py", line 11, in <module>
    from .ai_supervisor import AISupervisor, build_gemini_reviewer
  File "/Users/wondokyeong/Desktop/Penny_Stock/src/penny_stock_radar/ai_supervisor.py", line 18, in <module>
    from .services.market_activity import MarketActivityScanner
  File "/Users/wondokyeong/Desktop/Penny_Stock/src/penny_stock_radar/services/market_activity.py", line 21, in <module>
    from ..providers.live_market import LiveMover, LiveSnapshot, build_live_market_provider
  File "/Users/wondokyeong/Desktop/Penny_Stock/src/penny_stock_radar/providers/live_market.py", line 8, in <module>
    import pandas as pd
  File "/Users/wondokyeong/Desktop/Penny_Stock/.venv/lib/python3.14/site-packages/pandas/__init__.py", line 49, in <module>
  File "/Users/wondokyeong/Desktop/Penny_Stock/.venv/lib/python3.14/site-packages/pandas/core/api.py", line 23, in <module>
    from pandas.core.algorithms import (
    ...<3 lines>...
    )
  File "/Users/wondokyeong/Desktop/Penny_Stock/.venv/lib/python3.14/site-packages/pandas/core/algorithms.py", line 77, in <module>
  File "<frozen importlib._bootstrap>", line 1371, in _find_and_load
  File "<frozen importlib._bootstrap>", line 1342, in _find_and_load_unlocked
  File "<frozen importlib._bootstrap>", line 938, in _load_unlocked
  File "<frozen importlib._bootstrap_external>", line 758, in exec_module
  File "<frozen importlib._bootstrap_external>", line 895, in get_code
  File "<frozen importlib._bootstrap_external>", line 954, in get_data
OSError: [Errno 11] Resource deadlock avoided
Traceback (most recent call last):
  File "<frozen runpy>", line 198, in _run_module_as_main
  File "<frozen runpy>", line 88, in _run_code
  File "/Users/wondokyeong/Desktop/Penny_Stock/src/penny_stock_radar/__main__.py", line 1, in <module>
    from .cli import app
  File "/Users/wondokyeong/Desktop/Penny_Stock/src/penny_stock_radar/cli.py", line 11, in <module>
    from .ai_supervisor import AISupervisor, build_gemini_reviewer
  File "/Users/wondokyeong/Desktop/Penny_Stock/src/penny_stock_radar/ai_supervisor.py", line 18, in <module>
    from .services.market_activity import MarketActivityScanner
  File "/Users/wondokyeong/Desktop/Penny_Stock/src/penny_stock_radar/services/market_activity.py", line 21, in <module>
    from ..providers.live_market import LiveMover, LiveSnapshot, build_live_market_provider
  File "/Users/wondokyeong/Desktop/Penny_Stock/src/penny_stock_radar/providers/live_market.py", line 8, in <module>
    import pandas as pd
  File "/Users/wondokyeong/Desktop/Penny_Stock/.venv/lib/python3.14/site-packages/pandas/__init__.py", line 49, in <module>
  File "/Users/wondokyeong/Desktop/Penny_Stock/.venv/lib/python3.14/site-packages/pandas/core/api.py", line 28, in <module>
    from pandas.core.arrays import Categorical
  File "/Users/wondokyeong/Desktop/Penny_Stock/.venv/lib/python3.14/site-packages/pandas/core/arrays/__init__.py", line 1, in <module>
  File "/Users/wondokyeong/Desktop/Penny_Stock/.venv/lib/python3.14/site-packages/pandas/core/arrays/arrow/__init__.py", line 5, in <module>
  File "/Users/wondokyeong/Desktop/Penny_Stock/.venv/lib/python3.14/site-packages/pandas/core/arrays/arrow/array.py", line 34, in <module>
  File "<frozen importlib._bootstrap>", line 1371, in _find_and_load
  File "<frozen importlib._bootstrap>", line 1342, in _find_and_load_unlocked
  File "<frozen importlib._bootstrap>", line 938, in _load_unlocked
  File "<frozen importlib._bootstrap_external>", line 758, in exec_module
  File "<frozen importlib._bootstrap_external>", line 895, in get_code
  File "<frozen importlib._bootstrap_external>", line 954, in get_data
OSError: [Errno 11] Resource deadlock avoided
Traceback (most recent call last):
  File "<frozen runpy>", line 198, in _run_module_as_main
  File "<frozen runpy>", line 88, in _run_code
  File "/Users/wondokyeong/Desktop/Penny_Stock/src/penny_stock_radar/__main__.py", line 1, in <module>
    from .cli import app
  File "/Users/wondokyeong/Desktop/Penny_Stock/src/penny_stock_radar/cli.py", line 11, in <module>
    from .ai_supervisor import AISupervisor, build_gemini_reviewer
  File "/Users/wondokyeong/Desktop/Penny_Stock/src/penny_stock_radar/ai_supervisor.py", line 18, in <module>
    from .services.market_activity import MarketActivityScanner
  File "/Users/wondokyeong/Desktop/Penny_Stock/src/penny_stock_radar/services/market_activity.py", line 21, in <module>
    from ..providers.live_market import LiveMover, LiveSnapshot, build_live_market_provider
  File "/Users/wondokyeong/Desktop/Penny_Stock/src/penny_stock_radar/providers/live_market.py", line 8, in <module>
    import pandas as pd
  File "/Users/wondokyeong/Desktop/Penny_Stock/.venv/lib/python3.14/site-packages/pandas/__init__.py", line 49, in <module>
  File "/Users/wondokyeong/Desktop/Penny_Stock/.venv/lib/python3.14/site-packages/pandas/core/api.py", line 28, in <module>
    from pandas.core.arrays import Categorical
  File "/Users/wondokyeong/Desktop/Penny_Stock/.venv/lib/python3.14/site-packages/pandas/core/arrays/__init__.py", line 1, in <module>
  File "/Users/wondokyeong/Desktop/Penny_Stock/.venv/lib/python3.14/site-packages/pandas/core/arrays/arrow/__init__.py", line 5, in <module>
  File "/Users/wondokyeong/Desktop/Penny_Stock/.venv/lib/python3.14/site-packages/pandas/core/arrays/arrow/array.py", line 63, in <module>
  File "/Users/wondokyeong/Desktop/Penny_Stock/.venv/lib/python3.14/site-packages/pandas/core/arrays/base.py", line 72, in <module>
  File "<frozen importlib._bootstrap>", line 1371, in _find_and_load
  File "<frozen importlib._bootstrap>", line 1342, in _find_and_load_unlocked
  File "<frozen importlib._bootstrap>", line 938, in _load_unlocked
  File "<frozen importlib._bootstrap_external>", line 758, in exec_module
  File "<frozen importlib._bootstrap_external>", line 895, in get_code
  File "<frozen importlib._bootstrap_external>", line 954, in get_data
OSError: [Errno 11] Resource deadlock avoided
Traceback (most recent call last):
  File "<frozen runpy>", line 198, in _run_module_as_main
  File "<frozen runpy>", line 88, in _run_code
  File "/Users/wondokyeong/Desktop/Penny_Stock/src/penny_stock_radar/__main__.py", line 1, in <module>
    from .cli import app
  File "/Users/wondokyeong/Desktop/Penny_Stock/src/penny_stock_radar/cli.py", line 11, in <module>
    from .ai_supervisor import AISupervisor, build_gemini_reviewer
  File "/Users/wondokyeong/Desktop/Penny_Stock/src/penny_stock_radar/ai_supervisor.py", line 18, in <module>
    from .services.market_activity import MarketActivityScanner
  File "/Users/wondokyeong/Desktop/Penny_Stock/src/penny_stock_radar/services/market_activity.py", line 21, in <module>
    from ..providers.live_market import LiveMover, LiveSnapshot, build_live_market_provider
  File "/Users/wondokyeong/Desktop/Penny_Stock/src/penny_stock_radar/providers/live_market.py", line 8, in <module>
    import pandas as pd
  File "/Users/wondokyeong/Desktop/Penny_Stock/.venv/lib/python3.14/site-packages/pandas/__init__.py", line 49, in <module>
  File "/Users/wondokyeong/Desktop/Penny_Stock/.venv/lib/python3.14/site-packages/pandas/core/api.py", line 28, in <module>
    from pandas.core.arrays import Categorical
  File "/Users/wondokyeong/Desktop/Penny_Stock/.venv/lib/python3.14/site-packages/pandas/core/arrays/__init__.py", line 1, in <module>
  File "/Users/wondokyeong/Desktop/Penny_Stock/.venv/lib/python3.14/site-packages/pandas/core/arrays/arrow/__init__.py", line 5, in <module>
  File "/Users/wondokyeong/Desktop/Penny_Stock/.venv/lib/python3.14/site-packages/pandas/core/arrays/arrow/array.py", line 68, in <module>
  File "/Users/wondokyeong/Desktop/Penny_Stock/.venv/lib/python3.14/site-packages/pandas/core/arrays/string_.py", line 66, in <module>
  File "<frozen importlib._bootstrap>", line 1371, in _find_and_load
  File "<frozen importlib._bootstrap>", line 1342, in _find_and_load_unlocked
  File "<frozen importlib._bootstrap>", line 938, in _load_unlocked
  File "<frozen importlib._bootstrap_external>", line 758, in exec_module
  File "<frozen importlib._bootstrap_external>", line 895, in get_code
  File "<frozen importlib._bootstrap_external>", line 954, in get_data
OSError: [Errno 11] Resource deadlock avoided
Traceback (most recent call last):
  File "<frozen runpy>", line 198, in _run_module_as_main
  File "<frozen runpy>", line 88, in _run_code
  File "/Users/wondokyeong/Desktop/Penny_Stock/src/penny_stock_radar/__main__.py", line 1, in <module>
    from .cli import app
  File "/Users/wondokyeong/Desktop/Penny_Stock/src/penny_stock_radar/cli.py", line 11, in <module>
    from .ai_supervisor import AISupervisor, build_gemini_reviewer
  File "/Users/wondokyeong/Desktop/Penny_Stock/src/penny_stock_radar/ai_supervisor.py", line 18, in <module>
    from .services.market_activity import MarketActivityScanner
  File "/Users/wondokyeong/Desktop/Penny_Stock/src/penny_stock_radar/services/market_activity.py", line 21, in <module>
    from ..providers.live_market import LiveMover, LiveSnapshot, build_live_market_provider
  File "/Users/wondokyeong/Desktop/Penny_Stock/src/penny_stock_radar/providers/live_market.py", line 8, in <module>
    import pandas as pd
  File "/Users/wondokyeong/Desktop/Penny_Stock/.venv/lib/python3.14/site-packages/pandas/__init__.py", line 49, in <module>
  File "/Users/wondokyeong/Desktop/Penny_Stock/.venv/lib/python3.14/site-packages/pandas/core/api.py", line 28, in <module>
    from pandas.core.arrays import Categorical
  File "/Users/wondokyeong/Desktop/Penny_Stock/.venv/lib/python3.14/site-packages/pandas/core/arrays/__init__.py", line 8, in <module>
  File "<frozen importlib._bootstrap>", line 1371, in _find_and_load
  File "<frozen importlib._bootstrap>", line 1342, in _find_and_load_unlocked
  File "<frozen importlib._bootstrap>", line 938, in _load_unlocked
  File "<frozen importlib._bootstrap_external>", line 758, in exec_module
  File "<frozen importlib._bootstrap_external>", line 895, in get_code
  File "<frozen importlib._bootstrap_external>", line 954, in get_data
OSError: [Errno 11] Resource deadlock avoided
Traceback (most recent call last):
  File "<frozen runpy>", line 198, in _run_module_as_main
  File "<frozen runpy>", line 88, in _run_code
  File "/Users/wondokyeong/Desktop/Penny_Stock/src/penny_stock_radar/__main__.py", line 1, in <module>
    from .cli import app
  File "/Users/wondokyeong/Desktop/Penny_Stock/src/penny_stock_radar/cli.py", line 11, in <module>
    from .ai_supervisor import AISupervisor, build_gemini_reviewer
  File "/Users/wondokyeong/Desktop/Penny_Stock/src/penny_stock_radar/ai_supervisor.py", line 18, in <module>
    from .services.market_activity import MarketActivityScanner
  File "/Users/wondokyeong/Desktop/Penny_Stock/src/penny_stock_radar/services/market_activity.py", line 21, in <module>
    from ..providers.live_market import LiveMover, LiveSnapshot, build_live_market_provider
  File "/Users/wondokyeong/Desktop/Penny_Stock/src/penny_stock_radar/providers/live_market.py", line 8, in <module>
    import pandas as pd
  File "/Users/wondokyeong/Desktop/Penny_Stock/.venv/lib/python3.14/site-packages/pandas/__init__.py", line 49, in <module>
  File "/Users/wondokyeong/Desktop/Penny_Stock/.venv/lib/python3.14/site-packages/pandas/core/api.py", line 28, in <module>
    from pandas.core.arrays import Categorical
  File "/Users/wondokyeong/Desktop/Penny_Stock/.venv/lib/python3.14/site-packages/pandas/core/arrays/__init__.py", line 19, in <module>
  File "/Users/wondokyeong/Desktop/Penny_Stock/.venv/lib/python3.14/site-packages/pandas/core/arrays/sparse/__init__.py", line 1, in <module>
  File "/Users/wondokyeong/Desktop/Penny_Stock/.venv/lib/python3.14/site-packages/pandas/core/arrays/sparse/accessor.py", line 17, in <module>
  File "<frozen importlib._bootstrap>", line 1371, in _find_and_load
  File "<frozen importlib._bootstrap>", line 1342, in _find_and_load_unlocked
  File "<frozen importlib._bootstrap>", line 938, in _load_unlocked
  File "<frozen importlib._bootstrap_external>", line 758, in exec_module
  File "<frozen importlib._bootstrap_external>", line 895, in get_code
  File "<frozen importlib._bootstrap_external>", line 954, in get_data
OSError: [Errno 11] Resource deadlock avoided
Traceback (most recent call last):
  File "<frozen runpy>", line 198, in _run_module_as_main
  File "<frozen runpy>", line 88, in _run_code
  File "/Users/wondokyeong/Desktop/Penny_Stock/src/penny_stock_radar/__main__.py", line 1, in <module>
    from .cli import app
  File "/Users/wondokyeong/Desktop/Penny_Stock/src/penny_stock_radar/cli.py", line 11, in <module>
    from .ai_supervisor import AISupervisor, build_gemini_reviewer
  File "/Users/wondokyeong/Desktop/Penny_Stock/src/penny_stock_radar/ai_supervisor.py", line 18, in <module>
    from .services.market_activity import MarketActivityScanner
  File "/Users/wondokyeong/Desktop/Penny_Stock/src/penny_stock_radar/services/market_activity.py", line 21, in <module>
    from ..providers.live_market import LiveMover, LiveSnapshot, build_live_market_provider
  File "/Users/wondokyeong/Desktop/Penny_Stock/src/penny_stock_radar/providers/live_market.py", line 8, in <module>
    import pandas as pd
  File "/Users/wondokyeong/Desktop/Penny_Stock/.venv/lib/python3.14/site-packages/pandas/__init__.py", line 49, in <module>
  File "/Users/wondokyeong/Desktop/Penny_Stock/.venv/lib/python3.14/site-packages/pandas/core/api.py", line 47, in <module>
    from pandas.core.groupby import (
    ...<2 lines>...
    )
  File "/Users/wondokyeong/Desktop/Penny_Stock/.venv/lib/python3.14/site-packages/pandas/core/groupby/__init__.py", line 1, in <module>
  File "/Users/wondokyeong/Desktop/Penny_Stock/.venv/lib/python3.14/site-packages/pandas/core/groupby/generic.py", line 68, in <module>
  File "/Users/wondokyeong/Desktop/Penny_Stock/.venv/lib/python3.14/site-packages/pandas/core/frame.py", line 153, in <module>
  File "<frozen importlib._bootstrap>", line 1371, in _find_and_load
  File "<frozen importlib._bootstrap>", line 1342, in _find_and_load_unlocked
  File "<frozen importlib._bootstrap>", line 938, in _load_unlocked
  File "<frozen importlib._bootstrap_external>", line 758, in exec_module
  File "<frozen importlib._bootstrap_external>", line 895, in get_code
  File "<frozen importlib._bootstrap_external>", line 954, in get_data
OSError: [Errno 11] Resource deadlock avoided
Traceback (most recent call last):
  File "<frozen runpy>", line 198, in _run_module_as_main
  File "<frozen runpy>", line 88, in _run_code
  File "/Users/wondokyeong/Desktop/Penny_Stock/src/penny_stock_radar/__main__.py", line 1, in <module>
    from .cli import app
  File "/Users/wondokyeong/Desktop/Penny_Stock/src/penny_stock_radar/cli.py", line 11, in <module>
    from .ai_supervisor import AISupervisor, build_gemini_reviewer
  File "/Users/wondokyeong/Desktop/Penny_Stock/src/penny_stock_radar/ai_supervisor.py", line 18, in <module>
    from .services.market_activity import MarketActivityScanner
  File "/Users/wondokyeong/Desktop/Penny_Stock/src/penny_stock_radar/services/market_activity.py", line 21, in <module>
    from ..providers.live_market import LiveMover, LiveSnapshot, build_live_market_provider
  File "/Users/wondokyeong/Desktop/Penny_Stock/src/penny_stock_radar/providers/live_market.py", line 8, in <module>
    import pandas as pd
  File "/Users/wondokyeong/Desktop/Penny_Stock/.venv/lib/python3.14/site-packages/pandas/__init__.py", line 49, in <module>
  File "/Users/wondokyeong/Desktop/Penny_Stock/.venv/lib/python3.14/site-packages/pandas/core/api.py", line 47, in <module>
    from pandas.core.groupby import (
    ...<2 lines>...
    )
  File "/Users/wondokyeong/Desktop/Penny_Stock/.venv/lib/python3.14/site-packages/pandas/core/groupby/__init__.py", line 1, in <module>
  File "/Users/wondokyeong/Desktop/Penny_Stock/.venv/lib/python3.14/site-packages/pandas/core/groupby/generic.py", line 68, in <module>
  File "/Users/wondokyeong/Desktop/Penny_Stock/.venv/lib/python3.14/site-packages/pandas/core/frame.py", line 153, in <module>
  File "/Users/wondokyeong/Desktop/Penny_Stock/.venv/lib/python3.14/site-packages/pandas/core/generic.py", line 155, in <module>
  File "/Users/wondokyeong/Desktop/Penny_Stock/.venv/lib/python3.14/site-packages/pandas/core/indexing.py", line 80, in <module>
  File "/Users/wondokyeong/Desktop/Penny_Stock/.venv/lib/python3.14/site-packages/pandas/core/indexes/api.py", line 20, in <module>
    from pandas.core.indexes.base import (
    ...<5 lines>...
    )
  File "/Users/wondokyeong/Desktop/Penny_Stock/.venv/lib/python3.14/site-packages/pandas/core/indexes/base.py", line 190, in <module>
  File "<frozen importlib._bootstrap>", line 1371, in _find_and_load
  File "<frozen importlib._bootstrap>", line 1342, in _find_and_load_unlocked
  File "<frozen importlib._bootstrap>", line 938, in _load_unlocked
  File "<frozen importlib._bootstrap_external>", line 758, in exec_module
  File "<frozen importlib._bootstrap_external>", line 895, in get_code
  File "<frozen importlib._bootstrap_external>", line 954, in get_data
OSError: [Errno 11] Resource deadlock avoided
Traceback (most recent call last):
  File "<frozen runpy>", line 198, in _run_module_as_main
  File "<frozen runpy>", line 88, in _run_code
  File "/Users/wondokyeong/Desktop/Penny_Stock/src/penny_stock_radar/__main__.py", line 1, in <module>
    from .cli import app
  File "/Users/wondokyeong/Desktop/Penny_Stock/src/penny_stock_radar/cli.py", line 11, in <module>
    from .ai_supervisor import AISupervisor, build_gemini_reviewer
  File "/Users/wondokyeong/Desktop/Penny_Stock/src/penny_stock_radar/ai_supervisor.py", line 18, in <module>
    from .services.market_activity import MarketActivityScanner
  File "/Users/wondokyeong/Desktop/Penny_Stock/src/penny_stock_radar/services/market_activity.py", line 21, in <module>
    from ..providers.live_market import LiveMover, LiveSnapshot, build_live_market_provider
  File "/Users/wondokyeong/Desktop/Penny_Stock/src/penny_stock_radar/providers/live_market.py", line 8, in <module>
    import pandas as pd
  File "/Users/wondokyeong/Desktop/Penny_Stock/.venv/lib/python3.14/site-packages/pandas/__init__.py", line 49, in <module>
  File "/Users/wondokyeong/Desktop/Penny_Stock/.venv/lib/python3.14/site-packages/pandas/core/api.py", line 47, in <module>
    from pandas.core.groupby import (
    ...<2 lines>...
    )
  File "/Users/wondokyeong/Desktop/Penny_Stock/.venv/lib/python3.14/site-packages/pandas/core/groupby/__init__.py", line 1, in <module>
  File "/Users/wondokyeong/Desktop/Penny_Stock/.venv/lib/python3.14/site-packages/pandas/core/groupby/generic.py", line 68, in <module>
  File "/Users/wondokyeong/Desktop/Penny_Stock/.venv/lib/python3.14/site-packages/pandas/core/frame.py", line 153, in <module>
  File "/Users/wondokyeong/Desktop/Penny_Stock/.venv/lib/python3.14/site-packages/pandas/core/generic.py", line 155, in <module>
  File "/Users/wondokyeong/Desktop/Penny_Stock/.venv/lib/python3.14/site-packages/pandas/core/indexing.py", line 80, in <module>
  File "/Users/wondokyeong/Desktop/Penny_Stock/.venv/lib/python3.14/site-packages/pandas/core/indexes/api.py", line 29, in <module>
    from pandas.core.indexes.interval import IntervalIndex
  File "/Users/wondokyeong/Desktop/Penny_Stock/.venv/lib/python3.14/site-packages/pandas/core/indexes/interval.py", line 85, in <module>
  File "<frozen importlib._bootstrap>", line 1371, in _find_and_load
  File "<frozen importlib._bootstrap>", line 1342, in _find_and_load_unlocked
  File "<frozen importlib._bootstrap>", line 938, in _load_unlocked
  File "<frozen importlib._bootstrap_external>", line 758, in exec_module
  File "<frozen importlib._bootstrap_external>", line 895, in get_code
  File "<frozen importlib._bootstrap_external>", line 954, in get_data
OSError: [Errno 11] Resource deadlock avoided
Traceback (most recent call last):
  File "<frozen runpy>", line 198, in _run_module_as_main
  File "<frozen runpy>", line 88, in _run_code
  File "/Users/wondokyeong/Desktop/Penny_Stock/src/penny_stock_radar/__main__.py", line 1, in <module>
    from .cli import app
  File "/Users/wondokyeong/Desktop/Penny_Stock/src/penny_stock_radar/cli.py", line 11, in <module>
    from .ai_supervisor import AISupervisor, build_gemini_reviewer
  File "/Users/wondokyeong/Desktop/Penny_Stock/src/penny_stock_radar/ai_supervisor.py", line 18, in <module>
    from .services.market_activity import MarketActivityScanner
  File "/Users/wondokyeong/Desktop/Penny_Stock/src/penny_stock_radar/services/market_activity.py", line 21, in <module>
    from ..providers.live_market import LiveMover, LiveSnapshot, build_live_market_provider
  File "/Users/wondokyeong/Desktop/Penny_Stock/src/penny_stock_radar/providers/live_market.py", line 8, in <module>
    import pandas as pd
  File "/Users/wondokyeong/Desktop/Penny_Stock/.venv/lib/python3.14/site-packages/pandas/__init__.py", line 49, in <module>
  File "/Users/wondokyeong/Desktop/Penny_Stock/.venv/lib/python3.14/site-packages/pandas/core/api.py", line 47, in <module>
    from pandas.core.groupby import (
    ...<2 lines>...
    )
  File "/Users/wondokyeong/Desktop/Penny_Stock/.venv/lib/python3.14/site-packages/pandas/core/groupby/__init__.py", line 1, in <module>
  File "/Users/wondokyeong/Desktop/Penny_Stock/.venv/lib/python3.14/site-packages/pandas/core/groupby/generic.py", line 68, in <module>
  File "/Users/wondokyeong/Desktop/Penny_Stock/.venv/lib/python3.14/site-packages/pandas/core/frame.py", line 153, in <module>
  File "/Users/wondokyeong/Desktop/Penny_Stock/.venv/lib/python3.14/site-packages/pandas/core/generic.py", line 178, in <module>
  File "/Users/wondokyeong/Desktop/Penny_Stock/.venv/lib/python3.14/site-packages/pandas/core/internals/__init__.py", line 2, in <module>
  File "/Users/wondokyeong/Desktop/Penny_Stock/.venv/lib/python3.14/site-packages/pandas/core/internals/array_manager.py", line 86, in <module>
  File "<frozen importlib._bootstrap>", line 1371, in _find_and_load
  File "<frozen importlib._bootstrap>", line 1342, in _find_and_load_unlocked
  File "<frozen importlib._bootstrap>", line 938, in _load_unlocked
  File "<frozen importlib._bootstrap_external>", line 758, in exec_module
  File "<frozen importlib._bootstrap_external>", line 895, in get_code
  File "<frozen importlib._bootstrap_external>", line 954, in get_data
OSError: [Errno 11] Resource deadlock avoided
Traceback (most recent call last):
  File "<frozen runpy>", line 198, in _run_module_as_main
  File "<frozen runpy>", line 88, in _run_code
  File "/Users/wondokyeong/Desktop/Penny_Stock/src/penny_stock_radar/__main__.py", line 1, in <module>
    from .cli import app
  File "/Users/wondokyeong/Desktop/Penny_Stock/src/penny_stock_radar/cli.py", line 11, in <module>
    from .ai_supervisor import AISupervisor, build_gemini_reviewer
  File "/Users/wondokyeong/Desktop/Penny_Stock/src/penny_stock_radar/ai_supervisor.py", line 18, in <module>
    from .services.market_activity import MarketActivityScanner
  File "/Users/wondokyeong/Desktop/Penny_Stock/src/penny_stock_radar/services/market_activity.py", line 21, in <module>
    from ..providers.live_market import LiveMover, LiveSnapshot, build_live_market_provider
  File "/Users/wondokyeong/Desktop/Penny_Stock/src/penny_stock_radar/providers/live_market.py", line 8, in <module>
    import pandas as pd
  File "/Users/wondokyeong/Desktop/Penny_Stock/.venv/lib/python3.14/site-packages/pandas/__init__.py", line 49, in <module>
  File "/Users/wondokyeong/Desktop/Penny_Stock/.venv/lib/python3.14/site-packages/pandas/core/api.py", line 47, in <module>
    from pandas.core.groupby import (
    ...<2 lines>...
    )
  File "/Users/wondokyeong/Desktop/Penny_Stock/.venv/lib/python3.14/site-packages/pandas/core/groupby/__init__.py", line 1, in <module>
  File "/Users/wondokyeong/Desktop/Penny_Stock/.venv/lib/python3.14/site-packages/pandas/core/groupby/generic.py", line 68, in <module>
  File "/Users/wondokyeong/Desktop/Penny_Stock/.venv/lib/python3.14/site-packages/pandas/core/frame.py", line 153, in <module>
  File "/Users/wondokyeong/Desktop/Penny_Stock/.venv/lib/python3.14/site-packages/pandas/core/generic.py", line 187, in <module>
  File "/Users/wondokyeong/Desktop/Penny_Stock/.venv/lib/python3.14/site-packages/pandas/core/methods/describe.py", line 41, in <module>
  File "<frozen importlib._bootstrap>", line 1371, in _find_and_load
  File "<frozen importlib._bootstrap>", line 1342, in _find_and_load_unlocked
  File "<frozen importlib._bootstrap>", line 938, in _load_unlocked
  File "<frozen importlib._bootstrap_external>", line 758, in exec_module
  File "<frozen importlib._bootstrap_external>", line 895, in get_code
  File "<frozen importlib._bootstrap_external>", line 954, in get_data
OSError: [Errno 11] Resource deadlock avoided
Traceback (most recent call last):
  File "<frozen runpy>", line 198, in _run_module_as_main
  File "<frozen runpy>", line 88, in _run_code
  File "/Users/wondokyeong/Desktop/Penny_Stock/src/penny_stock_radar/__main__.py", line 1, in <module>
    from .cli import app
  File "/Users/wondokyeong/Desktop/Penny_Stock/src/penny_stock_radar/cli.py", line 11, in <module>
    from .ai_supervisor import AISupervisor, build_gemini_reviewer
  File "/Users/wondokyeong/Desktop/Penny_Stock/src/penny_stock_radar/ai_supervisor.py", line 18, in <module>
    from .services.market_activity import MarketActivityScanner
  File "/Users/wondokyeong/Desktop/Penny_Stock/src/penny_stock_radar/services/market_activity.py", line 21, in <module>
    from ..providers.live_market import LiveMover, LiveSnapshot, build_live_market_provider
  File "/Users/wondokyeong/Desktop/Penny_Stock/src/penny_stock_radar/providers/live_market.py", line 8, in <module>
    import pandas as pd
  File "/Users/wondokyeong/Desktop/Penny_Stock/.venv/lib/python3.14/site-packages/pandas/__init__.py", line 49, in <module>
  File "/Users/wondokyeong/Desktop/Penny_Stock/.venv/lib/python3.14/site-packages/pandas/core/api.py", line 47, in <module>
    from pandas.core.groupby import (
    ...<2 lines>...
    )
  File "/Users/wondokyeong/Desktop/Penny_Stock/.venv/lib/python3.14/site-packages/pandas/core/groupby/__init__.py", line 1, in <module>
  File "/Users/wondokyeong/Desktop/Penny_Stock/.venv/lib/python3.14/site-packages/pandas/core/groupby/generic.py", line 68, in <module>
  File "/Users/wondokyeong/Desktop/Penny_Stock/.venv/lib/python3.14/site-packages/pandas/core/frame.py", line 153, in <module>
  File "/Users/wondokyeong/Desktop/Penny_Stock/.venv/lib/python3.14/site-packages/pandas/core/generic.py", line 196, in <module>
  File "/Users/wondokyeong/Desktop/Penny_Stock/.venv/lib/python3.14/site-packages/pandas/core/window/__init__.py", line 5, in <module>
  File "<frozen importlib._bootstrap>", line 1371, in _find_and_load
  File "<frozen importlib._bootstrap>", line 1342, in _find_and_load_unlocked
  File "<frozen importlib._bootstrap>", line 938, in _load_unlocked
  File "<frozen importlib._bootstrap_external>", line 758, in exec_module
  File "<frozen importlib._bootstrap_external>", line 895, in get_code
  File "<frozen importlib._bootstrap_external>", line 954, in get_data
OSError: [Errno 11] Resource deadlock avoided
Traceback (most recent call last):
  File "<frozen runpy>", line 198, in _run_module_as_main
  File "<frozen runpy>", line 88, in _run_code
  File "/Users/wondokyeong/Desktop/Penny_Stock/src/penny_stock_radar/__main__.py", line 1, in <module>
    from .cli import app
  File "/Users/wondokyeong/Desktop/Penny_Stock/src/penny_stock_radar/cli.py", line 11, in <module>
    from .ai_supervisor import AISupervisor, build_gemini_reviewer
  File "/Users/wondokyeong/Desktop/Penny_Stock/src/penny_stock_radar/ai_supervisor.py", line 18, in <module>
    from .services.market_activity import MarketActivityScanner
  File "/Users/wondokyeong/Desktop/Penny_Stock/src/penny_stock_radar/services/market_activity.py", line 21, in <module>
    from ..providers.live_market import LiveMover, LiveSnapshot, build_live_market_provider
  File "/Users/wondokyeong/Desktop/Penny_Stock/src/penny_stock_radar/providers/live_market.py", line 8, in <module>
    import pandas as pd
  File "/Users/wondokyeong/Desktop/Penny_Stock/.venv/lib/python3.14/site-packages/pandas/__init__.py", line 49, in <module>
  File "/Users/wondokyeong/Desktop/Penny_Stock/.venv/lib/python3.14/site-packages/pandas/core/api.py", line 47, in <module>
    from pandas.core.groupby import (
    ...<2 lines>...
    )
  File "/Users/wondokyeong/Desktop/Penny_Stock/.venv/lib/python3.14/site-packages/pandas/core/groupby/__init__.py", line 1, in <module>
  File "/Users/wondokyeong/Desktop/Penny_Stock/.venv/lib/python3.14/site-packages/pandas/core/groupby/generic.py", line 68, in <module>
  File "/Users/wondokyeong/Desktop/Penny_Stock/.venv/lib/python3.14/site-packages/pandas/core/frame.py", line 192, in <module>
  File "/Users/wondokyeong/Desktop/Penny_Stock/.venv/lib/python3.14/site-packages/pandas/core/series.py", line 164, in <module>
  File "<frozen importlib._bootstrap>", line 1371, in _find_and_load
  File "<frozen importlib._bootstrap>", line 1342, in _find_and_load_unlocked
  File "<frozen importlib._bootstrap>", line 938, in _load_unlocked
  File "<frozen importlib._bootstrap_external>", line 758, in exec_module
  File "<frozen importlib._bootstrap_external>", line 895, in get_code
  File "<frozen importlib._bootstrap_external>", line 954, in get_data
OSError: [Errno 11] Resource deadlock avoided
Traceback (most recent call last):
  File "<frozen runpy>", line 198, in _run_module_as_main
  File "<frozen runpy>", line 88, in _run_code
  File "/Users/wondokyeong/Desktop/Penny_Stock/src/penny_stock_radar/__main__.py", line 1, in <module>
    from .cli import app
  File "/Users/wondokyeong/Desktop/Penny_Stock/src/penny_stock_radar/cli.py", line 11, in <module>
    from .ai_supervisor import AISupervisor, build_gemini_reviewer
  File "/Users/wondokyeong/Desktop/Penny_Stock/src/penny_stock_radar/ai_supervisor.py", line 18, in <module>
    from .services.market_activity import MarketActivityScanner
  File "/Users/wondokyeong/Desktop/Penny_Stock/src/penny_stock_radar/services/market_activity.py", line 21, in <module>
    from ..providers.live_market import LiveMover, LiveSnapshot, build_live_market_provider
  File "/Users/wondokyeong/Desktop/Penny_Stock/src/penny_stock_radar/providers/live_market.py", line 8, in <module>
    import pandas as pd
  File "/Users/wondokyeong/Desktop/Penny_Stock/.venv/lib/python3.14/site-packages/pandas/__init__.py", line 49, in <module>
  File "/Users/wondokyeong/Desktop/Penny_Stock/.venv/lib/python3.14/site-packages/pandas/core/api.py", line 47, in <module>
    from pandas.core.groupby import (
    ...<2 lines>...
    )
  File "/Users/wondokyeong/Desktop/Penny_Stock/.venv/lib/python3.14/site-packages/pandas/core/groupby/__init__.py", line 1, in <module>
  File "/Users/wondokyeong/Desktop/Penny_Stock/.venv/lib/python3.14/site-packages/pandas/core/groupby/generic.py", line 73, in <module>
  File "/Users/wondokyeong/Desktop/Penny_Stock/.venv/lib/python3.14/site-packages/pandas/core/groupby/groupby.py", line 126, in <module>
  File "<frozen importlib._bootstrap>", line 1371, in _find_and_load
  File "<frozen importlib._bootstrap>", line 1342, in _find_and_load_unlocked
  File "<frozen importlib._bootstrap>", line 938, in _load_unlocked
  File "<frozen importlib._bootstrap_external>", line 758, in exec_module
  File "<frozen importlib._bootstrap_external>", line 895, in get_code
  File "<frozen importlib._bootstrap_external>", line 954, in get_data
OSError: [Errno 11] Resource deadlock avoided
Traceback (most recent call last):
  File "<frozen runpy>", line 198, in _run_module_as_main
  File "<frozen runpy>", line 88, in _run_code
  File "/Users/wondokyeong/Desktop/Penny_Stock/src/penny_stock_radar/__main__.py", line 1, in <module>
    from .cli import app
  File "/Users/wondokyeong/Desktop/Penny_Stock/src/penny_stock_radar/cli.py", line 11, in <module>
    from .ai_supervisor import AISupervisor, build_gemini_reviewer
  File "/Users/wondokyeong/Desktop/Penny_Stock/src/penny_stock_radar/ai_supervisor.py", line 18, in <module>
    from .services.market_activity import MarketActivityScanner
  File "/Users/wondokyeong/Desktop/Penny_Stock/src/penny_stock_radar/services/market_activity.py", line 21, in <module>
    from ..providers.live_market import LiveMover, LiveSnapshot, build_live_market_provider
  File "/Users/wondokyeong/Desktop/Penny_Stock/src/penny_stock_radar/providers/live_market.py", line 8, in <module>
    import pandas as pd
  File "/Users/wondokyeong/Desktop/Penny_Stock/.venv/lib/python3.14/site-packages/pandas/__init__.py", line 119, in <module>
  File "/Users/wondokyeong/Desktop/Penny_Stock/.venv/lib/python3.14/site-packages/pandas/core/computation/api.py", line 2, in <module>
  File "<frozen importlib._bootstrap>", line 1371, in _find_and_load
  File "<frozen importlib._bootstrap>", line 1342, in _find_and_load_unlocked
  File "<frozen importlib._bootstrap>", line 938, in _load_unlocked
  File "<frozen importlib._bootstrap_external>", line 758, in exec_module
  File "<frozen importlib._bootstrap_external>", line 895, in get_code
  File "<frozen importlib._bootstrap_external>", line 954, in get_data
OSError: [Errno 11] Resource deadlock avoided
Traceback (most recent call last):
  File "<frozen runpy>", line 198, in _run_module_as_main
  File "<frozen runpy>", line 88, in _run_code
  File "/Users/wondokyeong/Desktop/Penny_Stock/src/penny_stock_radar/__main__.py", line 1, in <module>
    from .cli import app
  File "/Users/wondokyeong/Desktop/Penny_Stock/src/penny_stock_radar/cli.py", line 11, in <module>
    from .ai_supervisor import AISupervisor, build_gemini_reviewer
  File "/Users/wondokyeong/Desktop/Penny_Stock/src/penny_stock_radar/ai_supervisor.py", line 18, in <module>
    from .services.market_activity import MarketActivityScanner
  File "/Users/wondokyeong/Desktop/Penny_Stock/src/penny_stock_radar/services/market_activity.py", line 21, in <module>
    from ..providers.live_market import LiveMover, LiveSnapshot, build_live_market_provider
  File "/Users/wondokyeong/Desktop/Penny_Stock/src/penny_stock_radar/providers/live_market.py", line 8, in <module>
    import pandas as pd
  File "/Users/wondokyeong/Desktop/Penny_Stock/.venv/lib/python3.14/site-packages/pandas/__init__.py", line 121, in <module>
  File "<frozen importlib._bootstrap>", line 1371, in _find_and_load
  File "<frozen importlib._bootstrap>", line 1342, in _find_and_load_unlocked
  File "<frozen importlib._bootstrap>", line 938, in _load_unlocked
  File "<frozen importlib._bootstrap_external>", line 758, in exec_module
  File "<frozen importlib._bootstrap_external>", line 895, in get_code
  File "<frozen importlib._bootstrap_external>", line 954, in get_data
OSError: [Errno 11] Resource deadlock avoided
Traceback (most recent call last):
  File "<frozen runpy>", line 198, in _run_module_as_main
  File "<frozen runpy>", line 88, in _run_code
  File "/Users/wondokyeong/Desktop/Penny_Stock/src/penny_stock_radar/__main__.py", line 1, in <module>
    from .cli import app
  File "/Users/wondokyeong/Desktop/Penny_Stock/src/penny_stock_radar/cli.py", line 11, in <module>
    from .ai_supervisor import AISupervisor, build_gemini_reviewer
  File "/Users/wondokyeong/Desktop/Penny_Stock/src/penny_stock_radar/ai_supervisor.py", line 18, in <module>
    from .services.market_activity import MarketActivityScanner
  File "/Users/wondokyeong/Desktop/Penny_Stock/src/penny_stock_radar/services/market_activity.py", line 21, in <module>
    from ..providers.live_market import LiveMover, LiveSnapshot, build_live_market_provider
  File "/Users/wondokyeong/Desktop/Penny_Stock/src/penny_stock_radar/providers/live_market.py", line 8, in <module>
    import pandas as pd
  File "/Users/wondokyeong/Desktop/Penny_Stock/.venv/lib/python3.14/site-packages/pandas/__init__.py", line 121, in <module>
  File "/Users/wondokyeong/Desktop/Penny_Stock/.venv/lib/python3.14/site-packages/pandas/core/reshape/api.py", line 21, in <module>
  File "<frozen importlib._bootstrap>", line 1371, in _find_and_load
  File "<frozen importlib._bootstrap>", line 1342, in _find_and_load_unlocked
  File "<frozen importlib._bootstrap>", line 938, in _load_unlocked
  File "<frozen importlib._bootstrap_external>", line 758, in exec_module
  File "<frozen importlib._bootstrap_external>", line 895, in get_code
  File "<frozen importlib._bootstrap_external>", line 954, in get_data
OSError: [Errno 11] Resource deadlock avoided
Traceback (most recent call last):
  File "<frozen runpy>", line 198, in _run_module_as_main
  File "<frozen runpy>", line 88, in _run_code
  File "/Users/wondokyeong/Desktop/Penny_Stock/src/penny_stock_radar/__main__.py", line 1, in <module>
    from .cli import app
  File "/Users/wondokyeong/Desktop/Penny_Stock/src/penny_stock_radar/cli.py", line 11, in <module>
    from .ai_supervisor import AISupervisor, build_gemini_reviewer
  File "/Users/wondokyeong/Desktop/Penny_Stock/src/penny_stock_radar/ai_supervisor.py", line 18, in <module>
    from .services.market_activity import MarketActivityScanner
  File "/Users/wondokyeong/Desktop/Penny_Stock/src/penny_stock_radar/services/market_activity.py", line 21, in <module>
    from ..providers.live_market import LiveMover, LiveSnapshot, build_live_market_provider
  File "/Users/wondokyeong/Desktop/Penny_Stock/src/penny_stock_radar/providers/live_market.py", line 8, in <module>
    import pandas as pd
  File "/Users/wondokyeong/Desktop/Penny_Stock/.venv/lib/python3.14/site-packages/pandas/__init__.py", line 138, in <module>
  File "/Users/wondokyeong/Desktop/Penny_Stock/.venv/lib/python3.14/site-packages/pandas/api/__init__.py", line 2, in <module>
  File "/Users/wondokyeong/Desktop/Penny_Stock/.venv/lib/python3.14/site-packages/pandas/api/interchange/__init__.py", line 6, in <module>
  File "<frozen importlib._bootstrap>", line 1371, in _find_and_load
  File "<frozen importlib._bootstrap>", line 1342, in _find_and_load_unlocked
  File "<frozen importlib._bootstrap>", line 938, in _load_unlocked
  File "<frozen importlib._bootstrap_external>", line 758, in exec_module
  File "<frozen importlib._bootstrap_external>", line 895, in get_code
  File "<frozen importlib._bootstrap_external>", line 954, in get_data
OSError: [Errno 11] Resource deadlock avoided
Traceback (most recent call last):
  File "<frozen runpy>", line 198, in _run_module_as_main
  File "<frozen runpy>", line 88, in _run_code
  File "/Users/wondokyeong/Desktop/Penny_Stock/src/penny_stock_radar/__main__.py", line 1, in <module>
    from .cli import app
  File "/Users/wondokyeong/Desktop/Penny_Stock/src/penny_stock_radar/cli.py", line 11, in <module>
    from .ai_supervisor import AISupervisor, build_gemini_reviewer
  File "/Users/wondokyeong/Desktop/Penny_Stock/src/penny_stock_radar/ai_supervisor.py", line 18, in <module>
    from .services.market_activity import MarketActivityScanner
  File "/Users/wondokyeong/Desktop/Penny_Stock/src/penny_stock_radar/services/market_activity.py", line 21, in <module>
    from ..providers.live_market import LiveMover, LiveSnapshot, build_live_market_provider
  File "/Users/wondokyeong/Desktop/Penny_Stock/src/penny_stock_radar/providers/live_market.py", line 8, in <module>
    import pandas as pd
  File "/Users/wondokyeong/Desktop/Penny_Stock/.venv/lib/python3.14/site-packages/pandas/__init__.py", line 138, in <module>
  File "/Users/wondokyeong/Desktop/Penny_Stock/.venv/lib/python3.14/site-packages/pandas/api/__init__.py", line 2, in <module>
  File "/Users/wondokyeong/Desktop/Penny_Stock/.venv/lib/python3.14/site-packages/pandas/api/typing/__init__.py", line 31, in <module>
  File "/Users/wondokyeong/Desktop/Penny_Stock/.venv/lib/python3.14/site-packages/pandas/io/json/__init__.py", line 1, in <module>
  File "/Users/wondokyeong/Desktop/Penny_Stock/.venv/lib/python3.14/site-packages/pandas/io/json/_json.py", line 67, in <module>
  File "<frozen importlib._bootstrap>", line 1371, in _find_and_load
  File "<frozen importlib._bootstrap>", line 1342, in _find_and_load_unlocked
  File "<frozen importlib._bootstrap>", line 938, in _load_unlocked
  File "<frozen importlib._bootstrap_external>", line 758, in exec_module
  File "<frozen importlib._bootstrap_external>", line 895, in get_code
  File "<frozen importlib._bootstrap_external>", line 954, in get_data
OSError: [Errno 11] Resource deadlock avoided
Traceback (most recent call last):
  File "<frozen runpy>", line 198, in _run_module_as_main
  File "<frozen runpy>", line 88, in _run_code
  File "/Users/wondokyeong/Desktop/Penny_Stock/src/penny_stock_radar/__main__.py", line 1, in <module>
    from .cli import app
  File "/Users/wondokyeong/Desktop/Penny_Stock/src/penny_stock_radar/cli.py", line 11, in <module>
    from .ai_supervisor import AISupervisor, build_gemini_reviewer
  File "/Users/wondokyeong/Desktop/Penny_Stock/src/penny_stock_radar/ai_supervisor.py", line 18, in <module>
    from .services.market_activity import MarketActivityScanner
  File "/Users/wondokyeong/Desktop/Penny_Stock/src/penny_stock_radar/services/market_activity.py", line 21, in <module>
    from ..providers.live_market import LiveMover, LiveSnapshot, build_live_market_provider
  File "/Users/wondokyeong/Desktop/Penny_Stock/src/penny_stock_radar/providers/live_market.py", line 8, in <module>
    import pandas as pd
  File "/Users/wondokyeong/Desktop/Penny_Stock/.venv/lib/python3.14/site-packages/pandas/__init__.py", line 139, in <module>
  File "/Users/wondokyeong/Desktop/Penny_Stock/.venv/lib/python3.14/site-packages/pandas/testing.py", line 6, in <module>
  File "/Users/wondokyeong/Desktop/Penny_Stock/.venv/lib/python3.14/site-packages/pandas/_testing/__init__.py", line 40, in <module>
  File "<frozen importlib._bootstrap>", line 1371, in _find_and_load
  File "<frozen importlib._bootstrap>", line 1342, in _find_and_load_unlocked
  File "<frozen importlib._bootstrap>", line 938, in _load_unlocked
  File "<frozen importlib._bootstrap_external>", line 758, in exec_module
  File "<frozen importlib._bootstrap_external>", line 895, in get_code
  File "<frozen importlib._bootstrap_external>", line 954, in get_data
OSError: [Errno 11] Resource deadlock avoided
Traceback (most recent call last):
  File "<frozen runpy>", line 198, in _run_module_as_main
  File "<frozen runpy>", line 88, in _run_code
  File "/Users/wondokyeong/Desktop/Penny_Stock/src/penny_stock_radar/__main__.py", line 1, in <module>
    from .cli import app
  File "/Users/wondokyeong/Desktop/Penny_Stock/src/penny_stock_radar/cli.py", line 11, in <module>
    from .ai_supervisor import AISupervisor, build_gemini_reviewer
  File "/Users/wondokyeong/Desktop/Penny_Stock/src/penny_stock_radar/ai_supervisor.py", line 18, in <module>
    from .services.market_activity import MarketActivityScanner
  File "/Users/wondokyeong/Desktop/Penny_Stock/src/penny_stock_radar/services/market_activity.py", line 21, in <module>
    from ..providers.live_market import LiveMover, LiveSnapshot, build_live_market_provider
  File "/Users/wondokyeong/Desktop/Penny_Stock/src/penny_stock_radar/providers/live_market.py", line 8, in <module>
    import pandas as pd
  File "/Users/wondokyeong/Desktop/Penny_Stock/.venv/lib/python3.14/site-packages/pandas/__init__.py", line 142, in <module>
  File "/Users/wondokyeong/Desktop/Penny_Stock/.venv/lib/python3.14/site-packages/pandas/io/api.py", line 6, in <module>
  File "/Users/wondokyeong/Desktop/Penny_Stock/.venv/lib/python3.14/site-packages/pandas/io/excel/__init__.py", line 1, in <module>
    from pandas.io.excel._base import (
    ...<3 lines>...
    )
  File "/Users/wondokyeong/Desktop/Penny_Stock/.venv/lib/python3.14/site-packages/pandas/io/excel/_base.py", line 1435, in <module>
  File "/Users/wondokyeong/Desktop/Penny_Stock/.venv/lib/python3.14/site-packages/pandas/io/excel/_base.py", line 1496, in ExcelFile
  File "<frozen importlib._bootstrap>", line 1371, in _find_and_load
  File "<frozen importlib._bootstrap>", line 1342, in _find_and_load_unlocked
  File "<frozen importlib._bootstrap>", line 938, in _load_unlocked
  File "<frozen importlib._bootstrap_external>", line 758, in exec_module
  File "<frozen importlib._bootstrap_external>", line 895, in get_code
  File "<frozen importlib._bootstrap_external>", line 954, in get_data
OSError: [Errno 11] Resource deadlock avoided
Traceback (most recent call last):
  File "<frozen runpy>", line 198, in _run_module_as_main
  File "<frozen runpy>", line 88, in _run_code
  File "/Users/wondokyeong/Desktop/Penny_Stock/src/penny_stock_radar/__main__.py", line 1, in <module>
    from .cli import app
  File "/Users/wondokyeong/Desktop/Penny_Stock/src/penny_stock_radar/cli.py", line 40, in <module>
    from .services.universe_builder import UniverseBuilder
  File "/Users/wondokyeong/Desktop/Penny_Stock/src/penny_stock_radar/services/universe_builder.py", line 9, in <module>
    from ..providers.metadata import YFinanceMetadataProvider
  File "/Users/wondokyeong/Desktop/Penny_Stock/src/penny_stock_radar/providers/metadata.py", line 6, in <module>
    import yfinance as yf
  File "<frozen importlib._bootstrap>", line 1371, in _find_and_load
  File "<frozen importlib._bootstrap>", line 1342, in _find_and_load_unlocked
  File "<frozen importlib._bootstrap>", line 938, in _load_unlocked
  File "<frozen importlib._bootstrap_external>", line 758, in exec_module
  File "<frozen importlib._bootstrap_external>", line 895, in get_code
  File "<frozen importlib._bootstrap_external>", line 954, in get_data
OSError: [Errno 11] Resource deadlock avoided
Traceback (most recent call last):
  File "<frozen runpy>", line 198, in _run_module_as_main
  File "<frozen runpy>", line 88, in _run_code
  File "/Users/wondokyeong/Desktop/Penny_Stock/src/penny_stock_radar/__main__.py", line 1, in <module>
    from .cli import app
  File "/Users/wondokyeong/Desktop/Penny_Stock/src/penny_stock_radar/cli.py", line 40, in <module>
    from .services.universe_builder import UniverseBuilder
  File "/Users/wondokyeong/Desktop/Penny_Stock/src/penny_stock_radar/services/universe_builder.py", line 9, in <module>
    from ..providers.metadata import YFinanceMetadataProvider
  File "/Users/wondokyeong/Desktop/Penny_Stock/src/penny_stock_radar/providers/metadata.py", line 6, in <module>
    import yfinance as yf
  File "/Users/wondokyeong/Desktop/Penny_Stock/.venv/lib/python3.14/site-packages/yfinance/__init__.py", line 23, in <module>
  File "/Users/wondokyeong/Desktop/Penny_Stock/.venv/lib/python3.14/site-packages/yfinance/search.py", line 27, in <module>
  File "/Users/wondokyeong/Desktop/Penny_Stock/.venv/lib/python3.14/site-packages/yfinance/data.py", line 4, in <module>
    from curl_cffi import requests
  File "/Users/wondokyeong/Desktop/Penny_Stock/.venv/lib/python3.14/site-packages/curl_cffi/__init__.py", line 48, in <module>
  File "<frozen importlib._bootstrap>", line 1371, in _find_and_load
  File "<frozen importlib._bootstrap>", line 1342, in _find_and_load_unlocked
  File "<frozen importlib._bootstrap>", line 938, in _load_unlocked
  File "<frozen importlib._bootstrap_external>", line 758, in exec_module
  File "<frozen importlib._bootstrap_external>", line 895, in get_code
  File "<frozen importlib._bootstrap_external>", line 954, in get_data
OSError: [Errno 11] Resource deadlock avoided
Traceback (most recent call last):
  File "<frozen runpy>", line 198, in _run_module_as_main
  File "<frozen runpy>", line 88, in _run_code
  File "/Users/wondokyeong/Desktop/Penny_Stock/src/penny_stock_radar/__main__.py", line 1, in <module>
    from .cli import app
  File "/Users/wondokyeong/Desktop/Penny_Stock/src/penny_stock_radar/cli.py", line 40, in <module>
    from .services.universe_builder import UniverseBuilder
  File "/Users/wondokyeong/Desktop/Penny_Stock/src/penny_stock_radar/services/universe_builder.py", line 9, in <module>
    from ..providers.metadata import YFinanceMetadataProvider
  File "/Users/wondokyeong/Desktop/Penny_Stock/src/penny_stock_radar/providers/metadata.py", line 6, in <module>
    import yfinance as yf
  File "/Users/wondokyeong/Desktop/Penny_Stock/.venv/lib/python3.14/site-packages/yfinance/__init__.py", line 23, in <module>
  File "/Users/wondokyeong/Desktop/Penny_Stock/.venv/lib/python3.14/site-packages/yfinance/search.py", line 27, in <module>
  File "/Users/wondokyeong/Desktop/Penny_Stock/.venv/lib/python3.14/site-packages/yfinance/data.py", line 4, in <module>
    from curl_cffi import requests
  File "/Users/wondokyeong/Desktop/Penny_Stock/.venv/lib/python3.14/site-packages/curl_cffi/__init__.py", line 64, in <module>
  File "/Users/wondokyeong/Desktop/Penny_Stock/.venv/lib/python3.14/site-packages/curl_cffi/requests/__init__.py", line 37, in <module>
    from .headers import Headers, HeaderTypes
  File "<frozen importlib._bootstrap>", line 1371, in _find_and_load
  File "<frozen importlib._bootstrap>", line 1342, in _find_and_load_unlocked
  File "<frozen importlib._bootstrap>", line 938, in _load_unlocked
  File "<frozen importlib._bootstrap_external>", line 758, in exec_module
  File "<frozen importlib._bootstrap_external>", line 895, in get_code
  File "<frozen importlib._bootstrap_external>", line 954, in get_data
OSError: [Errno 11] Resource deadlock avoided
Traceback (most recent call last):
  File "<frozen runpy>", line 198, in _run_module_as_main
  File "<frozen runpy>", line 88, in _run_code
  File "/Users/wondokyeong/Desktop/Penny_Stock/src/penny_stock_radar/__main__.py", line 1, in <module>
    from .cli import app
  File "/Users/wondokyeong/Desktop/Penny_Stock/src/penny_stock_radar/cli.py", line 40, in <module>
    from .services.universe_builder import UniverseBuilder
  File "/Users/wondokyeong/Desktop/Penny_Stock/src/penny_stock_radar/services/universe_builder.py", line 9, in <module>
    from ..providers.metadata import YFinanceMetadataProvider
  File "/Users/wondokyeong/Desktop/Penny_Stock/src/penny_stock_radar/providers/metadata.py", line 6, in <module>
    import yfinance as yf
  File "/Users/wondokyeong/Desktop/Penny_Stock/.venv/lib/python3.14/site-packages/yfinance/__init__.py", line 23, in <module>
  File "/Users/wondokyeong/Desktop/Penny_Stock/.venv/lib/python3.14/site-packages/yfinance/search.py", line 27, in <module>
  File "/Users/wondokyeong/Desktop/Penny_Stock/.venv/lib/python3.14/site-packages/yfinance/data.py", line 6, in <module>
    from bs4 import BeautifulSoup
  File "/Users/wondokyeong/Desktop/Penny_Stock/.venv/lib/python3.14/site-packages/bs4/__init__.py", line 65, in <module>
  File "/Users/wondokyeong/Desktop/Penny_Stock/.venv/lib/python3.14/site-packages/bs4/builder/__init__.py", line 24, in <module>
  File "/Users/wondokyeong/Desktop/Penny_Stock/.venv/lib/python3.14/site-packages/bs4/element.py", line 9, in <module>
  File "/Users/wondokyeong/Desktop/Penny_Stock/.venv/lib/python3.14/site-packages/bs4/css.py", line 28, in <module>
  File "<frozen importlib._bootstrap>", line 1371, in _find_and_load
  File "<frozen importlib._bootstrap>", line 1342, in _find_and_load_unlocked
  File "<frozen importlib._bootstrap>", line 938, in _load_unlocked
  File "<frozen importlib._bootstrap_external>", line 758, in exec_module
  File "<frozen importlib._bootstrap_external>", line 895, in get_code
  File "<frozen importlib._bootstrap_external>", line 954, in get_data
OSError: [Errno 11] Resource deadlock avoided
Traceback (most recent call last):
  File "/Users/wondokyeong/Desktop/Penny_Stock/.venv/lib/python3.14/site-packages/bs4/dammit.py", line 50, in <module>
ModuleNotFoundError: No module named 'cchardet'

During handling of the above exception, another exception occurred:

Traceback (most recent call last):
  File "/Users/wondokyeong/Desktop/Penny_Stock/.venv/lib/python3.14/site-packages/bs4/dammit.py", line 57, in <module>
ModuleNotFoundError: No module named 'chardet'

During handling of the above exception, another exception occurred:

Traceback (most recent call last):
  File "<frozen runpy>", line 198, in _run_module_as_main
  File "<frozen runpy>", line 88, in _run_code
  File "/Users/wondokyeong/Desktop/Penny_Stock/src/penny_stock_radar/__main__.py", line 1, in <module>
    from .cli import app
  File "/Users/wondokyeong/Desktop/Penny_Stock/src/penny_stock_radar/cli.py", line 40, in <module>
    from .services.universe_builder import UniverseBuilder
  File "/Users/wondokyeong/Desktop/Penny_Stock/src/penny_stock_radar/services/universe_builder.py", line 9, in <module>
    from ..providers.metadata import YFinanceMetadataProvider
  File "/Users/wondokyeong/Desktop/Penny_Stock/src/penny_stock_radar/providers/metadata.py", line 6, in <module>
    import yfinance as yf
  File "/Users/wondokyeong/Desktop/Penny_Stock/.venv/lib/python3.14/site-packages/yfinance/__init__.py", line 23, in <module>
  File "/Users/wondokyeong/Desktop/Penny_Stock/.venv/lib/python3.14/site-packages/yfinance/search.py", line 27, in <module>
  File "/Users/wondokyeong/Desktop/Penny_Stock/.venv/lib/python3.14/site-packages/yfinance/data.py", line 6, in <module>
    from bs4 import BeautifulSoup
  File "/Users/wondokyeong/Desktop/Penny_Stock/.venv/lib/python3.14/site-packages/bs4/__init__.py", line 65, in <module>
  File "/Users/wondokyeong/Desktop/Penny_Stock/.venv/lib/python3.14/site-packages/bs4/builder/__init__.py", line 24, in <module>
  File "/Users/wondokyeong/Desktop/Penny_Stock/.venv/lib/python3.14/site-packages/bs4/element.py", line 15, in <module>
  File "/Users/wondokyeong/Desktop/Penny_Stock/.venv/lib/python3.14/site-packages/bs4/formatter.py", line 4, in <module>
  File "/Users/wondokyeong/Desktop/Penny_Stock/.venv/lib/python3.14/site-packages/bs4/dammit.py", line 63, in <module>
  File "/Users/wondokyeong/Desktop/Penny_Stock/.venv/lib/python3.14/site-packages/charset_normalizer/__init__.py", line 26, in <module>
    from .api import from_bytes, from_fp, from_path, is_binary
  File "<frozen importlib._bootstrap>", line 1371, in _find_and_load
  File "<frozen importlib._bootstrap>", line 1342, in _find_and_load_unlocked
  File "<frozen importlib._bootstrap>", line 938, in _load_unlocked
  File "<frozen importlib._bootstrap_external>", line 758, in exec_module
  File "<frozen importlib._bootstrap_external>", line 895, in get_code
  File "<frozen importlib._bootstrap_external>", line 954, in get_data
OSError: [Errno 11] Resource deadlock avoided
Traceback (most recent call last):
  File "<frozen runpy>", line 198, in _run_module_as_main
  File "<frozen runpy>", line 88, in _run_code
  File "/Users/wondokyeong/Desktop/Penny_Stock/src/penny_stock_radar/__main__.py", line 1, in <module>
    from .cli import app
  File "/Users/wondokyeong/Desktop/Penny_Stock/src/penny_stock_radar/cli.py", line 40, in <module>
    from .services.universe_builder import UniverseBuilder
  File "/Users/wondokyeong/Desktop/Penny_Stock/src/penny_stock_radar/services/universe_builder.py", line 9, in <module>
    from ..providers.metadata import YFinanceMetadataProvider
  File "/Users/wondokyeong/Desktop/Penny_Stock/src/penny_stock_radar/providers/metadata.py", line 6, in <module>
    import yfinance as yf
  File "/Users/wondokyeong/Desktop/Penny_Stock/.venv/lib/python3.14/site-packages/yfinance/__init__.py", line 23, in <module>
  File "/Users/wondokyeong/Desktop/Penny_Stock/.venv/lib/python3.14/site-packages/yfinance/search.py", line 27, in <module>
  File "/Users/wondokyeong/Desktop/Penny_Stock/.venv/lib/python3.14/site-packages/yfinance/data.py", line 9, in <module>
    from frozendict import frozendict
  File "/Users/wondokyeong/Desktop/Penny_Stock/.venv/lib/python3.14/site-packages/frozendict/__init__.py", line 14, in <module>
  File "<frozen importlib._bootstrap>", line 1371, in _find_and_load
  File "<frozen importlib._bootstrap>", line 1342, in _find_and_load_unlocked
  File "<frozen importlib._bootstrap>", line 938, in _load_unlocked
  File "<frozen importlib._bootstrap_external>", line 758, in exec_module
  File "<frozen importlib._bootstrap_external>", line 895, in get_code
  File "<frozen importlib._bootstrap_external>", line 954, in get_data
OSError: [Errno 11] Resource deadlock avoided
Traceback (most recent call last):
  File "<frozen runpy>", line 198, in _run_module_as_main
  File "<frozen runpy>", line 88, in _run_code
  File "/Users/wondokyeong/Desktop/Penny_Stock/src/penny_stock_radar/__main__.py", line 1, in <module>
    from .cli import app
  File "/Users/wondokyeong/Desktop/Penny_Stock/src/penny_stock_radar/cli.py", line 40, in <module>
    from .services.universe_builder import UniverseBuilder
  File "/Users/wondokyeong/Desktop/Penny_Stock/src/penny_stock_radar/services/universe_builder.py", line 9, in <module>
    from ..providers.metadata import YFinanceMetadataProvider
  File "/Users/wondokyeong/Desktop/Penny_Stock/src/penny_stock_radar/providers/metadata.py", line 6, in <module>
    import yfinance as yf
  File "/Users/wondokyeong/Desktop/Penny_Stock/.venv/lib/python3.14/site-packages/yfinance/__init__.py", line 25, in <module>
  File "/Users/wondokyeong/Desktop/Penny_Stock/.venv/lib/python3.14/site-packages/yfinance/ticker.py", line 29, in <module>
  File "/Users/wondokyeong/Desktop/Penny_Stock/.venv/lib/python3.14/site-packages/yfinance/base.py", line 38, in <module>
  File "/Users/wondokyeong/Desktop/Penny_Stock/.venv/lib/python3.14/site-packages/yfinance/live.py", line 6, in <module>
  File "/Users/wondokyeong/Desktop/Penny_Stock/.venv/lib/python3.14/site-packages/websockets/sync/client.py", line 10, in <module>
  File "<frozen importlib._bootstrap>", line 1371, in _find_and_load
  File "<frozen importlib._bootstrap>", line 1342, in _find_and_load_unlocked
  File "<frozen importlib._bootstrap>", line 938, in _load_unlocked
  File "<frozen importlib._bootstrap_external>", line 758, in exec_module
  File "<frozen importlib._bootstrap_external>", line 895, in get_code
  File "<frozen importlib._bootstrap_external>", line 954, in get_data
OSError: [Errno 11] Resource deadlock avoided
Traceback (most recent call last):
  File "<frozen runpy>", line 198, in _run_module_as_main
  File "<frozen runpy>", line 88, in _run_code
  File "/Users/wondokyeong/Desktop/Penny_Stock/src/penny_stock_radar/__main__.py", line 1, in <module>
    from .cli import app
  File "/Users/wondokyeong/Desktop/Penny_Stock/src/penny_stock_radar/cli.py", line 40, in <module>
    from .services.universe_builder import UniverseBuilder
  File "/Users/wondokyeong/Desktop/Penny_Stock/src/penny_stock_radar/services/universe_builder.py", line 9, in <module>
    from ..providers.metadata import YFinanceMetadataProvider
  File "/Users/wondokyeong/Desktop/Penny_Stock/src/penny_stock_radar/providers/metadata.py", line 6, in <module>
    import yfinance as yf
  File "/Users/wondokyeong/Desktop/Penny_Stock/.venv/lib/python3.14/site-packages/yfinance/__init__.py", line 25, in <module>
  File "/Users/wondokyeong/Desktop/Penny_Stock/.venv/lib/python3.14/site-packages/yfinance/ticker.py", line 29, in <module>
  File "/Users/wondokyeong/Desktop/Penny_Stock/.venv/lib/python3.14/site-packages/yfinance/base.py", line 38, in <module>
  File "/Users/wondokyeong/Desktop/Penny_Stock/.venv/lib/python3.14/site-packages/yfinance/live.py", line 6, in <module>
  File "/Users/wondokyeong/Desktop/Penny_Stock/.venv/lib/python3.14/site-packages/websockets/sync/client.py", line 22, in <module>
  File "<frozen importlib._bootstrap>", line 1371, in _find_and_load
  File "<frozen importlib._bootstrap>", line 1342, in _find_and_load_unlocked
  File "<frozen importlib._bootstrap>", line 938, in _load_unlocked
  File "<frozen importlib._bootstrap_external>", line 758, in exec_module
  File "<frozen importlib._bootstrap_external>", line 895, in get_code
  File "<frozen importlib._bootstrap_external>", line 954, in get_data
OSError: [Errno 11] Resource deadlock avoided
Traceback (most recent call last):
  File "<frozen runpy>", line 198, in _run_module_as_main
  File "<frozen runpy>", line 88, in _run_code
  File "/Users/wondokyeong/Desktop/Penny_Stock/src/penny_stock_radar/__main__.py", line 1, in <module>
    from .cli import app
  File "/Users/wondokyeong/Desktop/Penny_Stock/src/penny_stock_radar/cli.py", line 40, in <module>
    from .services.universe_builder import UniverseBuilder
  File "/Users/wondokyeong/Desktop/Penny_Stock/src/penny_stock_radar/services/universe_builder.py", line 9, in <module>
    from ..providers.metadata import YFinanceMetadataProvider
  File "/Users/wondokyeong/Desktop/Penny_Stock/src/penny_stock_radar/providers/metadata.py", line 6, in <module>
    import yfinance as yf
  File "/Users/wondokyeong/Desktop/Penny_Stock/.venv/lib/python3.14/site-packages/yfinance/__init__.py", line 25, in <module>
  File "/Users/wondokyeong/Desktop/Penny_Stock/.venv/lib/python3.14/site-packages/yfinance/ticker.py", line 29, in <module>
  File "/Users/wondokyeong/Desktop/Penny_Stock/.venv/lib/python3.14/site-packages/yfinance/base.py", line 38, in <module>
  File "/Users/wondokyeong/Desktop/Penny_Stock/.venv/lib/python3.14/site-packages/yfinance/live.py", line 10, in <module>
  File "/Users/wondokyeong/Desktop/Penny_Stock/.venv/lib/python3.14/site-packages/yfinance/pricing_pb2.py", line 6, in <module>
  File "/Users/wondokyeong/Desktop/Penny_Stock/.venv/lib/python3.14/site-packages/google/protobuf/descriptor_pool.py", line 43, in <module>
  File "<frozen importlib._bootstrap>", line 1371, in _find_and_load
  File "<frozen importlib._bootstrap>", line 1342, in _find_and_load_unlocked
  File "<frozen importlib._bootstrap>", line 938, in _load_unlocked
  File "<frozen importlib._bootstrap_external>", line 758, in exec_module
  File "<frozen importlib._bootstrap_external>", line 895, in get_code
  File "<frozen importlib._bootstrap_external>", line 954, in get_data
OSError: [Errno 11] Resource deadlock avoided
Traceback (most recent call last):
  File "<frozen runpy>", line 198, in _run_module_as_main
  File "<frozen runpy>", line 88, in _run_code
  File "/Users/wondokyeong/Desktop/Penny_Stock/src/penny_stock_radar/__main__.py", line 1, in <module>
    from .cli import app
  File "/Users/wondokyeong/Desktop/Penny_Stock/src/penny_stock_radar/cli.py", line 40, in <module>
    from .services.universe_builder import UniverseBuilder
  File "/Users/wondokyeong/Desktop/Penny_Stock/src/penny_stock_radar/services/universe_builder.py", line 9, in <module>
    from ..providers.metadata import YFinanceMetadataProvider
  File "/Users/wondokyeong/Desktop/Penny_Stock/src/penny_stock_radar/providers/metadata.py", line 6, in <module>
    import yfinance as yf
  File "/Users/wondokyeong/Desktop/Penny_Stock/.venv/lib/python3.14/site-packages/yfinance/__init__.py", line 25, in <module>
  File "/Users/wondokyeong/Desktop/Penny_Stock/.venv/lib/python3.14/site-packages/yfinance/ticker.py", line 29, in <module>
  File "/Users/wondokyeong/Desktop/Penny_Stock/.venv/lib/python3.14/site-packages/yfinance/base.py", line 38, in <module>
  File "/Users/wondokyeong/Desktop/Penny_Stock/.venv/lib/python3.14/site-packages/yfinance/live.py", line 10, in <module>
  File "/Users/wondokyeong/Desktop/Penny_Stock/.venv/lib/python3.14/site-packages/yfinance/pricing_pb2.py", line 8, in <module>
  File "/Users/wondokyeong/Desktop/Penny_Stock/.venv/lib/python3.14/site-packages/google/protobuf/reflection.py", line 29, in <module>
  File "/Users/wondokyeong/Desktop/Penny_Stock/.venv/lib/python3.14/site-packages/google/protobuf/message_factory.py", line 28, in <module>
  File "<frozen importlib._bootstrap>", line 1371, in _find_and_load
  File "<frozen importlib._bootstrap>", line 1342, in _find_and_load_unlocked
  File "<frozen importlib._bootstrap>", line 938, in _load_unlocked
  File "<frozen importlib._bootstrap_external>", line 758, in exec_module
  File "<frozen importlib._bootstrap_external>", line 895, in get_code
  File "<frozen importlib._bootstrap_external>", line 954, in get_data
OSError: [Errno 11] Resource deadlock avoided
Traceback (most recent call last):
  File "<frozen runpy>", line 198, in _run_module_as_main
  File "<frozen runpy>", line 88, in _run_code
  File "/Users/wondokyeong/Desktop/Penny_Stock/src/penny_stock_radar/__main__.py", line 1, in <module>
    from .cli import app
  File "/Users/wondokyeong/Desktop/Penny_Stock/src/penny_stock_radar/cli.py", line 40, in <module>
    from .services.universe_builder import UniverseBuilder
  File "/Users/wondokyeong/Desktop/Penny_Stock/src/penny_stock_radar/services/universe_builder.py", line 9, in <module>
    from ..providers.metadata import YFinanceMetadataProvider
  File "/Users/wondokyeong/Desktop/Penny_Stock/src/penny_stock_radar/providers/metadata.py", line 6, in <module>
    import yfinance as yf
  File "/Users/wondokyeong/Desktop/Penny_Stock/.venv/lib/python3.14/site-packages/yfinance/__init__.py", line 36, in <module>
  File "/Users/wondokyeong/Desktop/Penny_Stock/.venv/lib/python3.14/site-packages/yfinance/screener/__init__.py", line 1, in <module>
  File "<frozen importlib._bootstrap>", line 1371, in _find_and_load
  File "<frozen importlib._bootstrap>", line 1342, in _find_and_load_unlocked
  File "<frozen importlib._bootstrap>", line 938, in _load_unlocked
  File "<frozen importlib._bootstrap_external>", line 758, in exec_module
  File "<frozen importlib._bootstrap_external>", line 895, in get_code
  File "<frozen importlib._bootstrap_external>", line 954, in get_data
OSError: [Errno 11] Resource deadlock avoided
Error in sys.excepthook:
Traceback (most recent call last):
  File "/Users/wondokyeong/Desktop/Penny_Stock/.venv/lib/python3.14/site-packages/typer/main.py", line 80, in except_hook
  File "/Users/wondokyeong/Desktop/Penny_Stock/.venv/lib/python3.14/site-packages/typer/rich_utils.py", line 18, in <module>
  File "/Users/wondokyeong/Desktop/Penny_Stock/.venv/lib/python3.14/site-packages/rich/markdown.py", line 6, in <module>
  File "/Users/wondokyeong/Desktop/Penny_Stock/.venv/lib/python3.14/site-packages/markdown_it/__init__.py", line 6, in <module>
  File "/Users/wondokyeong/Desktop/Penny_Stock/.venv/lib/python3.14/site-packages/markdown_it/main.py", line 7, in <module>
  File "/Users/wondokyeong/Desktop/Penny_Stock/.venv/lib/python3.14/site-packages/markdown_it/helpers/__init__.py", line 4, in <module>
  File "/Users/wondokyeong/Desktop/Penny_Stock/.venv/lib/python3.14/site-packages/markdown_it/helpers/parse_link_destination.py", line 5, in <module>
  File "<frozen importlib._bootstrap>", line 1371, in _find_and_load
  File "<frozen importlib._bootstrap>", line 1342, in _find_and_load_unlocked
  File "<frozen importlib._bootstrap>", line 938, in _load_unlocked
  File "<frozen importlib._bootstrap_external>", line 758, in exec_module
  File "<frozen importlib._bootstrap_external>", line 895, in get_code
  File "<frozen importlib._bootstrap_external>", line 954, in get_data
OSError: [Errno 11] Resource deadlock avoided

Original exception was:
Traceback (most recent call last):
  File "<frozen runpy>", line 198, in _run_module_as_main
  File "<frozen runpy>", line 88, in _run_code
  File "/Users/wondokyeong/Desktop/Penny_Stock/src/penny_stock_radar/__main__.py", line 5, in <module>
    app()
    ~~~^^
  File "/Users/wondokyeong/Desktop/Penny_Stock/.venv/lib/python3.14/site-packages/typer/main.py", line 1152, in __call__
  File "/Users/wondokyeong/Desktop/Penny_Stock/.venv/lib/python3.14/site-packages/typer/main.py", line 1135, in __call__
  File "/Users/wondokyeong/Desktop/Penny_Stock/.venv/lib/python3.14/site-packages/click/core.py", line 1485, in __call__
  File "/Users/wondokyeong/Desktop/Penny_Stock/.venv/lib/python3.14/site-packages/typer/core.py", line 795, in main
  File "/Users/wondokyeong/Desktop/Penny_Stock/.venv/lib/python3.14/site-packages/typer/core.py", line 188, in _main
  File "/Users/wondokyeong/Desktop/Penny_Stock/.venv/lib/python3.14/site-packages/click/core.py", line 1873, in invoke
  File "/Users/wondokyeong/Desktop/Penny_Stock/.venv/lib/python3.14/site-packages/click/core.py", line 1269, in invoke
  File "/Users/wondokyeong/Desktop/Penny_Stock/.venv/lib/python3.14/site-packages/click/core.py", line 824, in invoke
  File "/Users/wondokyeong/Desktop/Penny_Stock/.venv/lib/python3.14/site-packages/typer/main.py", line 1514, in wrapper
  File "/Users/wondokyeong/Desktop/Penny_Stock/src/penny_stock_radar/cli.py", line 778, in paper_trader
    engine = PaperTradingCoordinator(settings)
  File "/Users/wondokyeong/Desktop/Penny_Stock/src/penny_stock_radar/services/paper_trading.py", line 1017, in __init__
    self.primary_engine = PaperTradingEngine(
                          ~~~~~~~~~~~~~~~~~~^
        settings,
        ^^^^^^^^^
    ...<4 lines>...
        strategy_mode="adaptive",
        ^^^^^^^^^^^^^^^^^^^^^^^^^
    )
    ^
  File "/Users/wondokyeong/Desktop/Penny_Stock/src/penny_stock_radar/services/paper_trading.py", line 86, in __init__
    self.advisor = advisor if advisor is not None else build_momentum_advisor(settings)
                                                       ~~~~~~~~~~~~~~~~~~~~~~^^^^^^^^^^
  File "/Users/wondokyeong/Desktop/Penny_Stock/src/penny_stock_radar/services/momentum_advisor.py", line 449, in build_momentum_advisor
    return GeminiMomentumAdvisor(
        api_key=settings.gemini_api_key,
    ...<8 lines>...
        escalation_max_confidence=settings.paper_ai_escalation_max_confidence,
    )
  File "/Users/wondokyeong/Desktop/Penny_Stock/src/penny_stock_radar/services/momentum_advisor.py", line 79, in __init__
    self._client = client or httpx.Client(timeout=20.0)
                             ~~~~~~~~~~~~^^^^^^^^^^^^^^
  File "/Users/wondokyeong/Desktop/Penny_Stock/.venv/lib/python3.14/site-packages/httpx/_client.py", line 688, in __init__
  File "/Users/wondokyeong/Desktop/Penny_Stock/.venv/lib/python3.14/site-packages/httpx/_client.py", line 731, in _init_transport
  File "/Users/wondokyeong/Desktop/Penny_Stock/.venv/lib/python3.14/site-packages/httpx/_transports/default.py", line 150, in __init__
  File "/Users/wondokyeong/Desktop/Penny_Stock/.venv/lib/python3.14/site-packages/httpcore/__init__.py", line 1, in <module>
  File "/Users/wondokyeong/Desktop/Penny_Stock/.venv/lib/python3.14/site-packages/httpcore/_api.py", line 7, in <module>
  File "/Users/wondokyeong/Desktop/Penny_Stock/.venv/lib/python3.14/site-packages/httpcore/_sync/__init__.py", line 1, in <module>
  File "/Users/wondokyeong/Desktop/Penny_Stock/.venv/lib/python3.14/site-packages/httpcore/_sync/connection.py", line 14, in <module>
  File "/Users/wondokyeong/Desktop/Penny_Stock/.venv/lib/python3.14/site-packages/httpcore/_synchronization.py", line 17, in <module>
  File "/Users/wondokyeong/Desktop/Penny_Stock/.venv/lib/python3.14/site-packages/anyio/__init__.py", line 5, in <module>
  File "/Users/wondokyeong/Desktop/Penny_Stock/.venv/lib/python3.14/site-packages/anyio/_core/_eventloop.py", line 12, in <module>
    from ._exceptions import NoEventLoopError
  File "<frozen importlib._bootstrap>", line 1371, in _find_and_load
  File "<frozen importlib._bootstrap>", line 1342, in _find_and_load_unlocked
  File "<frozen importlib._bootstrap>", line 938, in _load_unlocked
  File "<frozen importlib._bootstrap_external>", line 758, in exec_module
  File "<frozen importlib._bootstrap_external>", line 895, in get_code
  File "<frozen importlib._bootstrap_external>", line 954, in get_data
OSError: [Errno 11] Resource deadlock avoided
Error in sys.excepthook:
Traceback (most recent call last):
  File "/Users/wondokyeong/Desktop/Penny_Stock/.venv/lib/python3.14/site-packages/typer/main.py", line 80, in except_hook
  File "/Users/wondokyeong/Desktop/Penny_Stock/.venv/lib/python3.14/site-packages/typer/rich_utils.py", line 18, in <module>
  File "/Users/wondokyeong/Desktop/Penny_Stock/.venv/lib/python3.14/site-packages/rich/markdown.py", line 6, in <module>
  File "/Users/wondokyeong/Desktop/Penny_Stock/.venv/lib/python3.14/site-packages/markdown_it/__init__.py", line 6, in <module>
  File "/Users/wondokyeong/Desktop/Penny_Stock/.venv/lib/python3.14/site-packages/markdown_it/main.py", line 7, in <module>
  File "/Users/wondokyeong/Desktop/Penny_Stock/.venv/lib/python3.14/site-packages/markdown_it/helpers/__init__.py", line 5, in <module>
  File "/Users/wondokyeong/Desktop/Penny_Stock/.venv/lib/python3.14/site-packages/markdown_it/helpers/parse_link_label.py", line 9, in <module>
  File "/Users/wondokyeong/Desktop/Penny_Stock/.venv/lib/python3.14/site-packages/markdown_it/rules_inline/__init__.py", line 21, in <module>
  File "<frozen importlib._bootstrap>", line 1371, in _find_and_load
  File "<frozen importlib._bootstrap>", line 1342, in _find_and_load_unlocked
  File "<frozen importlib._bootstrap>", line 938, in _load_unlocked
  File "<frozen importlib._bootstrap_external>", line 758, in exec_module
  File "<frozen importlib._bootstrap_external>", line 895, in get_code
  File "<frozen importlib._bootstrap_external>", line 954, in get_data
OSError: [Errno 11] Resource deadlock avoided

Original exception was:
Traceback (most recent call last):
  File "<frozen runpy>", line 198, in _run_module_as_main
  File "<frozen runpy>", line 88, in _run_code
  File "/Users/wondokyeong/Desktop/Penny_Stock/src/penny_stock_radar/__main__.py", line 5, in <module>
    app()
    ~~~^^
  File "/Users/wondokyeong/Desktop/Penny_Stock/.venv/lib/python3.14/site-packages/typer/main.py", line 1152, in __call__
  File "/Users/wondokyeong/Desktop/Penny_Stock/.venv/lib/python3.14/site-packages/typer/main.py", line 1135, in __call__
  File "/Users/wondokyeong/Desktop/Penny_Stock/.venv/lib/python3.14/site-packages/click/core.py", line 1485, in __call__
  File "/Users/wondokyeong/Desktop/Penny_Stock/.venv/lib/python3.14/site-packages/typer/core.py", line 795, in main
  File "/Users/wondokyeong/Desktop/Penny_Stock/.venv/lib/python3.14/site-packages/typer/core.py", line 188, in _main
  File "/Users/wondokyeong/Desktop/Penny_Stock/.venv/lib/python3.14/site-packages/click/core.py", line 1873, in invoke
  File "/Users/wondokyeong/Desktop/Penny_Stock/.venv/lib/python3.14/site-packages/click/core.py", line 1269, in invoke
  File "/Users/wondokyeong/Desktop/Penny_Stock/.venv/lib/python3.14/site-packages/click/core.py", line 824, in invoke
  File "/Users/wondokyeong/Desktop/Penny_Stock/.venv/lib/python3.14/site-packages/typer/main.py", line 1514, in wrapper
  File "/Users/wondokyeong/Desktop/Penny_Stock/src/penny_stock_radar/cli.py", line 778, in paper_trader
    engine = PaperTradingCoordinator(settings)
  File "/Users/wondokyeong/Desktop/Penny_Stock/src/penny_stock_radar/services/paper_trading.py", line 1017, in __init__
    self.primary_engine = PaperTradingEngine(
                          ~~~~~~~~~~~~~~~~~~^
        settings,
        ^^^^^^^^^
    ...<4 lines>...
        strategy_mode="adaptive",
        ^^^^^^^^^^^^^^^^^^^^^^^^^
    )
    ^
  File "/Users/wondokyeong/Desktop/Penny_Stock/src/penny_stock_radar/services/paper_trading.py", line 86, in __init__
    self.advisor = advisor if advisor is not None else build_momentum_advisor(settings)
                                                       ~~~~~~~~~~~~~~~~~~~~~~^^^^^^^^^^
  File "/Users/wondokyeong/Desktop/Penny_Stock/src/penny_stock_radar/services/momentum_advisor.py", line 449, in build_momentum_advisor
    return GeminiMomentumAdvisor(
        api_key=settings.gemini_api_key,
    ...<8 lines>...
        escalation_max_confidence=settings.paper_ai_escalation_max_confidence,
    )
  File "/Users/wondokyeong/Desktop/Penny_Stock/src/penny_stock_radar/services/momentum_advisor.py", line 79, in __init__
    self._client = client or httpx.Client(timeout=20.0)
                             ~~~~~~~~~~~~^^^^^^^^^^^^^^
  File "/Users/wondokyeong/Desktop/Penny_Stock/.venv/lib/python3.14/site-packages/httpx/_client.py", line 688, in __init__
  File "/Users/wondokyeong/Desktop/Penny_Stock/.venv/lib/python3.14/site-packages/httpx/_client.py", line 731, in _init_transport
  File "/Users/wondokyeong/Desktop/Penny_Stock/.venv/lib/python3.14/site-packages/httpx/_transports/default.py", line 150, in __init__
  File "/Users/wondokyeong/Desktop/Penny_Stock/.venv/lib/python3.14/site-packages/httpcore/__init__.py", line 1, in <module>
  File "/Users/wondokyeong/Desktop/Penny_Stock/.venv/lib/python3.14/site-packages/httpcore/_api.py", line 7, in <module>
  File "/Users/wondokyeong/Desktop/Penny_Stock/.venv/lib/python3.14/site-packages/httpcore/_sync/__init__.py", line 1, in <module>
  File "/Users/wondokyeong/Desktop/Penny_Stock/.venv/lib/python3.14/site-packages/httpcore/_sync/connection.py", line 14, in <module>
  File "/Users/wondokyeong/Desktop/Penny_Stock/.venv/lib/python3.14/site-packages/httpcore/_synchronization.py", line 17, in <module>
  File "/Users/wondokyeong/Desktop/Penny_Stock/.venv/lib/python3.14/site-packages/anyio/__init__.py", line 26, in <module>
  File "/Users/wondokyeong/Desktop/Penny_Stock/.venv/lib/python3.14/site-packages/anyio/_core/_fileio.py", line 27, in <module>
  File "/Users/wondokyeong/Desktop/Penny_Stock/.venv/lib/python3.14/site-packages/anyio/to_thread.py", line 14, in <module>
  File "/Users/wondokyeong/Desktop/Penny_Stock/.venv/lib/python3.14/site-packages/anyio/abc/__init__.py", line 36, in <module>
  File "<frozen importlib._bootstrap>", line 1371, in _find_and_load
  File "<frozen importlib._bootstrap>", line 1342, in _find_and_load_unlocked
  File "<frozen importlib._bootstrap>", line 938, in _load_unlocked
  File "<frozen importlib._bootstrap_external>", line 758, in exec_module
  File "<frozen importlib._bootstrap_external>", line 895, in get_code
  File "<frozen importlib._bootstrap_external>", line 954, in get_data
OSError: [Errno 11] Resource deadlock avoided
Error in sys.excepthook:
Traceback (most recent call last):
  File "/Users/wondokyeong/Desktop/Penny_Stock/.venv/lib/python3.14/site-packages/typer/main.py", line 80, in except_hook
  File "/Users/wondokyeong/Desktop/Penny_Stock/.venv/lib/python3.14/site-packages/typer/rich_utils.py", line 18, in <module>
  File "/Users/wondokyeong/Desktop/Penny_Stock/.venv/lib/python3.14/site-packages/rich/markdown.py", line 6, in <module>
  File "/Users/wondokyeong/Desktop/Penny_Stock/.venv/lib/python3.14/site-packages/markdown_it/__init__.py", line 6, in <module>
  File "/Users/wondokyeong/Desktop/Penny_Stock/.venv/lib/python3.14/site-packages/markdown_it/main.py", line 7, in <module>
  File "/Users/wondokyeong/Desktop/Penny_Stock/.venv/lib/python3.14/site-packages/markdown_it/helpers/__init__.py", line 5, in <module>
  File "/Users/wondokyeong/Desktop/Penny_Stock/.venv/lib/python3.14/site-packages/markdown_it/helpers/parse_link_label.py", line 9, in <module>
  File "/Users/wondokyeong/Desktop/Penny_Stock/.venv/lib/python3.14/site-packages/markdown_it/rules_inline/__init__.py", line 31, in <module>
  File "<frozen importlib._bootstrap>", line 1371, in _find_and_load
  File "<frozen importlib._bootstrap>", line 1342, in _find_and_load_unlocked
  File "<frozen importlib._bootstrap>", line 938, in _load_unlocked
  File "<frozen importlib._bootstrap_external>", line 758, in exec_module
  File "<frozen importlib._bootstrap_external>", line 895, in get_code
  File "<frozen importlib._bootstrap_external>", line 954, in get_data
OSError: [Errno 11] Resource deadlock avoided

Original exception was:
Traceback (most recent call last):
  File "<frozen runpy>", line 198, in _run_module_as_main
  File "<frozen runpy>", line 88, in _run_code
  File "/Users/wondokyeong/Desktop/Penny_Stock/src/penny_stock_radar/__main__.py", line 5, in <module>
    app()
    ~~~^^
  File "/Users/wondokyeong/Desktop/Penny_Stock/.venv/lib/python3.14/site-packages/typer/main.py", line 1152, in __call__
  File "/Users/wondokyeong/Desktop/Penny_Stock/.venv/lib/python3.14/site-packages/typer/main.py", line 1135, in __call__
  File "/Users/wondokyeong/Desktop/Penny_Stock/.venv/lib/python3.14/site-packages/click/core.py", line 1485, in __call__
  File "/Users/wondokyeong/Desktop/Penny_Stock/.venv/lib/python3.14/site-packages/typer/core.py", line 795, in main
  File "/Users/wondokyeong/Desktop/Penny_Stock/.venv/lib/python3.14/site-packages/typer/core.py", line 188, in _main
  File "/Users/wondokyeong/Desktop/Penny_Stock/.venv/lib/python3.14/site-packages/click/core.py", line 1873, in invoke
  File "/Users/wondokyeong/Desktop/Penny_Stock/.venv/lib/python3.14/site-packages/click/core.py", line 1269, in invoke
  File "/Users/wondokyeong/Desktop/Penny_Stock/.venv/lib/python3.14/site-packages/click/core.py", line 824, in invoke
  File "/Users/wondokyeong/Desktop/Penny_Stock/.venv/lib/python3.14/site-packages/typer/main.py", line 1514, in wrapper
  File "/Users/wondokyeong/Desktop/Penny_Stock/src/penny_stock_radar/cli.py", line 778, in paper_trader
    engine = PaperTradingCoordinator(settings)
  File "/Users/wondokyeong/Desktop/Penny_Stock/src/penny_stock_radar/services/paper_trading.py", line 1017, in __init__
    self.primary_engine = PaperTradingEngine(
                          ~~~~~~~~~~~~~~~~~~^
        settings,
        ^^^^^^^^^
    ...<4 lines>...
        strategy_mode="adaptive",
        ^^^^^^^^^^^^^^^^^^^^^^^^^
    )
    ^
  File "/Users/wondokyeong/Desktop/Penny_Stock/src/penny_stock_radar/services/paper_trading.py", line 86, in __init__
    self.advisor = advisor if advisor is not None else build_momentum_advisor(settings)
                                                       ~~~~~~~~~~~~~~~~~~~~~~^^^^^^^^^^
  File "/Users/wondokyeong/Desktop/Penny_Stock/src/penny_stock_radar/services/momentum_advisor.py", line 449, in build_momentum_advisor
    return GeminiMomentumAdvisor(
        api_key=settings.gemini_api_key,
    ...<8 lines>...
        escalation_max_confidence=settings.paper_ai_escalation_max_confidence,
    )
  File "/Users/wondokyeong/Desktop/Penny_Stock/src/penny_stock_radar/services/momentum_advisor.py", line 79, in __init__
    self._client = client or httpx.Client(timeout=20.0)
                             ~~~~~~~~~~~~^^^^^^^^^^^^^^
  File "/Users/wondokyeong/Desktop/Penny_Stock/.venv/lib/python3.14/site-packages/httpx/_client.py", line 688, in __init__
  File "/Users/wondokyeong/Desktop/Penny_Stock/.venv/lib/python3.14/site-packages/httpx/_client.py", line 731, in _init_transport
  File "/Users/wondokyeong/Desktop/Penny_Stock/.venv/lib/python3.14/site-packages/httpx/_transports/default.py", line 150, in __init__
  File "/Users/wondokyeong/Desktop/Penny_Stock/.venv/lib/python3.14/site-packages/httpcore/__init__.py", line 1, in <module>
  File "/Users/wondokyeong/Desktop/Penny_Stock/.venv/lib/python3.14/site-packages/httpcore/_api.py", line 7, in <module>
  File "/Users/wondokyeong/Desktop/Penny_Stock/.venv/lib/python3.14/site-packages/httpcore/_sync/__init__.py", line 1, in <module>
  File "/Users/wondokyeong/Desktop/Penny_Stock/.venv/lib/python3.14/site-packages/httpcore/_sync/connection.py", line 14, in <module>
  File "/Users/wondokyeong/Desktop/Penny_Stock/.venv/lib/python3.14/site-packages/httpcore/_synchronization.py", line 17, in <module>
  File "/Users/wondokyeong/Desktop/Penny_Stock/.venv/lib/python3.14/site-packages/anyio/__init__.py", line 32, in <module>
  File "/Users/wondokyeong/Desktop/Penny_Stock/.venv/lib/python3.14/site-packages/anyio/_core/_sockets.py", line 29, in <module>
    from ..streams.stapled import MultiListener
  File "<frozen importlib._bootstrap>", line 1371, in _find_and_load
  File "<frozen importlib._bootstrap>", line 1342, in _find_and_load_unlocked
  File "<frozen importlib._bootstrap>", line 938, in _load_unlocked
  File "<frozen importlib._bootstrap_external>", line 758, in exec_module
  File "<frozen importlib._bootstrap_external>", line 895, in get_code
  File "<frozen importlib._bootstrap_external>", line 954, in get_data
OSError: [Errno 11] Resource deadlock avoided
/Users/wondokyeong/Desktop/Penny_Stock/src/penny_stock_radar/providers/live_market.py:44: UserWarning: Discarding nonzero nanoseconds in conversion.
  return parsed.to_pydatetime()
